clv_estimate,tenure,MonthlyCharges,contract,churn_probability,predicted_churn,revenue_risk_score,customer_id
29.85,1,29.85,Month-to-month,0.66941935,1,19.982167544960976,C0000
1936.3,34,56.95,One year,0.042159956,0,81.6343227032572,C0001
107.7,2,53.85,Month-to-month,0.339263,0,36.53862425386906,C0002
1903.5,45,42.3,One year,0.0356038,0,67.77183125540614,C0003
141.4,2,70.7,Month-to-month,0.5848,1,82.69072070121766,C0004
797.2,8,99.65,Month-to-month,0.84488755,1,673.5443585634232,C0005
1960.2,22,89.1,Month-to-month,0.41148835,0,806.5994719147683,C0006
297.5,10,29.75,Month-to-month,0.2690487,0,80.04198551177979,C0007
2934.4,28,104.8,Month-to-month,0.6222983,1,1826.0721323013306,C0008
3481.2999999999997,62,56.15,One year,0.033249285,0,115.75073612146079,C0009
649.35,13,49.95,Month-to-month,0.16804631,0,109.12087175175547,C0010
303.2,16,18.95,Two year,0.016456362,0,4.989568915963173,C0011
5820.299999999999,58,100.35,One year,0.30769557,0,1790.8805121481416,C0012
5081.3,49,103.7,Month-to-month,0.501139,1,2546.4375252783298,C0013
2637.5,25,105.5,Month-to-month,0.54541594,1,1438.5345362126827,C0014
7814.25,69,113.25,Two year,0.045409005,0,354.83731837850064,C0015
1073.8,52,20.65,One year,0.01843508,0,19.795588479191064,C0016
7575.7,71,106.7,Two year,0.058420114,0,442.57325929030776,C0017
552.0,10,55.2,Month-to-month,0.1901677,0,104.97256779670715,C0018
1891.05,21,90.05,Month-to-month,0.4212189,0,796.5460043862462,C0019
39.65,1,39.65,Month-to-month,0.8429347,1,33.42236195206642,C0020
237.6,12,19.8,One year,0.04188144,0,9.951029750704764,C0021
20.15,1,20.15,Month-to-month,0.38449177,0,7.747509194910526,C0022
3474.2,58,59.9,Two year,0.023006456,0,79.92902934066952,C0023
2920.4,49,59.6,Month-to-month,0.07263361,0,212.11919223666192,C0024
1659.0,30,55.3,Month-to-month,0.13418844,0,222.61862763762474,C0025
4669.45,47,99.35,Month-to-month,0.53247184,1,2486.3506128042936,C0026
30.2,1,30.2,Month-to-month,0.59626174,1,18.007104539871214,C0027
6498.0,72,90.25,Two year,0.01109928,0,72.12312051840127,C0028
1099.9,17,64.7,Month-to-month,0.2806777,0,308.7174088329077,C0029
6840.849999999999,71,96.35,Two year,0.028328521,0,193.79116409486159,C0030
191.0,2,95.5,Month-to-month,0.7585222,1,144.87774258852005,C0031
1786.0500000000002,27,66.15,One year,0.055066347,0,98.35124927759172,C0032
20.2,1,20.2,Month-to-month,0.35235485,0,7.117568057775498,C0033
45.25,1,45.25,Month-to-month,0.62325007,1,28.20206554234028,C0034
7192.8,72,99.9,Two year,0.02347164,0,168.82681523412467,C0035
348.5,5,69.7,Month-to-month,0.55794626,1,194.44427326321602,C0036
3440.7999999999997,46,74.8,Month-to-month,0.27825308,0,957.4131923675536,C0037
3615.9,34,106.35,Month-to-month,0.52903414,1,1912.934538602829,C0038
1076.35,11,97.85,Month-to-month,0.7645927,1,822.9693603485822,C0039
495.5,10,49.55,One year,0.10142049,0,50.253853753209114,C0040
4844.0,70,69.2,Two year,0.038366053,0,185.84516195952892,C0041
352.75,17,20.75,One year,0.024290238,0,8.568381304852664,C0042
5030.549999999999,63,79.85,Two year,0.028881015,0,145.28739129630847,C0043
990.6,13,76.2,Month-to-month,0.25581744,0,253.41275916695596,C0044
4140.5,49,84.5,Month-to-month,0.5415847,1,2242.4313283860683,C0045
98.5,2,49.25,Month-to-month,0.33658004,0,33.15313374996185,C0046
161.3,2,80.65,Month-to-month,0.7174682,1,115.72762100100518,C0047
4147.0,52,79.75,Two year,0.0223277,0,92.5929745119065,C0048
4426.35,69,64.15,Two year,0.016532525,0,73.17874389365316,C0049
3880.75,43,90.25,Month-to-month,0.4614859,0,1790.911377452314,C0050
1486.5,15,99.1,Month-to-month,0.5680876,1,844.4621844291687,C0051
1737.5,25,69.5,Month-to-month,0.11931364,0,207.30745363980532,C0052
645.2,8,80.65,Month-to-month,0.61735594,1,398.3180542469025,C0053
4491.0,60,74.85,One year,0.07994532,0,359.0344249382615,C0054
1718.1,18,95.45,Month-to-month,0.65481234,1,1125.033074426651,C0055
6277.950000000001,63,99.65,One year,0.14712366,0,923.6350102856757,C0056
7157.7,66,108.45,One year,0.14884824,0,1065.4110160052776,C0057
848.3,34,24.95,Two year,0.01832419,0,15.544411013834178,C0058
7740.0,72,107.5,Two year,0.06733384,0,521.1639203131199,C0059
4723.5,47,100.5,Month-to-month,0.508837,1,2403.4914969205856,C0060
5394.0,60,89.9,Month-to-month,0.22153565,0,1194.963311612606,C0061
3031.2000000000003,72,42.1,Two year,0.01405074,0,42.59060253426433,C0062
979.2,18,54.4,One year,0.09364657,0,91.69872236251831,C0063
849.6,9,94.4,Month-to-month,0.733643,1,623.3030888557435,C0064
225.9,3,75.3,Month-to-month,0.3805457,0,85.96527488529682,C0065
3708.3,47,78.9,One year,0.17366502,0,644.0019821316004,C0066
2455.2000000000003,31,79.2,Two year,0.023832083,0,58.51252956390382,C0067
1007.5,50,20.15,Two year,0.010512332,0,10.591174925211817,C0068
798.5,10,79.85,Month-to-month,0.4660776,0,372.1629603654146,C0069
49.05,1,49.05,Month-to-month,0.31331313,0,15.368008857965469,C0070
1060.8,52,20.4,One year,0.028007748,0,29.710618659853935,C0071
7142.4,64,111.6,Two year,0.05653941,0,403.8270738601684,C0072
1503.5,62,24.25,Two year,0.018310249,0,27.5294591486454,C0073
193.5,3,64.5,Month-to-month,0.22245407,0,43.04486274719238,C0074
6188.0,56,110.5,One year,0.29599497,0,1831.6168571710587,C0075
2559.9,46,55.65,One year,0.1569577,0,401.79601840227843,C0076
437.2,8,54.65,Month-to-month,0.16025914,0,70.06529710888863,C0077
2242.5,30,74.75,Month-to-month,0.19260979,0,431.92744731903076,C0078
1165.5,45,25.9,One year,0.02915355,0,33.97846257593483,C0079
79.35,1,79.35,Month-to-month,0.8327392,1,66.07785348594189,C0080
556.05,11,50.55,Month-to-month,0.3342905,0,185.8822350025177,C0081
526.0500000000001,7,75.15,Month-to-month,0.5472162,1,287.8630699038506,C0082
4359.599999999999,42,103.8,Month-to-month,0.38043383,0,1658.539314973354,C0083
987.35,49,20.15,Two year,0.013266969,0,13.099141388805583,C0084
893.6999999999999,9,99.3,Month-to-month,0.7952415,1,710.7073063015937,C0085
2175.25,35,62.15,One year,0.05312379,0,115.55752587411553,C0086
991.2,48,20.65,Two year,0.010428337,0,10.336568011343479,C0087
917.7,46,19.95,Two year,0.012412646,0,11.391085100267084,C0088
978.75,29,33.75,Month-to-month,0.270929,0,265.1717672869563,C0089
2461.5,30,82.05,Month-to-month,0.26725814,0,657.8559053689241,C0090
74.7,1,74.7,Month-to-month,0.4998938,0,37.34206793010235,C0091
5544.0,66,84.0,Two year,0.021421863,0,118.76280717551708,C0092
7218.25,65,111.05,Month-to-month,0.17800264,0,1284.8675605468452,C0093
7264.8,72,100.9,Two year,0.05721412,0,415.64912837147716,C0094
947.4,12,78.95,Month-to-month,0.60851485,1,576.5069645047188,C0095
4746.349999999999,71,66.85,One year,0.03274398,0,155.41438589151946,C0096
105.25,5,21.05,Month-to-month,0.162211,0,17.07270784676075,C0097
1092.0,52,21.0,Two year,0.012022192,0,13.128233291208744,C0098
2462.5,25,98.5,Month-to-month,0.68698615,1,1691.7033903300762,C0099
20.2,1,20.2,Month-to-month,0.3679651,0,7.432895064353943,C0100
19.45,1,19.45,Month-to-month,0.294857,0,5.73496855944395,C0101
3610.0,38,95.0,One year,0.102502905,0,370.0354864448309,C0102
3006.2999999999997,66,45.55,One year,0.058308046,0,175.29147962518036,C0103
7480.0,68,110.0,Two year,0.05626651,0,420.87348729372025,C0104
121.5,5,24.3,Month-to-month,0.27124298,0,32.95602160692215,C0105
7498.8,72,104.15,One year,0.09418911,0,706.3052787065507,C0106
964.8,32,30.15,One year,0.06876976,0,66.34906486272811,C0107
4057.05,43,94.35,One year,0.24021055,0,974.5462039388717,C0108
1396.8,72,19.4,Two year,0.01086464,0,15.175728669762611,C0109
5321.25,55,96.75,Month-to-month,0.3011362,0,1602.4209811538458,C0110
3013.4,52,57.95,One year,0.04347214,0,130.99894977211952,C0111
3940.95,43,91.65,Month-to-month,0.348188,0,1372.1915491953491,C0112
2830.5,37,76.5,Month-to-month,0.4823088,0,1365.1750725209713,C0113
3494.4,64,54.6,Two year,0.048239365,0,168.5676378250122,C0114
269.54999999999995,3,89.85,Month-to-month,0.37847686,0,102.0184371113777,C0115
1117.8,36,31.05,Two year,0.029386856,0,32.84862725883722,C0116
1002.5,10,100.25,Month-to-month,0.76213926,1,764.0446089208126,C0117
846.65,41,20.65,Two year,0.011101249,0,9.398872189922258,C0118
2300.4,27,85.2,Month-to-month,0.2858454,0,657.5587556362152,C0119
5588.8,56,99.8,One year,0.24033211,0,1343.1681059598923,C0120
124.2,6,20.7,Month-to-month,0.107736975,0,13.380932289361954,C0121
223.2,3,74.4,Month-to-month,0.7351426,1,164.08382577896117,C0122
354.90000000000003,7,50.7,Month-to-month,0.23020095,0,81.69831585288048,C0123
83.4,4,20.85,Month-to-month,0.14210767,0,11.851779305934906,C0124
2935.35,33,88.95,Two year,0.05525615,0,162.19614184834063,C0125
2107.35,27,78.05,Month-to-month,0.50683117,1,1068.0706642627715,C0126
1695.6,72,23.55,Two year,0.017057562,0,28.92280254587531,C0127
19.75,1,19.75,Month-to-month,0.3557828,0,7.0267104357481,C0128
4007.95,71,56.45,One year,0.098543696,0,394.9582068059593,C0129
1117.35,13,85.95,Month-to-month,0.66835177,1,746.7828495919704,C0130
1465.0,25,58.6,Month-to-month,0.2143195,0,313.97806361317635,C0131
3386.85,67,50.55,Two year,0.0268711,0,91.00838526561856,C0132
35.45,1,35.45,Month-to-month,0.7978071,1,28.282261604070666,C0133
88.7,2,44.35,Month-to-month,0.48041835,0,42.61310802400112,C0134
1105.1,43,25.7,Two year,0.020835763,0,23.025601518340405,C0135
1725.0,23,75.0,Month-to-month,0.32503486,0,560.6851279735565,C0136
1292.8,64,20.2,Two year,0.011168216,0,14.438270103931426,C0137
1117.2,57,19.6,Two year,0.014980633,0,16.736362977325918,C0138
70.45,1,70.45,Month-to-month,0.7460318,1,52.55794177353382,C0139
6339.599999999999,72,88.05,Two year,0.015505225,0,98.29692693091928,C0140
569.2,8,71.15,Month-to-month,0.2398252,0,136.50850612521174,C0141
6164.05,61,101.05,Two year,0.053446893,0,329.44931863266976,C0142
5395.2,64,84.3,One year,0.06318666,0,340.9046702384949,C0143
1700.45,71,23.95,Two year,0.015835103,0,26.926800297014417,C0144
6438.25,65,99.05,Two year,0.03992563,0,257.05119465943426,C0145
58.8,3,19.6,One year,0.030767892,0,1.8091520234942435,C0146
45.65,1,45.65,Month-to-month,0.70380586,1,32.12873768508434,C0147
1935.0,30,64.5,One year,0.05894021,0,114.04930528253317,C0148
1042.5,15,69.5,Month-to-month,0.14014408,0,146.10020332038403,C0149
548.4,8,68.55,Month-to-month,0.36675474,0,201.12829967737198,C0150
665.0,7,95.0,Month-to-month,0.7586355,1,504.49262142181396,C0151
7570.5,70,108.15,One year,0.11015337,0,833.9160845987499,C0152
5338.2,62,86.1,Two year,0.038769543,0,206.95957535505295,C0153
118.2,6,19.7,Month-to-month,0.10664427,0,12.605353045463563,C0154
1132.6,14,80.9,Month-to-month,0.5158772,1,584.2825022816658,C0155
1851.3,22,84.15,Month-to-month,0.4567368,0,845.556843495369,C0156
443.2999999999999,22,20.15,One year,0.021340527,0,9.460255459696052,C0157
1028.0,16,64.25,Two year,0.023907257,0,24.576660446822643,C0158
257.0,10,25.7,Two year,0.017388491,0,4.4688421767205,C0159
728.0,13,56.0,Month-to-month,0.25265867,0,183.93550825119019,C0160
1648.0,20,82.4,Month-to-month,0.36379397,0,599.5324611663818,C0161
139.4,2,69.7,Month-to-month,0.54964286,1,76.62021480798721,C0162
3916.7,53,73.9,Two year,0.022757431,0,89.13403192553669,C0163
226.6,11,20.6,One year,0.027602395,0,6.254702716693282,C0164
1373.1,69,19.9,Two year,0.010400866,0,14.281429321970789,C0165
283.6,4,70.9,Month-to-month,0.5512745,1,156.34144208431246,C0166
6411.599999999999,72,89.05,Two year,0.010790979,0,69.18743812479079,C0167
2627.3999999999996,58,45.3,Month-to-month,0.32289767,0,848.381345129013,C0168
326.4,16,20.4,Month-to-month,0.12813686,0,41.82387056350708,C0169
3622.75,43,84.25,One year,0.0719426,0,260.630045555532,C0170
208.8,2,104.4,Month-to-month,0.8438009,1,176.18562841415405,C0171
1147.3,14,81.95,Two year,0.025171446,0,28.879199631698427,C0172
5027.049999999999,53,94.85,One year,0.23355982,0,1174.116878430545,C0173
657.6,32,20.55,One year,0.022806589,0,14.997612637281419,C0174
839.8,34,24.7,Month-to-month,0.093017206,0,78.11584925949573,C0175
1116.75,15,74.45,Month-to-month,0.6216017,1,694.173699349165,C0176
535.15,7,76.45,Month-to-month,0.40764347,0,218.15040146559477,C0177
1580.25,15,105.35,Month-to-month,0.56757057,1,896.9033887088299,C0178
1253.55,61,20.55,One year,0.023983123,0,30.064043562021105,C0179
29.95,1,29.95,Month-to-month,0.54563195,1,16.341676756739616,C0180
45.3,1,45.3,Month-to-month,0.58218396,1,26.372933256626126,C0181
676.0,8,84.5,Month-to-month,0.7233064,1,488.95513820648193,C0182
2466.75,33,74.75,One year,0.07910357,0,195.12872317247093,C0183
1030.25,13,79.25,Month-to-month,0.5634608,1,580.5055168867111,C0184
24.8,1,24.8,Month-to-month,0.6836443,1,16.954378509521487,C0185
1036.0,20,51.8,Month-to-month,0.21474107,0,222.47174447774887,C0186
91.2,3,30.4,Month-to-month,0.4361948,0,39.780966424942015,C0187
255.45,13,19.65,One year,0.03925592,0,10.027924967743456,C0188
2264.0,40,56.6,Month-to-month,0.15610668,0,353.42552495002747,C0189
3091.7000000000003,43,71.9,One year,0.07410487,0,229.1100200109184,C0190
546.0,6,91.0,Month-to-month,0.69134766,1,377.47582161426544,C0191
1362.75,69,19.75,Two year,0.009250992,0,12.606789317680523,C0192
7898.400000000001,72,109.7,Two year,0.023560835,0,186.0928995475173,C0193
1138.7,59,19.3,Two year,0.019805444,0,22.55245954338461,C0194
1931.0,20,96.55,Month-to-month,0.5386229,1,1040.080850303173,C0195
578.4000000000001,24,24.1,Two year,0.03239252,0,18.735833832621577,C0196
6569.65,59,111.35,Month-to-month,0.28528136,0,1874.1986877053976,C0197
8082.0,72,112.25,Two year,0.033114877,0,267.6344326660037,C0198
20.75,1,20.75,Month-to-month,0.37809882,0,7.845550425350666,C0199
2751.3,27,101.9,One year,0.22192785,0,610.5900976628066,C0200
1120.7,14,80.05,Month-to-month,0.42586362,0,477.26536298990254,C0201
7494.05,71,105.55,Two year,0.06180767,0,463.18976710923016,C0202
1017.9,13,78.3,Month-to-month,0.44232392,0,450.2415213346481,C0203
3029.3999999999996,44,68.85,Month-to-month,0.27017963,0,818.4821690797805,C0204
2638.35,33,79.95,One year,0.07637574,0,201.5059277884662,C0205
3992.4,72,55.45,Two year,0.016232558,0,64.80686294138432,C0206
79.9,1,79.9,Month-to-month,0.8406078,1,67.16456497311593,C0207
2025.4,19,106.6,Month-to-month,0.66127783,1,1339.352118098736,C0208
6556.8,64,102.45,One year,0.18290113,0,1199.246123456955,C0209
92.0,2,46.0,Month-to-month,0.50338733,1,46.31163454055786,C0210
25.25,1,25.25,Month-to-month,0.5567309,1,14.057455882430077,C0211
1204.75,61,19.75,Two year,0.011495674,0,13.849413286428899,C0212
580.0,29,20.0,One year,0.02755883,0,15.984121188521385,C0213
1996.4,23,86.8,Month-to-month,0.4829767,0,964.2146935343743,C0214
3348.75,57,58.75,Month-to-month,0.14499931,0,485.566440615803,C0215
3258.0,72,45.25,Two year,0.020184966,0,65.7626185901463,C0216
3735.6,66,56.6,Two year,0.023044547,0,86.0852100200951,C0217
5473.0,65,84.2,Two year,0.036048055,0,197.29100334644318,C0218
640.0,8,80.0,Month-to-month,0.613465,1,392.6176071166992,C0219
280.6,4,70.15,Month-to-month,0.55075175,1,154.54093984365466,C0220
1757.25,71,24.75,Two year,0.011284334,0,19.829395313048735,C0221
20.2,1,20.2,One year,0.06693582,0,1.3521036118268965,C0222
200.2,4,50.05,Month-to-month,0.23479049,0,47.00505591332912,C0223
232.2,12,19.35,One year,0.04149167,0,9.63436546549201,C0224
1214.4,24,50.6,One year,0.07947905,0,96.51936271190644,C0225
2515.65,31,81.15,One year,0.12264533,0,308.5327329911292,C0226
55.2,1,55.2,Month-to-month,0.5970815,1,32.958897829055786,C0227
2697.0,30,89.9,Month-to-month,0.30667523,0,827.1030831634998,C0228
4009.1,47,85.3,Two year,0.019495184,0,78.15814057867973,C0229
5832.0,54,108.0,Two year,0.18266128,0,1065.2805851697922,C0230
4675.0,50,93.5,Month-to-month,0.15642257,0,731.2755163758993,C0231
84.6,1,84.6,Month-to-month,0.7927636,1,67.06779978275299,C0232
1458.0,72,20.25,Two year,0.010884361,0,15.869398836046457,C0233
729.3499999999999,29,25.15,Month-to-month,0.08652755,0,63.108867666497815,C0234
108.8,2,54.4,Month-to-month,0.36299047,0,39.493362998962404,C0235
296.0,10,29.6,Two year,0.042155612,0,12.478061228990555,C0236
1316.7,18,73.15,Month-to-month,0.43529454,0,573.1523191541434,C0237
1045.0,11,95.0,Month-to-month,0.6730638,1,703.3516862988472,C0238
316.0,16,19.75,Two year,0.012457447,0,3.936553291976452,C0239
6235.2,72,86.6,Two year,0.013562156,0,84.56275438964367,C0240
7862.400000000001,72,109.2,Two year,0.053326033,0,419.27060229778294,C0241
3062.7000000000003,41,74.7,One year,0.08998651,0,275.60168593749404,C0242
6136.0,65,94.4,Month-to-month,0.15369849,0,943.0939289331436,C0243
712.4,13,54.8,Month-to-month,0.3124178,0,222.56644442081452,C0244
301.4,4,75.35,Month-to-month,0.3378601,0,101.83103637695312,C0245
2665.0,41,65.0,One year,0.073669456,0,196.32910009473562,C0246
1116.0,15,74.4,Month-to-month,0.5790994,1,646.2749490737915,C0247
48.55,1,48.55,Month-to-month,0.4516087,0,21.92560178488493,C0248
4158.0,42,99.0,One year,0.25626966,0,1065.5692611336708,C0249
4768.5,51,93.5,One year,0.15234172,0,726.4415082335472,C0250
140.8,2,70.4,Month-to-month,0.4901954,0,69.01951141357422,C0251
40.2,1,40.2,Month-to-month,0.7682428,1,30.883359611034397,C0252
2678.4,32,83.7,One year,0.20032151,0,536.5411335468292,C0253
198.5,10,19.85,Month-to-month,0.10963514,0,21.762574698776007,C0254
3989.85,67,59.55,Two year,0.061741985,0,246.34126037098466,C0255
7021.099999999999,61,115.1,Two year,0.053857993,0,378.14235700108105,C0256
5717.5,50,114.35,One year,0.16031778,0,916.6168990731239,C0257
89.2,2,44.6,Month-to-month,0.4824461,0,43.03419250249863,C0258
1305.0,29,45.0,Month-to-month,0.2590579,0,338.0705715715885,C0259
123.45,3,41.15,Month-to-month,0.69921285,1,86.31782622635365,C0260
1389.7,13,106.9,Month-to-month,0.708974,1,985.2611730694771,C0261
5121.45,57,89.85,Month-to-month,0.30323312,0,1552.9932463690639,C0262
1545.35,31,49.85,Two year,0.019992607,0,30.895574786048382,C0263
5098.5,45,113.3,One year,0.12695654,0,647.2879057601094,C0264
5374.099999999999,61,88.1,Two year,0.019259427,0,103.50208525843917,C0265
1245.0,50,24.9,Two year,0.019276664,0,23.999446257948875,C0266
1995.0,19,105.0,Month-to-month,0.63116014,1,1259.1644793748856,C0267
1141.65,59,19.35,Two year,0.024747305,0,28.25276031754911,C0268
1721.75,71,24.25,Two year,0.020656945,0,35.56609537033364,C0269
1511.2,16,94.45,Month-to-month,0.5609769,1,847.7483253002167,C0270
3405.75,57,59.75,Two year,0.029370021,0,100.02694927621633,C0271
24.8,1,24.8,Month-to-month,0.5598256,1,13.88367486000061,C0272
2141.0,20,107.05,Month-to-month,0.5337909,1,1142.8462877869606,C0273
70.6,1,70.6,Month-to-month,0.70898944,1,50.054654562473296,C0274
427.0,5,85.4,Month-to-month,0.7435398,1,317.49149894714355,C0275
5462.599999999999,52,105.05,Month-to-month,0.56159955,1,3067.7937162041662,C0276
1363.95,21,64.95,Month-to-month,0.18467502,0,251.88749756589533,C0277
770.0,14,55.0,Month-to-month,0.4337069,0,333.9543202519417,C0278
252.75,5,50.55,Month-to-month,0.25939155,0,65.56121331453323,C0279
330.9,6,55.15,Month-to-month,0.19990239,0,66.14769935309886,C0280
512.0,10,51.2,Month-to-month,0.28941864,0,148.18234252929688,C0281
25.4,1,25.4,Month-to-month,0.22486532,0,5.711579060554504,C0282
3702.6,68,54.45,Month-to-month,0.06365977,0,235.7066728323698,C0283
1712.7,18,95.15,Month-to-month,0.3760714,0,644.097475630045,C0284
1672.0,22,76.0,One year,0.08718627,0,145.7754425406456,C0285
887.0,20,44.35,Month-to-month,0.256249,0,227.2928723692894,C0286
70.0,1,70.0,Month-to-month,0.7213278,1,50.49294471740723,C0287
596.0,8,74.5,Month-to-month,0.5362197,1,319.5869507789612,C0288
448.5,10,44.85,Month-to-month,0.2517975,0,112.93117752671242,C0289
1826.4,24,76.1,Month-to-month,0.47597688,0,869.3241816043854,C0290
2142.0,35,61.2,One year,0.04817769,0,103.19661051034927,C0291
1996.4,23,86.8,One year,0.054994382,0,109.79078415334226,C0292
536.0999999999999,6,89.35,Month-to-month,0.7315202,1,392.1679663181304,C0293
236.4,12,19.7,Month-to-month,0.099214695,0,23.454353991150857,C0294
20.25,1,20.25,Month-to-month,0.3679651,0,7.45129331946373,C0295
5399.55,71,76.05,Two year,0.06108995,0,329.85824786480515,C0296
3528.0,35,100.8,Month-to-month,0.5900167,1,2081.5789976119995,C0297
2982.0,40,74.55,Month-to-month,0.17477372,0,521.1752416491508,C0298
73.6,1,73.6,Month-to-month,0.6803287,1,50.07219429016113,C0299
1492.7,23,64.9,One year,0.098499805,0,147.03065852820873,C0300
381.8,4,95.45,Month-to-month,0.84736747,1,323.52489832639696,C0301
361.6,4,90.4,Month-to-month,0.6499609,1,235.02585258483887,C0302
4100.4,68,60.3,Two year,0.021697763,0,88.96950885504484,C0303
3110.2999999999997,38,81.85,Month-to-month,0.2800869,0,871.1542998880147,C0304
1289.6,52,24.8,Two year,0.017650532,0,22.762125557661054,C0305
2396.8,32,74.9,Month-to-month,0.5500347,1,1318.3231733322145,C0306
2190.95,29,75.55,Two year,0.020011725,0,43.84468867881223,C0307
3843.7,38,101.15,Month-to-month,0.51318175,1,1972.516677123308,C0308
3780.0,48,78.75,One year,0.09161662,0,346.3108353316784,C0309
19.25,1,19.25,Month-to-month,0.31214416,0,6.0087750852108,C0310
1959.1,22,89.05,Month-to-month,0.3771392,0,738.853427684307,C0311
4947.15,43,115.05,Two year,0.10829533,0,535.7532364424318,C0312
346.75,5,69.35,Month-to-month,0.54142404,1,187.73878449201584,C0313
403.0,5,80.6,Month-to-month,0.70824,1,285.42070895433426,C0314
5612.55,51,110.05,One year,0.19649611,0,1102.8442653872073,C0315
1412.9,71,19.9,Two year,0.01119236,0,15.813685389701279,C0316
3051.4,38,80.3,One year,0.17255118,0,526.5226855814457,C0317
2235.6000000000004,24,93.15,Month-to-month,0.5431773,1,1214.3271867513658,C0318
3202.5,35,91.5,Month-to-month,0.27190077,0,870.7622256875038,C0319
4452.3,54,82.45,One year,0.16292684,0,725.3991599455476,C0320
4320.0,72,60.0,Two year,0.06315689,0,272.83775568008423,C0321
44.8,1,44.8,Month-to-month,0.64602834,1,28.94206962585449,C0322
437.4,9,48.6,One year,0.10116647,0,44.25021478235721,C0323
4143.45,69,60.05,Two year,0.018205661,0,75.4342474238947,C0324
5340.400000000001,52,102.7,Month-to-month,0.38433734,0,2052.515108239651,C0325
911.9,11,82.9,Month-to-month,0.6181866,1,563.7243542075157,C0326
140.7,2,70.35,Month-to-month,0.5463784,1,76.87543723583221,C0327
1005.2,28,35.9,Month-to-month,0.3179672,0,319.6206357121468,C0328
1405.0500000000002,17,82.65,Month-to-month,0.3950521,0,555.0679603949189,C0329
694.75,35,19.85,Two year,0.013544222,0,9.409848470706493,C0330
153.6,8,19.2,One year,0.028412573,0,4.3641712188720705,C0331
4365.400000000001,46,94.9,One year,0.122065805,0,532.8660647049547,C0332
516.9499999999999,7,73.85,Month-to-month,0.74333847,1,384.2688198387622,C0333
161.2,2,80.6,Month-to-month,0.66235447,1,106.7715404510498,C0334
5154.4,68,75.8,One year,0.13153909,0,678.005093061924,C0335
4497.8,43,104.6,Two year,0.36058837,0,1621.8543784737587,C0336
5994.200000000001,68,88.15,Two year,0.028510394,0,170.8970011662692,C0337
3412.7999999999997,36,94.8,Month-to-month,0.32033342,0,1093.2338999748229,C0338
6514.200000000001,63,103.4,Month-to-month,0.47925043,0,3121.933158016205,C0339
1748.8,32,54.65,Month-to-month,0.12968712,0,226.79682767391205,C0340
6088.25,71,85.75,Two year,0.011707528,0,71.27835468528792,C0341
4451.7,66,67.45,Month-to-month,0.08164248,0,363.44782244861125,C0342
1291.5,63,20.5,One year,0.021369645,0,27.598896997980773,C0343
830.25,41,20.25,One year,0.021072056,0,17.495074613951147,C0344
72.1,1,72.1,Month-to-month,0.8158856,1,58.82535200715065,C0345
180.8,2,90.4,Month-to-month,0.75703317,1,136.87159700393678,C0346
1361.5,70,19.45,Two year,0.012210807,0,16.625013501383364,C0347
1033.85,23,44.95,Month-to-month,0.39935645,0,412.874670599401,C0348
6208.0,64,97.0,One year,0.08984601,0,557.7640147209167,C0349
2323.6,37,62.8,Two year,0.022347825,0,51.927405352145435,C0350
758.2,17,44.6,One year,0.08714723,0,66.07502858787775,C0351
624.0500000000001,7,89.15,Month-to-month,0.74462765,1,464.68488782346253,C0352
339.2,4,84.8,Month-to-month,0.77363914,1,262.4183971405029,C0353
879.9,21,41.9,Month-to-month,0.5378764,1,473.27746827006337,C0354
802.5,10,80.25,Month-to-month,0.5938059,1,476.52924209833145,C0355
865.6,16,54.1,Month-to-month,0.33942232,0,293.8039561748505,C0356
6736.0,64,105.25,Two year,0.074215956,0,499.91867983341217,C0357
830.25,27,30.75,Month-to-month,0.21414112,0,177.79066118225455,C0358
4078.2,42,97.1,One year,0.1845254,0,752.5314879119396,C0359
101.0,5,20.2,Month-to-month,0.107384145,0,10.845798671245575,C0360
4050.8,41,98.8,Two year,0.050117232,0,203.01488300263884,C0361
2917.3999999999996,58,50.3,One year,0.063735746,0,185.94266493469473,C0362
965.85,47,20.55,Two year,0.012165311,0,11.74986542905681,C0363
1366.2,18,75.9,Month-to-month,0.30753303,0,420.1516197681427,C0364
482.5,5,96.5,Month-to-month,0.6503171,1,313.7779876589775,C0365
1378.85,23,59.95,Month-to-month,0.14045928,0,193.67228400036691,C0366
19.15,1,19.15,Month-to-month,0.21365151,0,4.091426379978657,C0367
7004.150000000001,71,98.65,One year,0.10404528,0,728.7487431775779,C0368
8107.2,72,112.6,Two year,0.026000198,0,210.7888050377369,C0369
679.8000000000001,33,20.6,One year,0.019213172,0,13.06111410520971,C0370
171.3,2,85.65,Month-to-month,0.83724904,1,143.42076065540314,C0371
858.0,24,35.75,Two year,0.019750126,0,16.945607855916023,C0372
5586.0,56,99.75,One year,0.1936497,0,1081.727192491293,C0373
3555.7,37,96.1,Month-to-month,0.3547346,0,1261.329815763235,C0374
3659.3,43,85.1,One year,0.17262408,0,631.6833009690047,C0375
25.35,1,25.35,Month-to-month,0.6006894,1,15.227476572990419,C0376
2623.75,25,104.95,Month-to-month,0.60086215,1,1576.5120540559292,C0377
5468.650000000001,61,89.65,Two year,0.0393792,0,215.3510720845312,C0378
1474.75,17,86.75,One year,0.14142396,0,208.5649784617126,C0379
3534.2000000000003,41,86.2,One year,0.060193744,0,212.7367284782231,C0380
50.65,1,50.65,Month-to-month,0.50766575,1,25.713270407915115,C0381
4665.599999999999,72,64.8,Two year,0.024230458,0,113.04962410926818,C0382
90.85,1,90.85,Month-to-month,0.8546167,1,77.64192734062671,C0383
5188.799999999999,48,108.1,Two year,0.31418404,0,1630.2381458759305,C0384
219.45,11,19.95,Month-to-month,0.14259507,0,31.292487589269875,C0385
4699.75,55,85.45,Month-to-month,0.32172084,0,1512.007510960102,C0386
2299.5,42,54.75,One year,0.11025757,0,253.53729009255767,C0387
3977.6,44,90.4,Month-to-month,0.33308798,0,1324.8907522201537,C0388
44.0,1,44.0,Month-to-month,0.59194475,1,26.04556918144226,C0389
2581.2,27,95.6,Month-to-month,0.52086085,1,1344.4460281133652,C0390
2289.6,27,84.8,Month-to-month,0.10910212,0,249.80021964311598,C0391
88.6,2,44.3,Month-to-month,0.54033965,1,47.87409287691116,C0392
378.1,19,19.9,Month-to-month,0.088711366,0,33.541767506301404,C0393
3992.1,42,95.05,Month-to-month,0.52647847,1,2101.754697579145,C0394
5943.3,66,90.05,Two year,0.020563042,0,122.21232627835126,C0395
3626.7,33,109.9,Month-to-month,0.21381044,0,775.426336812973,C0396
2514.3,34,73.95,Month-to-month,0.32319015,0,812.5970007956029,C0397
1801.8,33,54.6,Month-to-month,0.17702588,0,318.96523849368094,C0398
461.15,23,20.05,One year,0.019243175,0,8.873990226816385,C0399
632.0,32,19.75,One year,0.023825374,0,15.057636052370071,C0400
220.55,11,20.05,One year,0.027236575,0,6.007026673760265,C0401
6862.05,69,99.45,Month-to-month,0.4079014,0,2799.039845019579,C0402
3801.2,68,55.9,One year,0.031130223,0,118.33220216110348,C0403
394.0,20,19.7,Two year,0.01356243,0,5.343597300350666,C0404
1425.6,72,19.8,Two year,0.012484996,0,17.798609796166417,C0405
5724.0,60,95.4,One year,0.064333245,0,368.243495285511,C0406
3006.4,32,93.95,Month-to-month,0.3804514,0,1143.789122056961,C0407
19.9,1,19.9,Month-to-month,0.44931158,0,8.94130052626133,C0408
19.6,1,19.6,Month-to-month,0.40008882,0,7.841740810871125,C0409
244.05,3,81.35,Month-to-month,0.7820647,1,190.86288424730301,C0410
1124.7,46,24.45,One year,0.03652269,0,41.077069675549865,C0411
2173.55,29,74.95,Month-to-month,0.46226242,0,1004.7504870042205,C0412
4454.849999999999,51,87.35,Month-to-month,0.3048311,0,1357.9767705470322,C0413
3391.2000000000003,48,70.65,Month-to-month,0.32779205,0,1111.6083947181703,C0414
1172.0,16,73.25,Month-to-month,0.30655453,0,359.2819045782089,C0415
6909.0,70,98.7,Two year,0.041329797,0,285.5475699417293,C0416
992.0,40,24.8,Two year,0.020128638,0,19.96760845184326,C0417
1832.6,22,83.3,Month-to-month,0.31207958,0,571.9170358121395,C0418
75.3,1,75.3,Month-to-month,0.76283497,1,57.44147295355796,C0419
121.5,5,24.3,Month-to-month,0.15436344,0,18.75515777617693,C0420
488.94999999999993,7,69.85,Month-to-month,0.5240593,1,256.23879261016845,C0421
2915.95,29,100.55,One year,0.18956807,0,552.7710211738944,C0422
1130.8,44,25.7,One year,0.0252044,0,28.50113506838679,C0423
407.0,10,40.7,Month-to-month,0.1776335,0,72.29683211445808,C0424
2840.75,55,51.65,Month-to-month,0.16499373,0,468.70594749599695,C0425
5465.2,52,105.1,One year,0.43062925,0,2353.474995613098,C0426
859.5,10,85.95,Month-to-month,0.62323123,1,535.6672440469265,C0427
1360.8,18,75.6,Month-to-month,0.37726995,0,513.3889527082443,C0428
3961.0,68,58.25,One year,0.029735094,0,117.78070708177984,C0429
1183.4,61,19.4,Month-to-month,0.16654624,0,197.09082094728947,C0430
4694.400000000001,72,65.2,Two year,0.019301357,0,90.60828911662102,C0431
106.9,2,53.45,Month-to-month,0.30365378,0,32.4605887234211,C0432
544.8,12,45.4,Month-to-month,0.2608137,0,142.09131088256834,C0433
809.75,41,19.75,Two year,0.022116924,0,17.909178969915956,C0434
1155.7,26,44.45,Month-to-month,0.1694448,0,195.8273546934128,C0435
750.6,36,20.85,One year,0.024063008,0,18.061693734303116,C0436
8211.6,72,114.05,Two year,0.02769676,0,227.43471746519208,C0437
3144.75,35,89.85,Month-to-month,0.27880085,0,876.758957773447,C0438
55.05,1,55.05,Month-to-month,0.26668298,0,14.680898183584212,C0439
1807.2,16,112.95,Month-to-month,0.5724894,1,1034.602809047699,C0440
4975.95,49,101.55,Month-to-month,0.42191964,0,2099.4510519593955,C0441
6191.1,54,114.65,One year,0.1459463,0,903.5681012123823,C0442
1166.4,18,64.8,Month-to-month,0.1845737,0,215.28675792217257,C0443
2894.4,36,80.4,Month-to-month,0.38192764,0,1105.4513590335846,C0444
6354.0,60,105.9,Month-to-month,0.4311699,0,2739.65352755785,C0445
69.55,1,69.55,Month-to-month,0.7459377,1,51.87996738553047,C0446
1302.6,52,25.05,Two year,0.021052524,0,27.423018345236777,C0447
758.0,8,94.75,Month-to-month,0.6524313,1,494.5429323911667,C0448
7596.0,72,105.5,Two year,0.036539506,0,277.55408884584904,C0449
1580.8,64,24.7,One year,0.034991592,0,55.314708900451656,C0450
1534.5,22,69.75,Month-to-month,0.15731171,0,241.3948155194521,C0451
3612.0,60,60.2,Month-to-month,0.08332358,0,300.9647818207741,C0452
2269.4,28,81.05,Month-to-month,0.41544157,0,942.8031050086022,C0453
1488.4,61,24.4,Two year,0.017017934,0,25.329493667185307,C0454
2499.6000000000004,24,104.15,Month-to-month,0.66096634,1,1652.1514552831652,C0455
2601.2000000000003,28,92.9,One year,0.06075492,0,158.0357012525201,C0456
2424.0,30,80.8,Two year,0.02294307,0,55.61400206387043,C0457
40.0,2,20.0,Month-to-month,0.15690519,0,6.2762075662612915,C0458
75.1,1,75.1,Month-to-month,0.8258303,1,62.019854086637494,C0459
117.9,6,19.65,Month-to-month,0.09810698,0,11.566812980175019,C0460
1666.8000000000002,24,69.45,Month-to-month,0.18815291,0,313.6132691860199,C0461
404.6,4,101.15,Month-to-month,0.78895396,1,319.2107721924782,C0462
698.6,7,99.8,Month-to-month,0.848372,1,592.6726670265198,C0463
8355.6,72,116.05,Two year,0.038183413,0,319.0453293889761,C0464
2803.5,70,40.05,Two year,0.023007026,0,64.5001972289756,C0465
6534.4,64,102.1,Two year,0.09051041,0,591.4312430381775,C0466
6458.400000000001,72,89.7,One year,0.15714544,0,1014.9081134319306,C0467
875.5999999999999,44,19.9,Two year,0.01069665,0,9.365986347198485,C0468
727.35,13,55.95,Month-to-month,0.31614947,0,229.95131932497026,C0469
351.04999999999995,17,20.65,One year,0.029687533,0,10.421808514092117,C0470
55.0,1,55.0,Month-to-month,0.7008036,1,38.54419678449631,C0471
630.4499999999999,9,70.05,Month-to-month,0.26554242,0,167.4112172797322,C0472
1286.4,24,53.6,Month-to-month,0.078962915,0,101.57789340019227,C0473
74.7,1,74.7,Month-to-month,0.75355166,1,56.290309149026875,C0474
1926.0,24,80.25,Month-to-month,0.48255002,0,929.3913481235504,C0475
2661.75,35,76.05,Month-to-month,0.15432559,0,410.7761379517615,C0476
529.9,7,75.7,Month-to-month,0.2726032,0,144.45244298577308,C0477
480.5,5,96.1,Month-to-month,0.70757544,1,339.98999911546707,C0478
1035.0,15,69.0,Month-to-month,0.33465827,0,346.37130439281464,C0479
216.15,11,19.65,Two year,0.0120876925,0,2.612754735304043,C0480
2174.3999999999996,48,45.3,Month-to-month,0.15151373,0,329.45144476890556,C0481
1629.0,20,81.45,Month-to-month,0.4181898,0,681.2311741411686,C0482
7812.0,72,108.5,One year,0.14892854,0,1163.4297385811806,C0483
668.4,8,83.55,Month-to-month,0.636317,1,425.31429262161254,C0484
6084.0,72,84.5,Two year,0.057362404,0,348.9928642362356,C0485
1502.25,15,100.15,Month-to-month,0.65612257,1,985.6601236760616,C0486
6379.2,72,88.6,Two year,0.014109693,0,90.00855062752962,C0487
0.0,0,52.55,Two year,0.028718907,0,0.0,C0488
74.35,1,74.35,Month-to-month,0.8094171,1,60.180163508653635,C0489
6602.4,63,104.8,Two year,0.08024133,0,529.7853569805621,C0490
118.0,2,59.0,Month-to-month,0.45895073,0,54.15618592500687,C0491
148.8,2,74.4,Month-to-month,0.46350166,0,68.96904730796814,C0492
3907.05,61,64.05,One year,0.05573337,0,217.75306922066957,C0493
20.4,1,20.4,Month-to-month,0.35261345,0,7.1933143615722654,C0494
962.5,22,43.75,One year,0.15496974,0,149.15837179869413,C0495
1705.2,28,60.9,Month-to-month,0.07304052,0,124.54869919717312,C0496
1386.0,70,19.8,Two year,0.009576892,0,13.273571686819196,C0497
142.25,5,28.45,Month-to-month,0.4076793,0,57.99237894266844,C0498
1196.4,12,99.7,Month-to-month,0.6455623,1,772.3507251262665,C0499
3952.5,34,116.25,One year,0.1412393,0,558.2483347132802,C0500
5729.7,71,80.7,Two year,0.03558912,0,203.91498821005226,C0501
4564.0,70,65.2,One year,0.04903003,0,223.77304908633232,C0502
4370.599999999999,52,84.05,Month-to-month,0.17631692,0,770.6107171893119,C0503
5482.05,69,79.45,Two year,0.027582224,0,151.20713359247893,C0504
1882.0,20,94.1,Month-to-month,0.5390239,1,1014.4429349899292,C0505
858.0,11,78.0,Month-to-month,0.48914945,0,419.690229177475,C0506
188.4,2,94.2,Month-to-month,0.6917445,1,130.32466499805452,C0507
483.0,6,80.5,Month-to-month,0.7897405,1,381.4446628689766,C0508
19.85,1,19.85,Month-to-month,0.35656378,0,7.077790968120099,C0509
1886.0,20,94.3,One year,0.16421519,0,309.70985248684883,C0510
6493.45,61,106.45,Month-to-month,0.29540235,0,1918.1803768903017,C0511
371.75,5,74.35,Month-to-month,0.7442981,1,276.69281885027885,C0512
5905.2,56,105.45,Month-to-month,0.31852585,0,1880.958853983879,C0513
2850.0,30,95.0,Month-to-month,0.17705138,0,504.596433788538,C0514
4192.0,40,104.8,Month-to-month,0.44578692,0,1868.738781929016,C0515
1520.4,28,54.3,One year,0.046028323,0,69.98146300613881,C0516
350.25,5,70.05,Month-to-month,0.48155305,0,168.6639550253749,C0517
2030.4,27,75.2,Month-to-month,0.34347874,0,697.3992321968079,C0518
240.6,12,20.05,Month-to-month,0.100425094,0,24.162277704477308,C0519
7061.8,67,105.4,One year,0.1964726,0,1387.4502074033023,C0520
1496.4,29,51.6,Month-to-month,0.25314382,0,378.80440803766254,C0521
4702.5,55,85.5,Month-to-month,0.25850645,0,1215.6265673786402,C0522
1738.8,23,75.6,Month-to-month,0.32792,0,570.1872783064842,C0523
3401.7,34,100.05,Month-to-month,0.56945395,1,1937.111517691612,C0524
4745.0,52,91.25,One year,0.15949537,0,756.8055240064859,C0525
8334.0,72,115.75,Two year,0.035837658,0,298.67103968560696,C0526
5492.6,58,94.7,One year,0.095148385,0,522.612017095089,C0527
686.0,35,19.6,Two year,0.011181162,0,7.670276952907443,C0528
5594.400000000001,56,99.9,Two year,0.08125564,0,454.576536244154,C0529
506.4,24,21.1,Two year,0.013894797,0,7.036325354129076,C0530
1403.5,70,20.05,Two year,0.009959506,0,13.978166489861906,C0531
159.9,2,79.95,Month-to-month,0.7223939,1,115.51077986955643,C0532
7286.200000000001,68,107.15,One year,0.1432967,0,1044.0884424716235,C0533
85.0,1,85.0,Month-to-month,0.9130331,1,77.60781586170197,C0534
1074.6,12,89.55,Month-to-month,0.7447839,1,800.3447556495665,C0535
5137.65,63,81.55,Month-to-month,0.16773053,0,861.7407324649392,C0536
1928.85,33,58.45,One year,0.05437613,0,104.88339653927832,C0537
6599.85,69,95.65,One year,0.15290324,0,1009.1384742490948,C0538
4836.0,60,80.6,Two year,0.030614113,0,148.0498525723815,C0539
8143.2,72,113.1,Two year,0.023415098,0,190.67382576316595,C0540
648.45,11,58.95,Month-to-month,0.2554547,0,165.64959325343372,C0541
19.55,1,19.55,Month-to-month,0.31612,0,6.180145974457264,C0542
860.5,10,86.05,Month-to-month,0.7143753,1,614.7199603617191,C0543
592.15,13,45.55,Month-to-month,0.23248059,0,137.66337874829767,C0544
2684.3,34,78.95,One year,0.15220128,0,408.5538958981633,C0545
3365.7,39,86.3,Month-to-month,0.25664055,0,863.7751108288764,C0546
6828.25,65,105.05,One year,0.17239982,0,1177.189063385129,C0547
5095.0,50,101.9,One year,0.12955399,0,660.0775717943907,C0548
296.25,15,19.75,Month-to-month,0.10956827,0,32.459599412977695,C0549
7941.599999999999,72,110.3,Two year,0.029403329,0,233.50947675704955,C0550
8323.199999999999,72,115.6,Two year,0.03035496,0,252.65040215849874,C0551
1064.25,55,19.35,Two year,0.0194328,0,20.68135728361085,C0552
588.8000000000001,23,25.6,Two year,0.01902485,0,11.201832151412965,C0553
2571.2,32,80.35,Month-to-month,0.35352615,0,908.9864245891571,C0554
3850.0,56,68.75,One year,0.05557919,0,213.97987846285105,C0555
19.9,1,19.9,Month-to-month,0.34270707,0,6.819870647788047,C0556
2682.7999999999997,38,70.6,One year,0.05876267,0,157.64848990440368,C0557
772.2,11,70.2,Month-to-month,0.3926416,0,303.1978465676308,C0558
49.3,1,49.3,Month-to-month,0.42456028,0,20.930821737647054,C0559
6006.0,56,107.25,One year,0.39938563,0,2398.7101002931595,C0560
70.80000000000001,3,23.6,Month-to-month,0.24197353,0,17.131726223230366,C0561
487.9,7,69.7,Month-to-month,0.18645468,0,90.97124010026455,C0562
5870.5,59,99.5,Two year,0.07968908,0,467.8147325925529,C0563
450.1,7,64.3,Month-to-month,0.16319111,0,73.45231856405735,C0564
5030.349999999999,71,70.85,Two year,0.026831592,0,134.97229631124063,C0565
1528.5,15,101.9,One year,0.22802643,0,348.538405559957,C0566
5218.5,71,73.5,Two year,0.02176824,0,113.59756178688258,C0567
3508.75,35,100.25,Month-to-month,0.5237083,1,1837.5614411383867,C0568
444.4,11,40.4,One year,0.08051613,0,35.781368052959444,C0569
1155.0,60,19.25,Two year,0.026732968,0,30.87657823227346,C0570
2801.2000000000003,47,59.6,Two year,0.024418125,0,68.40005155131222,C0571
713.9000000000001,11,64.9,One year,0.106871985,0,76.29591001942755,C0572
5616.8,56,100.3,One year,0.31419823,0,1764.7885943174363,C0573
3103.7999999999997,28,110.85,Month-to-month,0.48217973,0,1496.5894494831562,C0574
4944.05,61,81.05,Two year,0.024760306,0,122.41619029343128,C0575
3039.5499999999997,31,98.05,One year,0.08052755,0,244.7675190772861,C0576
634.5,9,70.5,Month-to-month,0.5058848,1,320.98392221331596,C0577
3309.25,35,94.55,Month-to-month,0.32282898,0,1068.321796439588,C0578
39.3,2,19.65,Month-to-month,0.1632063,0,6.414007361233234,C0579
228.0,12,19.0,Month-to-month,0.06345218,0,14.46709629893303,C0580
75.3,1,75.3,Month-to-month,0.60701424,1,45.70817218422889,C0581
356.8,4,89.2,Month-to-month,0.8442152,1,301.215988445282,C0582
19.0,1,19.0,Month-to-month,0.30503243,0,5.7956162095069885,C0583
60.0,3,20.0,Month-to-month,0.17893095,0,10.73585718870163,C0584
85.7,1,85.7,Month-to-month,0.9110175,1,78.07419782280923,C0585
3289.0,52,63.25,Two year,0.022252236,0,73.18760276213288,C0586
100.5,5,20.1,One year,0.031638235,0,3.179642602801323,C0587
7138.8,72,99.15,Two year,0.039128236,0,279.3286545306444,C0588
6418.400000000001,71,90.4,Two year,0.024251703,0,155.65713164508344,C0589
8056.8,72,111.9,Two year,0.03594514,0,289.60280254483223,C0590
1145.4,46,24.9,One year,0.04740793,0,54.30104170963168,C0591
5260.5,63,83.5,Two year,0.030001128,0,157.82093433011323,C0592
2529.0,30,84.3,Month-to-month,0.27804366,0,703.1724099218845,C0593
45.6,1,45.6,Month-to-month,0.57942307,1,26.421691989898683,C0594
739.8,12,61.65,Month-to-month,0.15862362,0,117.34975471794604,C0595
877.6,16,54.85,Two year,0.03492288,0,30.648318776488306,C0596
262.2,4,65.55,Month-to-month,0.14183705,0,37.18967334330082,C0597
4607.849999999999,51,90.35,One year,0.1480174,0,682.0420063734053,C0598
1326.0,65,20.4,Two year,0.012346528,0,16.371495516970754,C0599
1192.8,16,74.55,Month-to-month,0.34517157,0,411.7206496238708,C0600
39.9,2,19.95,One year,0.032880303,0,1.3119240704923867,C0601
4900.5,66,74.25,One year,0.060978074,0,298.82304980792105,C0602
4997.900000000001,46,108.65,Two year,0.26669443,0,1332.9120743870737,C0603
3505.6,32,109.55,One year,0.18551838,0,650.3532468795776,C0604
6238.8,72,86.65,Two year,0.012722007,0,79.37005726508796,C0605
3078.0,38,81.0,Two year,0.026561009,0,81.75478498265147,C0606
2440.35,51,47.85,One year,0.058313902,0,142.30633188653738,C0607
8247.6,72,114.55,Two year,0.026698228,0,220.19630502015355,C0608
6841.25,65,105.25,Month-to-month,0.4042677,0,2765.696392543614,C0609
269.55,9,29.95,Month-to-month,0.43200192,0,116.4461171463132,C0610
585.0,9,65.0,Month-to-month,0.17132421,0,100.22466190159321,C0611
1356.3,66,20.55,Two year,0.010190569,0,13.82146855071187,C0612
4831.2,44,109.8,One year,0.21142781,0,1021.4500250816345,C0613
3475.0,50,69.5,Two year,0.020474788,0,71.14988761022687,C0614
732.75,15,48.85,Month-to-month,0.22955866,0,168.20910927280784,C0615
202.0,8,25.25,Month-to-month,0.23982984,0,48.445627331733704,C0616
6788.099999999999,66,102.85,One year,0.22977708,0,1559.7498157605528,C0617
4990.349999999999,57,87.55,Month-to-month,0.097075164,0,484.43904625475403,C0618
549.85,7,78.55,Month-to-month,0.6745669,1,370.91062347590923,C0619
345.5,10,34.55,Month-to-month,0.3154555,0,108.98987397551537,C0620
5707.099999999999,62,92.05,One year,0.11893044,0,678.7478951238095,C0621
3402.0,40,85.05,One year,0.3045847,0,1036.1971895098686,C0622
394.0,20,19.7,Two year,0.012075957,0,4.757927022874355,C0623
140.0,7,20.0,Month-to-month,0.1674942,0,23.449186980724335,C0624
2378.75,25,95.15,Month-to-month,0.5388917,1,1281.8885673582554,C0625
1937.75,23,84.25,Month-to-month,0.34802642,0,674.3882043585181,C0626
6903.599999999999,66,104.6,One year,0.18657553,0,1288.0428424358367,C0627
8038.8,72,111.65,Two year,0.045933608,0,369.2510877147317,C0628
4412.45,49,90.05,Month-to-month,0.47675917,0,2103.6759799227116,C0629
4762.25,43,110.75,Month-to-month,0.38447058,0,1830.945029169321,C0630
2530.0,46,55.0,Month-to-month,0.11527318,0,291.6411393880844,C0631
6469.2,72,89.85,Two year,0.014775402,0,95.58503005318343,C0632
203.5,10,20.35,One year,0.028279224,0,5.754822167567909,C0633
2182.0,40,54.55,One year,0.058415975,0,127.46365837007761,C0634
6857.5,65,105.5,Month-to-month,0.4269812,0,2928.023652434349,C0635
3082.9500000000003,31,99.45,Two year,0.044905663,0,138.441912317276,C0636
4821.200000000001,68,70.9,Two year,0.04138432,0,199.52208698838953,C0637
5854.8,56,104.55,One year,0.32369542,0,1895.1719521522523,C0638
852.5,10,85.25,Month-to-month,0.7748915,1,660.5950000882149,C0639
1727.1999999999998,68,25.4,Two year,0.011879947,0,20.519044521450994,C0640
2414.45,43,56.15,Month-to-month,0.3062339,0,739.3864705339074,C0641
89.55,1,89.55,Month-to-month,0.8661667,1,77.56522895693779,C0642
4402.65,49,89.85,One year,0.1531539,0,674.2830016851425,C0643
378.75,15,25.25,Month-to-month,0.15156367,0,57.40474160760641,C0644
1891.0,20,94.55,Month-to-month,0.6555363,1,1239.6191319227219,C0645
45.7,1,45.7,Month-to-month,0.6185874,1,28.269443023204804,C0646
3482.5000000000005,50,69.65,One year,0.06369991,0,221.83493154123428,C0647
179.0,2,89.5,Month-to-month,0.7755655,1,138.826225399971,C0648
1680.0,24,70.0,Month-to-month,0.27864274,0,468.11980962753296,C0649
208.65,3,69.55,Month-to-month,0.5439836,1,113.50217369198799,C0650
74.6,1,74.6,Month-to-month,0.7560659,1,56.40251652002334,C0651
703.5,35,20.1,Two year,0.01178587,0,8.29135983902961,C0652
421.6,17,24.8,Month-to-month,0.09702408,0,40.90535345077515,C0653
157.2,8,19.65,Month-to-month,0.19596104,0,30.80507599711418,C0654
951.0,10,95.1,Month-to-month,0.5809357,1,552.4698665142059,C0655
6041.799999999999,68,88.85,Two year,0.018044077,0,109.01870357245205,C0656
3546.0,45,78.8,One year,0.09192525,0,325.966931194067,C0657
39.7,2,19.85,One year,0.038177565,0,1.5156493201851846,C0658
752.95,37,20.35,Month-to-month,0.09709152,0,73.10505873598159,C0659
97.0,4,24.25,Month-to-month,0.36051628,0,34.97007915377617,C0660
452.5,10,45.25,Month-to-month,0.23108222,0,104.56470269709826,C0661
20.05,1,20.05,Month-to-month,0.37813076,0,7.581521813571453,C0662
4520.75,65,69.55,Two year,0.063026495,0,284.92702852748334,C0663
1111.5,57,19.5,Two year,0.013072679,0,14.530282507650554,C0664
224.25,3,74.75,Month-to-month,0.53520894,1,120.02060490846634,C0665
139.3,2,69.65,Month-to-month,0.5155505,1,71.8161838412285,C0666
1479.8,49,30.2,Month-to-month,0.22539227,0,333.5354768663645,C0667
182.6,4,45.65,Month-to-month,0.30269063,0,55.27130815982819,C0668
4046.0,70,57.8,Two year,0.023292672,0,94.24215046316385,C0669
1052.0500000000002,53,19.85,One year,0.025054425,0,26.35850782245398,C0670
1354.15,53,25.55,Two year,0.01509797,0,20.44491626909003,C0671
75.05,1,75.05,Month-to-month,0.80983657,1,60.778234311938284,C0672
546.7,22,24.85,Month-to-month,0.110948786,0,60.65570138245822,C0673
2555.7999999999997,52,49.15,Month-to-month,0.36397582,0,930.2494082331657,C0674
7172.75,65,110.35,Two year,0.09109639,0,653.4116049297154,C0675
1178.4,48,24.55,One year,0.032561637,0,38.37063358426094,C0676
69.4,2,34.7,Month-to-month,0.77285075,1,53.63584218025208,C0677
323.85,3,107.95,Month-to-month,0.6627415,1,214.62882902920248,C0678
3663.000000000001,45,81.4,Month-to-month,0.2815166,0,1031.1953482031824,C0679
80.0,1,80.0,Month-to-month,0.7999175,1,63.993401527404785,C0680
4501.8,61,73.8,Two year,0.033738706,0,151.88490784540772,C0681
193.2,3,64.4,Month-to-month,0.2014886,0,38.92759736180305,C0682
4150.0,40,103.75,One year,0.3520657,0,1461.0727056860924,C0683
71.1,1,71.1,Month-to-month,0.7233785,1,51.43220989108085,C0684
49.9,1,49.9,Month-to-month,0.46761832,0,23.334153988957404,C0685
1254.6,51,24.6,One year,0.038250323,0,47.988855718821284,C0686
98.5,2,49.25,Month-to-month,0.5206522,1,51.28423923254013,C0687
1565.2,52,30.1,One year,0.09266541,0,145.03990212976933,C0688
4253.400000000001,51,83.4,Month-to-month,0.41309866,0,1757.073853594065,C0689
20.45,1,20.45,Month-to-month,0.3812473,0,7.796507526934146,C0690
2332.75,31,75.25,One year,0.114028275,0,265.9994585365057,C0691
965.85,47,20.55,One year,0.018410783,0,17.78205501269549,C0692
225.3,3,75.1,Month-to-month,0.65825105,1,148.3039609193802,C0693
441.1,22,20.05,One year,0.027269911,0,12.028757751360537,C0694
20.65,1,20.65,Month-to-month,0.46978405,0,9.701040656864642,C0695
6130.8,72,85.15,Two year,0.01433542,0,87.88759282976389,C0696
150.45,3,50.15,Month-to-month,0.44828066,0,67.44382564276457,C0697
3992.65,47,84.95,One year,0.09861158,0,393.72151828035715,C0698
4788.0,72,66.5,Two year,0.026244393,0,125.65815185755491,C0699
4177.8,66,63.3,Two year,0.02352229,0,98.2714209470898,C0700
2910.25,35,83.15,Month-to-month,0.49523574,0,1441.2598156481981,C0701
2462.1000000000004,29,84.9,Month-to-month,0.5773113,1,1421.398096060753,C0702
41.1,2,20.55,Month-to-month,0.21692337,0,8.915550546348095,C0703
197.0,4,49.25,Month-to-month,0.258077,0,50.84116813540459,C0704
1996.25,25,79.85,Month-to-month,0.29043964,0,579.790122397244,C0705
3874.0,65,59.6,Two year,0.020104181,0,77.88359727710485,C0706
2825.55,27,104.65,One year,0.30347183,0,857.4748390540481,C0707
2183.7,29,75.3,Month-to-month,0.29641667,0,647.28508246243,C0708
2322.8999999999996,29,80.1,Month-to-month,0.15107463,0,350.9312650009989,C0709
19.55,1,19.55,Month-to-month,0.32013607,0,6.258660173416138,C0710
1620.0,20,81.0,Month-to-month,0.3054537,0,494.8349744081497,C0711
1432.6,58,24.7,Two year,0.018445786,0,26.42543315067887,C0712
1204.0,14,86.0,Month-to-month,0.44207564,0,532.2590705156326,C0713
1828.8,72,25.4,Two year,0.011351826,0,20.760218784213066,C0714
4100.900000000001,46,89.15,Month-to-month,0.2766123,0,1134.3594286471607,C0715
4135.75,71,58.25,Two year,0.017266735,0,71.4109010733664,C0716
2740.8,32,85.65,Month-to-month,0.4979455,0,1364.768992137909,C0717
1309.1,26,50.35,Month-to-month,0.22470276,0,294.1583838716149,C0718
5463.799999999999,68,80.35,Month-to-month,0.23005944,0,1256.998795068264,C0719
40.4,2,20.2,One year,0.03503735,0,1.4155089363455773,C0720
1253.55,61,20.55,Two year,0.010457331,0,13.108787669520824,C0721
343.8,4,85.95,Month-to-month,0.8217871,1,282.5304114818573,C0722
136.05,3,45.35,Month-to-month,0.51580215,1,70.17488182783127,C0723
3118.5,33,94.5,Month-to-month,0.5427631,1,1692.6067709326744,C0724
191.25,9,21.25,Month-to-month,0.18077438,0,34.57309937104583,C0725
577.5,22,26.25,Two year,0.017408831,0,10.053599928505719,C0726
404.25,5,80.85,Month-to-month,0.65722847,1,265.6846089363098,C0727
2751.0,30,91.7,Month-to-month,0.3397365,0,934.6150879561901,C0728
4823.0,65,74.2,Two year,0.045113433,0,217.58208809420466,C0729
3926.25,45,87.25,Month-to-month,0.40769997,0,1600.7320166006684,C0730
101.75,5,20.35,Month-to-month,0.114982575,0,11.699477024376392,C0731
1887.5,25,75.5,Month-to-month,0.3192595,0,602.6022959500551,C0732
5691.599999999999,72,79.05,Two year,0.02752685,0,156.67181878164408,C0733
2434.05,27,90.15,Month-to-month,0.40725857,0,991.2877227813007,C0734
1619.2,32,50.6,Month-to-month,0.15843692,0,256.5410676956177,C0735
3313.5,30,110.45,One year,0.18842568,0,624.348474226892,C0736
7070.0,70,101.0,Two year,0.046079434,0,325.78160159289837,C0737
3332.7,42,79.35,Month-to-month,0.3596668,0,1198.661526158452,C0738
6469.2,72,89.85,Two year,0.01670287,0,108.05420600250363,C0739
3055.0,47,65.0,Two year,0.02112044,0,64.52294485643506,C0740
160.9,2,80.45,Month-to-month,0.48002973,0,77.23678387701511,C0741
985.5,10,98.55,Month-to-month,0.6514467,1,642.0007229447365,C0742
1470.1,61,24.1,Two year,0.020061774,0,29.492814221046864,C0743
220.25,5,44.05,Month-to-month,0.29253206,0,64.4301854595542,C0744
7977.599999999999,72,110.8,Two year,0.03077629,0,245.5209328830242,C0745
8276.4,72,114.95,Two year,0.029632965,0,245.25427237674592,C0746
225.15,3,75.05,Month-to-month,0.4624138,0,104.11246433258057,C0747
924.0,48,19.25,Two year,0.017451508,0,16.125193364918232,C0748
5673.15,63,90.05,One year,0.067767605,0,384.45578935816883,C0749
1530.9,27,56.7,Month-to-month,0.13615288,0,208.43644154816866,C0750
5610.5,70,80.15,Two year,0.040520005,0,227.33748764917254,C0751
499.44999999999993,7,71.35,Month-to-month,0.17309004,0,86.44982081949709,C0752
0.0,0,20.25,Two year,0.014983913,0,0.0,C0753
180.7,2,90.35,Month-to-month,0.3599839,0,65.04908914864063,C0754
1971.0,20,98.55,Month-to-month,0.74376005,1,1465.951057255268,C0755
1300.2,66,19.7,Two year,0.011457369,0,14.896870824694634,C0756
59.55,3,19.85,Month-to-month,0.16214852,0,9.655944386869669,C0757
1288.5,15,85.9,Month-to-month,0.47462776,0,611.5578726679087,C0758
6505.2,72,90.35,Two year,0.019662911,0,127.91116910800338,C0759
20.8,1,20.8,Month-to-month,0.3882067,0,8.07469916343689,C0760
1963.5,22,89.25,Month-to-month,0.43507472,0,854.2692064493895,C0761
210.9,3,70.3,Month-to-month,0.5659181,1,119.35212475061417,C0762
4813.2,72,66.85,Two year,0.02363815,0,113.77514224871993,C0763
1293.5,65,19.9,Two year,0.011366729,0,14.70286356471479,C0764
393.7999999999999,11,35.8,Month-to-month,0.3320006,0,130.7418414831161,C0765
1734.6999999999998,22,78.85,Month-to-month,0.3561239,0,617.7681197077035,C0766
285.59999999999997,14,20.4,One year,0.032538947,0,9.29312318265438,C0767
3044.25,41,74.25,Month-to-month,0.36487737,0,1110.7779426947236,C0768
1101.6,17,64.8,One year,0.07991385,0,88.03309401869772,C0769
224.95,11,20.45,Month-to-month,0.09799879,0,22.044827910140157,C0770
1400.25,15,93.35,Month-to-month,0.64483064,1,902.9241094440222,C0771
19.9,1,19.9,Month-to-month,0.37695253,0,7.501355326175689,C0772
444.5,5,88.9,Month-to-month,0.59415084,1,264.1000489294529,C0773
3161.4,33,95.8,One year,0.410797,0,1298.693635582924,C0774
7966.8,72,110.65,Two year,0.028757917,0,229.10857127085328,C0775
120.9,3,40.3,Month-to-month,0.3252019,0,39.316909566521645,C0776
164.0,2,82.0,Month-to-month,0.77462965,1,127.03926301002502,C0777
6313.0,59,107.0,One year,0.1475366,0,931.3985911309719,C0778
90.7,2,45.35,Month-to-month,0.52363354,1,47.49356204867363,C0779
5207.849999999999,71,73.35,Two year,0.03249042,0,169.20523945558816,C0780
224.0,5,44.8,Month-to-month,0.27491492,0,61.580942153930664,C0781
1478.25,27,54.75,Month-to-month,0.13915467,0,205.7053948044777,C0782
52.2,1,52.2,Month-to-month,0.5431308,1,28.351428544521333,C0783
2557.8,63,40.6,One year,0.03688968,0,94.35642281323672,C0784
5060.0,46,110.0,One year,0.29113984,0,1473.1675958633423,C0785
3981.6,72,55.3,Two year,0.014395631,0,57.317644064873456,C0786
2068.9,34,60.85,Month-to-month,0.0944443,0,195.3958065889776,C0787
1881.6,24,78.4,One year,0.12778442,0,240.43915729522703,C0788
5014.8,72,69.65,Two year,0.02209463,0,110.8001490443945,C0789
3591.0,60,59.85,Two year,0.020966288,0,75.28993913903832,C0790
5229.200000000001,68,76.9,One year,0.12709434,0,664.6017400085927,C0791
158.8,8,19.85,Two year,0.016511086,0,2.6219605162739756,C0792
2300.1000000000004,34,67.65,Two year,0.021771243,0,50.0760356610641,C0793
270.0,6,45.0,Month-to-month,0.4014178,0,108.38280379772186,C0794
128.4,2,64.2,Month-to-month,0.20784211,0,26.686927127838135,C0795
2532.7000000000003,31,81.7,One year,0.06989223,0,177.01604496836663,C0796
511.0,20,25.55,Month-to-month,0.13251668,0,67.71602457761765,C0797
20.0,1,20.0,Month-to-month,0.3541865,0,7.083730101585388,C0798
5998.5,62,96.75,One year,0.3033835,0,1819.8459210544825,C0799
5295.5,70,75.65,Two year,0.06835252,0,361.96077212691307,C0800
985.0,10,98.5,Month-to-month,0.83776176,1,825.1953333616257,C0801
928.2,39,23.8,Two year,0.023215283,0,21.548425409942865,C0802
2953.2000000000003,46,64.2,Two year,0.024416689,0,72.10736545175314,C0803
512.0999999999999,6,85.35,Month-to-month,0.7415246,1,379.7347359538078,C0804
5529.599999999999,72,76.8,Two year,0.044093404,0,243.8188865661621,C0805
993.6,18,55.2,Month-to-month,0.14823408,0,147.28538610935212,C0806
7707.05,71,108.55,Two year,0.12434845,0,958.3596963457763,C0807
4052.0,40,101.3,Month-to-month,0.604005,1,2447.4281754493713,C0808
69.55,1,69.55,Month-to-month,0.82509774,1,57.38554779589176,C0809
5988.5,58,103.25,One year,0.4222785,0,2528.8147591799498,C0810
7280.0,70,104.0,Two year,0.15072964,0,1097.3117887973785,C0811
1060.5,42,25.25,Two year,0.03273659,0,34.717151859775186,C0812
1033.6,34,30.4,One year,0.07051092,0,72.88008320331573,C0813
100.25,5,20.05,Month-to-month,0.21356979,0,21.410371460020542,C0814
2115.0,25,84.6,Month-to-month,0.43191978,0,913.5103417932987,C0815
172.4,2,86.2,Month-to-month,0.7424168,1,127.99265615940094,C0816
5703.5,55,103.7,One year,0.2700178,0,1540.0465377867222,C0817
2335.2000000000003,21,111.2,Month-to-month,0.5902694,1,1378.3970719814301,C0818
6160.0,70,88.0,Two year,0.021639463,0,133.29908937215805,C0819
6487.349999999999,61,106.35,Month-to-month,0.38510704,0,2498.3241585731503,C0820
3403.4500000000003,43,79.15,Two year,0.025541466,0,86.92910153698176,C0821
4845.7,47,103.1,One year,0.40523127,0,1963.6291515380144,C0822
319.75,5,63.95,Month-to-month,0.21281634,0,68.04802558198571,C0823
1599.6,62,25.8,Two year,0.015470516,0,24.746637292206287,C0824
1431.2,16,89.45,Month-to-month,0.3943222,0,564.3539136171341,C0825
669.1999999999999,7,95.6,Month-to-month,0.8447675,1,565.3184182882309,C0826
357.7,14,25.55,Month-to-month,0.093312584,0,33.377911248058076,C0827
5457.0,60,90.95,One year,0.20659275,0,1127.376656010747,C0828
1524.9,34,44.85,Month-to-month,0.13042362,0,198.88297866135838,C0829
5427.5,50,108.55,One year,0.3546746,0,1924.9964322894812,C0830
951.9,38,25.05,Two year,0.018121317,0,17.24968167990446,C0831
5187.0,70,74.1,One year,0.10578771,0,548.7208484262228,C0832
3285.6,37,88.8,Month-to-month,0.42417642,0,1393.6740611314774,C0833
315.4,4,78.85,Month-to-month,0.66767436,1,210.58449398279188,C0834
5595.0,60,93.25,Month-to-month,0.16214907,0,907.2240561246872,C0835
4426.8,62,71.4,One year,0.04815882,0,213.18946755677462,C0836
44.4,1,44.4,Month-to-month,0.56268483,1,24.983206629753113,C0837
2851.2000000000003,36,79.2,Month-to-month,0.09004282,0,256.73009426593785,C0838
897.5999999999999,44,20.4,Two year,0.011837018,0,10.624907107651232,C0839
5500.0,55,100.0,One year,0.4612303,0,2536.766692996025,C0840
7560.0,72,105.0,Two year,0.057460405,0,434.4006612896919,C0841
237.6,12,19.8,One year,0.0400101,0,9.50639937222004,C0842
401.05,13,30.85,Month-to-month,0.23325102,0,93.54532169625163,C0843
89.9,1,89.9,Month-to-month,0.8661667,1,77.86838730573655,C0844
308.25,15,20.55,One year,0.026598051,0,8.198849279433489,C0845
5515.25,65,84.85,Two year,0.021989185,0,121.2758545735851,C0846
397.7999999999999,12,33.15,One year,0.055885993,0,22.231447993218893,C0847
6624.0,72,92.0,Two year,0.013229991,0,87.63546243309975,C0848
6465.599999999999,72,89.8,Two year,0.012236197,0,79.11435239911079,C0849
8337.6,72,115.8,Two year,0.031623308,0,263.6624895751476,C0850
4427.8,52,85.15,Two year,0.01942268,0,85.99974312186241,C0851
49.7,2,24.85,Month-to-month,0.15643424,0,7.774781626462937,C0852
321.75,5,64.35,Month-to-month,0.29891917,0,96.17724329978228,C0853
1394.0,68,20.5,Two year,0.0098033715,0,13.665899876505136,C0854
6209.3,62,100.15,One year,0.33752614,0,2095.801077228785,C0855
6195.599999999999,72,86.05,Two year,0.012363972,0,76.60222580507397,C0856
50.8,1,50.8,Month-to-month,0.5260107,1,26.721343159675598,C0857
5874.0,66,89.0,One year,0.095857486,0,563.0668735206127,C0858
4665.599999999999,72,64.8,Two year,0.018242385,0,85.11167256832121,C0859
514.8000000000001,26,19.8,One year,0.02015631,0,10.376468836516143,C0860
5977.6,64,93.4,Two year,0.028798994,0,172.14886460304263,C0861
1473.0,20,73.65,Month-to-month,0.43619978,0,642.522282242775,C0862
285.29999999999995,3,95.1,Month-to-month,0.6952416,1,198.35242005586622,C0863
2082.3,22,94.65,Month-to-month,0.5367512,1,1117.677046018839,C0864
322.4,4,80.6,Month-to-month,0.5989876,1,193.11359558105468,C0865
2418.0,62,39.0,Two year,0.021542478,0,52.0897126570344,C0866
102.5,5,20.5,Month-to-month,0.1391829,0,14.266246780753136,C0867
5047.45,59,85.55,One year,0.19407524,0,979.5850786425173,C0868
79.19999999999999,3,26.4,Two year,0.020206766,0,1.6003758832812307,C0869
7070.400000000001,72,98.2,Two year,0.031624835,0,223.60023327469827,C0870
5560.349999999999,57,97.55,One year,0.1830362,0,1017.7452971465884,C0871
1316.7,66,19.95,Two year,0.011523581,0,15.173099247459323,C0872
3048.0,60,50.8,Month-to-month,0.3597302,0,1096.4576919078827,C0873
4486.5,45,99.7,Two year,0.053990413,0,242.2279856968671,C0874
104.4,3,34.8,Month-to-month,0.5378284,1,56.14928348064423,C0875
1576.5,15,105.1,Month-to-month,0.5202124,1,820.1148673295975,C0876
3067.65,51,60.15,One year,0.081800245,0,250.9345208030194,C0877
3885.0,60,64.75,One year,0.04102715,0,159.39048182219267,C0878
1803.45,33,54.65,Month-to-month,0.14717588,0,265.424337695539,C0879
1101.0,10,110.1,Month-to-month,0.5929905,1,652.8825598955154,C0880
501.8,26,19.3,One year,0.02146076,0,10.769009561091663,C0881
503.4,6,83.9,Month-to-month,0.59475,1,299.3971435189247,C0882
7453.75,67,111.25,One year,0.10512781,0,783.5964244604111,C0883
1754.1999999999998,49,35.8,One year,0.039729144,0,69.69286514893173,C0884
20.05,1,20.05,Month-to-month,0.42401356,0,8.50147177875042,C0885
590.4499999999999,7,84.35,Month-to-month,0.70352167,1,415.3943694084882,C0886
2983.5,27,110.5,One year,0.18153834,0,541.6196476221085,C0887
3374.4,37,91.2,One year,0.1773609,0,598.486645245552,C0888
6334.65,63,100.55,Month-to-month,0.2524282,0,1599.0443213358521,C0889
2768.2999999999997,31,89.3,Month-to-month,0.23869747,0,660.7862040817737,C0890
5192.5,50,103.85,Month-to-month,0.5243343,1,2722.605912387371,C0891
2595.2,32,81.1,Month-to-month,0.36406875,0,944.8312110900878,C0892
24.6,1,24.6,Month-to-month,0.56115055,1,13.804303550720215,C0893
5115.6,63,81.2,One year,0.042163298,0,215.6905648648739,C0894
2829.0,30,94.3,Month-to-month,0.34956372,0,988.9157577753067,C0895
8243.1,71,116.1,Two year,0.036347985,0,299.6200773596764,C0896
5594.15,53,105.55,Two year,0.18489717,0,1034.3425005950032,C0897
1186.8000000000002,12,98.9,Month-to-month,0.7071342,1,839.2268533945085,C0898
4720.0,50,94.4,Month-to-month,0.2524439,0,1191.5352535247803,C0899
39.0,2,19.5,Month-to-month,0.16843897,0,6.569119870662689,C0900
884.6999999999999,9,98.3,Month-to-month,0.7251931,1,641.5783207833766,C0901
1595.4499999999998,17,93.85,Month-to-month,0.4412532,0,703.9973944425582,C0902
5913.599999999999,56,105.6,One year,0.29226625,0,1728.3456939697264,C0903
5450.45,67,81.35,Two year,0.0381696,0,208.04149669893084,C0904
904.5,9,100.5,Month-to-month,0.8439117,1,763.3181393444538,C0905
225.6,4,56.4,Month-to-month,0.4196832,0,94.68052725791931,C0906
1241.65,19,65.35,One year,0.13918687,0,172.82138214185835,C0907
159.6,8,19.95,Month-to-month,0.104621,0,16.697511693835256,C0908
7898.75,71,111.25,Two year,0.04701632,0,371.37014881242067,C0909
728.5,10,72.85,Month-to-month,0.54165924,1,394.5987533926964,C0910
1335.0,15,89.0,Month-to-month,0.44065034,0,588.2682090997696,C0911
7639.2,72,106.1,One year,0.08213637,0,627.4561595499515,C0912
240.6,12,20.05,One year,0.028966269,0,6.969284207001328,C0913
1814.4,72,25.2,Two year,0.013936623,0,25.286608770489693,C0914
73.55,1,73.55,Month-to-month,0.82531005,1,60.70155428349972,C0915
1734.2,23,75.4,Month-to-month,0.33507526,0,581.0875145196915,C0916
4719.599999999999,72,65.55,Two year,0.019156415,0,90.41061630696058,C0917
2098.2000000000003,26,80.7,Month-to-month,0.49202374,0,1032.364203375578,C0918
2195.5499999999997,21,104.55,One year,0.2587026,0,567.9945065215229,C0919
1449.0,60,24.15,One year,0.036943864,0,53.53165904805064,C0920
245.4,12,20.45,Month-to-month,0.086600624,0,21.25179313570261,C0921
1206.4,16,75.4,Month-to-month,0.5687377,1,686.1251440048218,C0922
5021.1,63,79.7,One year,0.0823811,0,413.64373851120473,C0923
1797.4,22,81.7,Month-to-month,0.30510885,0,548.4026384234429,C0924
2441.6,32,76.3,Month-to-month,0.111843266,0,273.07651727199556,C0925
238.2,3,79.4,Month-to-month,0.7824472,1,186.3789275407791,C0926
1054.95,13,81.15,Month-to-month,0.55217206,1,582.5139197409153,C0927
7055.0,68,103.75,Two year,0.056768667,0,400.5029453523457,C0928
2593.5,30,86.45,One year,0.16729228,0,433.8725333288312,C0929
1201.6,16,75.1,Month-to-month,0.2824519,0,339.39420046806333,C0930
2659.7999999999997,33,80.6,Two year,0.031648822,0,84.17953709810972,C0931
1389.6,72,19.3,Two year,0.016804002,0,23.350841492414474,C0932
338.4,4,84.6,Month-to-month,0.8462575,1,286.3735406398773,C0933
403.2000000000001,12,33.6,One year,0.06496819,0,26.19517464637757,C0934
333.0,4,83.25,Month-to-month,0.81820244,1,272.46141117811203,C0935
0.0,0,80.85,Two year,0.030054482,0,0.0,C0936
474.2999999999999,6,79.05,Month-to-month,0.6301078,1,298.860139042139,C0937
7023.25,65,108.05,One year,0.1074855,0,754.8975586518645,C0938
298.5,15,19.9,Month-to-month,0.1117368,0,33.35343384370208,C0939
505.2000000000001,24,21.05,One year,0.02590482,0,13.087114745378496,C0940
391.95,13,30.15,Month-to-month,0.34773818,0,136.29597831219434,C0941
1916.4,24,79.85,Month-to-month,0.3639306,0,697.4366263747215,C0942
4716.0,72,65.5,Two year,0.01926544,0,90.85581202805042,C0943
5621.4,54,104.1,Month-to-month,0.37738183,0,2121.4142270743846,C0944
223.2,3,74.4,Month-to-month,0.6217783,1,138.78091864585875,C0945
82.0,4,20.5,Month-to-month,0.12511045,0,10.259056687355042,C0946
2923.2,32,91.35,Month-to-month,0.351645,0,1027.9286430358886,C0947
3466.75,35,99.05,Month-to-month,0.59285283,1,2055.2725514769554,C0948
717.5,35,20.5,Two year,0.010820189,0,7.763485291507095,C0949
89.9,2,44.95,Month-to-month,0.43195826,0,38.83304740786553,C0950
604.8,8,75.6,Month-to-month,0.4052903,0,245.1195768356323,C0951
1212.2,22,55.1,Month-to-month,0.10099626,0,122.42767040282489,C0952
884.25,15,58.95,Month-to-month,0.17891403,0,158.20472698286176,C0953
2092.2,22,95.1,Month-to-month,0.6336288,1,1325.6781452536582,C0954
44.7,1,44.7,Month-to-month,0.5323289,1,23.79510199427605,C0955
1806.95,71,25.45,Two year,0.009991128,0,18.05346873532981,C0956
227.0,4,56.75,Month-to-month,0.25046626,0,56.8558404147625,C0957
2043.75,25,81.75,Month-to-month,0.10723489,0,219.1613018978387,C0958
2755.2,32,86.1,Month-to-month,0.38044578,0,1048.2042085647581,C0959
208.6,7,29.8,Month-to-month,0.2606516,0,54.371921348571775,C0960
348.5,17,20.5,One year,0.02408482,0,8.39355958905071,C0961
487.2,8,60.9,Month-to-month,0.23126386,0,112.67175310850143,C0962
4102.0,56,73.25,Two year,0.024363315,0,99.93831703439355,C0963
45.7,1,45.7,Month-to-month,0.6185874,1,28.269443023204804,C0964
802.4,8,100.3,Month-to-month,0.7018713,1,563.1815117835998,C0965
134.75,7,19.25,Month-to-month,0.13301955,0,17.924384582787752,C0966
62.55,3,20.85,Month-to-month,0.17313221,0,10.829419796168803,C0967
5491.849999999999,71,77.35,Two year,0.014440718,0,79.30625773551873,C0968
192.0,2,96.0,Month-to-month,0.8395806,1,161.1994743347168,C0969
90.55,1,90.55,Month-to-month,0.8197517,1,74.22851461470127,C0970
4598.65,49,93.85,Month-to-month,0.28765133,0,1322.807789774239,C0971
4065.8,58,70.1,Two year,0.020195238,0,82.10979984849692,C0972
1335.4,44,30.35,Month-to-month,0.32408234,0,432.77956320643426,C0973
4481.05,59,75.95,Two year,0.025441824,0,114.00608331663534,C0974
7671.55,71,108.05,Two year,0.18812259,0,1443.1918201468886,C0975
69.9,1,69.9,Month-to-month,0.81910145,1,57.25519155263901,C0976
827.75,11,75.25,Month-to-month,0.50307596,1,416.4211236536503,C0977
6432.5,62,103.75,One year,0.3500087,0,2251.43093906343,C0978
1923.25,35,54.95,One year,0.04721759,0,90.81122779753059,C0979
390.0,20,19.5,Month-to-month,0.15360449,0,59.90575209259987,C0980
784.0,40,19.6,Two year,0.01003397,0,7.866632297635078,C0981
1866.15,39,47.85,One year,0.08680322,0,161.98782939948143,C0982
86.6,1,86.6,Month-to-month,0.90630573,1,78.4860762476921,C0983
1710.0,72,23.75,Two year,0.014890387,0,25.4625612962991,C0984
2659.7999999999997,33,80.6,Month-to-month,0.36581865,0,973.0044440209865,C0985
525.5999999999999,12,43.8,Month-to-month,0.19958258,0,104.90060234069823,C0986
19.75,1,19.75,Month-to-month,0.31345674,0,6.190770693123341,C0987
517.05,27,19.15,Month-to-month,0.049056564,0,25.364696171320972,C0988
666.4000000000001,34,19.6,One year,0.018751606,0,12.496070468425753,C0989
4496.8,56,80.3,Two year,0.03531593,0,158.808677816391,C0990
1412.3000000000002,58,24.35,Two year,0.019174173,0,27.079685197770598,C0991
555.5,22,25.25,Two year,0.022329267,0,12.40390788204968,C0992
261.0,10,26.1,Two year,0.017344486,0,4.526910837739706,C0993
260.0,13,20.0,Two year,0.012795168,0,3.326743673533201,C0994
2985.5,35,85.3,Month-to-month,0.29271963,0,873.9144624918699,C0995
2380.0,34,70.0,Month-to-month,0.3804267,0,905.4155576229095,C0996
377.2,4,94.3,Month-to-month,0.8727829,1,329.2137046098709,C0997
1490.4,72,20.7,Two year,0.010076703,0,15.018317513912917,C0998
140.6,2,70.3,Month-to-month,0.2639454,0,37.11072334051132,C0999
667.4499999999999,7,95.35,Month-to-month,0.7210656,1,481.27522193491455,C1000
2038.5,27,75.5,Month-to-month,0.46549606,0,948.913724899292,C1001
278.2,4,69.55,Month-to-month,0.5115879,1,142.32375873327254,C1002
734.45,37,19.85,Two year,0.011741823,0,8.623781597893686,C1003
420.0,21,20.0,Month-to-month,0.08079677,0,33.93464371562004,C1004
5080.049999999999,53,95.85,One year,0.26110923,0,1326.4479586064813,C1005
1621.8,18,90.1,Month-to-month,0.5437115,1,881.7912839055061,C1006
137.9,2,68.95,Month-to-month,0.5155505,1,71.09441314935684,C1007
3185.6,32,99.55,Month-to-month,0.36016002,0,1147.32576918602,C1008
477.25,23,20.75,One year,0.029957049,0,14.297001441940665,C1009
150.45,3,50.15,Month-to-month,0.29365757,0,44.18078156858682,C1010
4164.15,71,58.65,Two year,0.014838659,0,61.79040272659621,C1011
863.1,9,95.9,Month-to-month,0.64223105,1,554.3096167981624,C1012
49.5,1,49.5,Month-to-month,0.4258195,0,21.07806457579136,C1013
1034.1,18,57.45,Month-to-month,0.138544,0,143.26834340393543,C1014
643.8,12,53.65,One year,0.26491573,0,170.55274989008902,C1015
5687.099999999999,71,80.1,Two year,0.012308558,0,70.00000275615602,C1016
1561.6,64,24.4,One year,0.045737587,0,71.42381572723389,C1017
160.2,4,40.05,Month-to-month,0.4772629,0,76.45751885175704,C1018
448.5,23,19.5,Month-to-month,0.10132161,0,45.442741110920906,C1019
1990.95,39,51.05,Month-to-month,0.12812318,0,255.0868433855474,C1020
1521.8,28,54.35,One year,0.043679938,0,66.47212922275067,C1021
423.5,5,84.7,Month-to-month,0.7124823,1,301.73624286055565,C1022
3874.499999999999,45,86.1,Month-to-month,0.41351902,0,1602.1794617772098,C1023
2602.95,37,70.35,Month-to-month,0.35035223,0,911.9493310600518,C1024
6600.0,60,110.0,Two year,0.049116634,0,324.1697832942009,C1025
804.8,8,100.6,Month-to-month,0.85184044,1,685.5611832618713,C1026
4460.3,47,94.9,One year,0.07956649,0,354.89043153971437,C1027
2177.5,26,83.75,Month-to-month,0.53095156,1,1156.14702090621,C1028
264.9,3,88.3,Month-to-month,0.679073,1,179.88643137216567,C1029
3487.5,50,69.75,Month-to-month,0.30136797,0,1051.0207895189524,C1030
1933.2,27,71.6,Month-to-month,0.07795313,0,150.69899092912675,C1031
736.8,8,92.1,Month-to-month,0.71546763,1,527.1565511226654,C1032
1466.3,62,23.65,Two year,0.016766315,0,24.584448162652553,C1033
5811.349999999999,71,81.85,Two year,0.013522153,0,78.58196260998956,C1034
1656.6,66,25.1,Two year,0.016237356,0,26.898803566396236,C1035
7799.6,68,114.7,Two year,0.07380383,0,575.6403303682804,C1036
638.9499999999999,13,49.15,Month-to-month,0.41342267,0,264.15641751438375,C1037
4530.400000000001,56,80.9,One year,0.16904634,0,765.8475494861603,C1038
3019.1,38,79.45,Month-to-month,0.30660072,0,925.6582328170538,C1039
1266.3,14,90.45,Month-to-month,0.5305222,1,671.8002964138984,C1040
308.8,16,19.3,One year,0.034517992,0,10.65915601849556,C1041
982.8,14,70.2,Month-to-month,0.33975485,0,333.9110662579536,C1042
2232.0,32,69.75,Month-to-month,0.3964503,0,884.8770940303802,C1043
434.0,8,54.25,One year,0.07112822,0,30.869647204875946,C1044
4269.9,43,99.3,Month-to-month,0.5236353,1,2235.870486241579,C1045
3848.0,52,74.0,One year,0.07956801,0,306.1777161359787,C1046
150.75,3,50.25,Month-to-month,0.29531977,0,44.51945469528437,C1047
574.2,29,19.8,One year,0.021675881,0,12.446290869265797,C1048
19.65,1,19.65,Month-to-month,0.33091357,0,6.502451719343662,C1049
523.8,12,43.65,Month-to-month,0.4203891,0,220.19980325102804,C1050
568.0,16,35.5,Month-to-month,0.2765424,0,157.0760805606842,C1051
3230.0,40,80.75,One year,0.124178454,0,401.0964073240757,C1052
197.5,5,39.5,Month-to-month,0.46721137,0,92.2742447257042,C1053
3884.0,40,97.1,Month-to-month,0.49898604,0,1938.061762213707,C1054
703.8000000000001,36,19.55,One year,0.019327639,0,13.60279209651053,C1055
400.0,5,80.0,Month-to-month,0.7018667,1,280.7466745376587,C1056
847.0,10,84.7,Month-to-month,0.56515706,1,478.68802630901337,C1057
179.1,2,89.55,Month-to-month,0.7694495,1,137.80840051174164,C1058
2083.7999999999997,23,90.6,Month-to-month,0.5229274,1,1089.6761233091354,C1059
521.3000000000001,26,20.05,One year,0.025311323,0,13.19479261878878,C1060
8092.8,72,112.4,Two year,0.035019096,0,283.4025400042534,C1061
1706.8000000000002,34,50.2,Month-to-month,0.13310112,0,227.17699262499812,C1062
622.5,10,62.25,Month-to-month,0.13719358,0,85.40300074964762,C1063
779.8000000000001,14,55.7,One year,0.0628337,0,48.997716611623765,C1064
2071.15,23,90.05,Month-to-month,0.38329226,0,793.8557597130538,C1065
923.55,47,19.65,Two year,0.01136262,0,10.493947422131896,C1066
2142.0,24,89.25,Month-to-month,0.25693336,0,550.3512598872185,C1067
4853.45,49,99.05,Month-to-month,0.4955202,0,2404.9825355872513,C1068
1080.0,20,54.0,One year,0.07630303,0,82.40726977586746,C1069
139.5,2,69.75,Month-to-month,0.500415,1,69.80789628624916,C1070
98.1,2,49.05,Month-to-month,0.44204107,0,43.36422889530658,C1071
1248.5,22,56.75,Two year,0.026317956,0,32.857967973686755,C1072
686.35,7,98.05,Month-to-month,0.7970959,1,547.0867674052715,C1073
21.1,1,21.1,Month-to-month,0.41131476,0,8.678741344809533,C1074
5702.35,59,96.65,Month-to-month,0.15792868,0,900.5645822420717,C1075
1421.0,58,24.5,One year,0.04294924,0,61.03087097033858,C1076
4694.5,41,114.5,Month-to-month,0.28091368,0,1318.7492744773626,C1077
4672.8,59,79.2,Two year,0.058737315,0,274.4677266418934,C1078
208.65,3,69.55,Month-to-month,0.5558086,1,115.96946517527104,C1079
641.6,32,20.05,Two year,0.012540113,0,8.045736616849899,C1080
4547.099999999999,46,98.85,Month-to-month,0.6017322,1,2736.1364612638945,C1081
0.0,0,25.75,Two year,0.017377121,0,0.0,C1082
161.9,2,80.95,Month-to-month,0.7176792,1,116.19226289391518,C1083
1019.2,52,19.6,One year,0.017293304,0,17.62533564567566,C1084
965.9,13,74.3,Month-to-month,0.5366783,1,518.3775836944579,C1085
986.7,11,89.7,Month-to-month,0.62783164,1,619.4814770758152,C1086
2804.8,32,87.65,Month-to-month,0.18492152,0,518.6678735971451,C1087
1707.65,17,100.45,Month-to-month,0.6852227,1,1170.120518615842,C1088
1196.0,16,74.75,Month-to-month,0.49333864,0,590.0330188274384,C1089
5479.95,51,107.45,One year,0.1723881,0,944.678204677999,C1090
2185.1499999999996,29,75.35,One year,0.07995042,0,174.7036647394299,C1091
4546.5,70,64.95,Two year,0.034657463,0,157.57015749067068,C1092
7131.95,71,100.45,Two year,0.03984025,0,284.13867959827184,C1093
2808.5,41,68.5,One year,0.05915609,0,166.13987882435322,C1094
80.55,1,80.55,Month-to-month,0.87716997,1,70.65604081749916,C1095
568.75,7,81.25,Month-to-month,0.20671935,0,117.57163247093558,C1096
2260.0,25,90.4,One year,0.32331008,0,730.6807744503021,C1097
5999.849999999999,67,89.55,One year,0.11251232,0,675.0570448324083,C1098
278.5,5,55.7,Month-to-month,0.24281597,0,67.62424802780151,C1099
372.0,15,24.8,Month-to-month,0.16356592,0,60.84652179479599,C1100
400.0,20,20.0,Month-to-month,0.12245208,0,48.98083209991455,C1101
168.45,3,56.15,Month-to-month,0.40178457,0,67.68061065226793,C1102
5680.8,54,105.2,One year,0.34703305,0,1971.4253710985183,C1103
821.1,42,19.55,One year,0.0223989,0,18.391736987605693,C1104
717.75,9,79.75,Month-to-month,0.60157084,1,431.77747374773026,C1105
6139.35,63,97.45,Two year,0.037306227,0,229.03598344288767,C1106
1673.25,69,24.25,Two year,0.018594507,0,31.113259051926434,C1107
1697.4,69,24.6,Two year,0.015424133,0,26.18092382680625,C1108
2006.0,40,50.15,Month-to-month,0.1640159,0,329.01590356230736,C1109
2376.0,60,39.6,Two year,0.017165096,0,40.784269228577614,C1110
377.6,4,94.4,Month-to-month,0.5680627,1,214.50048408508303,C1111
6379.349999999999,71,89.85,Two year,0.0153269945,0,97.7762621801812,C1112
2921.15,37,78.95,Month-to-month,0.34120145,0,996.7006285235286,C1113
3163.2,32,98.85,Month-to-month,0.47174343,0,1492.218832540512,C1114
2100.15,39,53.85,Two year,0.02759621,0,57.95617874767632,C1115
921.5,38,24.25,One year,0.06603063,0,60.84722460433841,C1116
4651.400000000001,52,89.45,Two year,0.08349958,0,388.3899493038655,C1117
5052.0,48,105.25,Month-to-month,0.3189236,0,1611.2019896507263,C1118
4165.0,70,59.5,Two year,0.024835601,0,103.44028003513813,C1119
1411.0,20,70.55,Month-to-month,0.29153427,0,411.35486176609993,C1120
4125.0,50,82.5,One year,0.103038594,0,425.0342007726431,C1121
852.15,19,44.85,One year,0.36301932,0,309.3469113126397,C1122
1540.0,25,61.6,One year,0.061531175,0,94.75800938904285,C1123
588.5999999999999,12,49.05,Month-to-month,0.20560423,0,121.01864706873891,C1124
4120.35,39,105.65,Month-to-month,0.6163148,1,2539.432803180814,C1125
522.5500000000001,7,74.65,Month-to-month,0.41191217,0,215.24470601826908,C1126
1523.75,23,66.25,One year,0.05613615,0,85.53745843004435,C1127
523.8,27,19.4,Month-to-month,0.13387258,0,70.12245924174785,C1128
4044.35,47,86.05,Month-to-month,0.4032915,0,1631.0519523605703,C1129
497.9,26,19.15,Two year,0.021670578,0,10.789780809916556,C1130
905.8,14,64.7,Month-to-month,0.24903384,0,225.57485092282295,C1131
1144.55,11,104.05,Month-to-month,0.842432,1,964.2055708885192,C1132
38.5,2,19.25,Month-to-month,0.098232865,0,3.7819653153419495,C1133
2130.7000000000003,26,81.95,Month-to-month,0.2556043,0,544.6160754531622,C1134
8254.800000000001,72,114.65,Two year,0.027538052,0,227.3211102358997,C1135
1260.0,63,20.0,Two year,0.0114508085,0,14.42801870405674,C1136
1405.8,71,19.8,Two year,0.009059138,0,12.735335729084909,C1137
716.6500000000001,11,65.15,Month-to-month,0.20040923,0,143.62327723801138,C1138
275.09999999999997,14,19.65,One year,0.02846894,0,7.83180550597608,C1139
1156.35,13,88.95,Two year,0.036096517,0,41.74020742904395,C1140
121.2,6,20.2,Month-to-month,0.10560958,0,12.7998812019825,C1141
827.2,11,75.2,Month-to-month,0.44445762,0,367.655343580246,C1142
1022.4,18,56.8,Month-to-month,0.16717269,0,170.9173534154892,C1143
35.55,1,35.55,Month-to-month,0.7978071,1,28.36204231381416,C1144
2416.0,32,75.5,Month-to-month,0.30992186,0,748.7712154388428,C1145
1032.4,29,35.6,One year,0.0417549,0,43.10776021480561,C1146
180.75,3,60.25,Month-to-month,0.49295053,0,89.10080809146166,C1147
190.3,2,95.15,Month-to-month,0.8317127,1,158.27493114471437,C1148
1256.45,13,96.65,Month-to-month,0.6503613,1,817.1464547753334,C1149
1654.35,41,40.35,Month-to-month,0.30217925,0,499.9102375075221,C1150
18.85,1,18.85,Month-to-month,0.23128462,0,4.359715056419373,C1151
383.95,7,54.85,Month-to-month,0.2934261,0,112.66094972789287,C1152
3343.6,52,64.3,One year,0.04827376,0,161.40814669579268,C1153
1109.25,45,24.65,Two year,0.023635855,0,26.218072097282857,C1154
5327.0,70,76.1,Two year,0.03738542,0,199.15212707221508,C1155
991.1,53,18.7,Two year,0.01635209,0,16.206555528752506,C1156
6072.900000000001,62,97.95,One year,0.07880179,0,478.5553807117045,C1157
5646.0,60,94.1,Month-to-month,0.15990299,0,902.8122807741165,C1158
241.2,3,80.4,Month-to-month,0.7138059,1,172.1699864387512,C1159
2187.2999999999997,23,95.1,Month-to-month,0.49264297,0,1077.5579658597705,C1160
31.35,1,31.35,Month-to-month,0.6343751,1,19.887659239768983,C1161
4847.45,67,72.35,One year,0.06247904,0,302.86402980051935,C1162
1077.0,12,89.75,Month-to-month,0.6813275,1,733.7897409796715,C1163
5871.7,71,82.7,Two year,0.014888372,0,87.42005547098815,C1164
497.49999999999994,25,19.9,One year,0.020312697,0,10.105566605925558,C1165
269.0,5,53.8,Month-to-month,0.3728261,0,100.29022073745728,C1166
1340.3,26,51.55,One year,0.078858346,0,105.69384080469608,C1167
19.65,1,19.65,One year,0.03882064,0,0.7628255613148212,C1168
3083.5,70,44.05,One year,0.062211584,0,191.82942018844187,C1169
8208.0,72,114.0,Two year,0.031373117,0,257.5105453133583,C1170
5664.0,60,94.4,One year,0.28496325,0,1614.0318489074707,C1171
3212.8,32,100.4,Month-to-month,0.5083655,1,1633.2767166137696,C1172
19.85,1,19.85,Month-to-month,0.43462646,0,8.627335232496263,C1173
759.5,14,54.25,One year,0.09542435,0,72.47479126229882,C1174
1040.0,13,80.0,Month-to-month,0.48674014,0,506.2097477912903,C1175
659.4000000000001,6,109.9,Month-to-month,0.70751953,1,466.53837890625005,C1176
3643.2,46,79.2,Two year,0.02102741,0,76.6070615798235,C1177
1520.25,15,101.35,Month-to-month,0.56467426,1,858.4460410773754,C1178
4054.9,43,94.3,Month-to-month,0.39245245,0,1591.3554338544607,C1179
1942.2,39,49.8,Two year,0.03531589,0,68.59052129611374,C1180
1261.05,21,60.05,Month-to-month,0.29790533,0,375.67351121306416,C1181
3063.75,57,53.75,Month-to-month,0.22313406,0,683.6269632540643,C1182
4952.85,53,93.45,One year,0.18085197,0,895.732660509646,C1183
1582.2,18,87.9,Month-to-month,0.32233724,0,510.0019810974598,C1184
60.15,1,60.15,Month-to-month,0.60313994,1,36.27886720597744,C1185
3540.8999999999996,58,61.05,One year,0.034691997,0,122.84089172556995,C1186
7387.55,71,104.05,Two year,0.07344509,0,542.5792684342713,C1187
3473.75,35,99.25,One year,0.3566434,0,1238.8900404050946,C1188
257.1,3,85.7,Month-to-month,0.5328516,1,136.99614039659502,C1189
3984.3,38,104.85,One year,0.29956913,0,1193.5732844352722,C1190
2420.25,35,69.15,Two year,0.027871957,0,67.4571040472947,C1191
633.15,7,90.45,Month-to-month,0.81836283,1,518.1464271247387,C1192
3499.15,47,74.45,Two year,0.017790936,0,62.253153472021225,C1193
706.3000000000001,14,50.45,Month-to-month,0.2511951,0,177.41910119950774,C1194
1200.0,20,60.0,Month-to-month,0.2801771,0,336.2125039100647,C1195
5626.5,66,85.25,Two year,0.036045376,0,202.8093092534691,C1196
291.75,15,19.45,Month-to-month,0.11577368,0,33.77697050571442,C1197
871.5,42,20.75,Two year,0.012979839,0,11.311929685994983,C1198
1341.3000000000002,17,78.9,Month-to-month,0.36541525,0,490.13146851360807,C1199
3866.5,37,104.5,One year,0.3020334,0,1167.8121201246977,C1200
592.8,12,49.4,Month-to-month,0.33628938,0,199.3523421049118,C1201
4995.25,53,94.25,One year,0.23640612,0,1180.907659329474,C1202
1500.0,60,25.0,Two year,0.01401346,0,21.020189858973026,C1203
459.9,18,25.55,Month-to-month,0.18596664,0,85.52605806291103,C1204
74.9,1,74.9,Month-to-month,0.8418252,1,63.0527065217495,C1205
210.45,3,70.15,Month-to-month,0.5687016,1,119.6832569539547,C1206
624.6,9,69.4,Month-to-month,0.23579079,0,147.27492688894273,C1207
80.25,1,80.25,Month-to-month,0.87716997,1,70.39288982748985,C1208
5216.400000000001,56,93.15,One year,0.11132808,0,580.7317980587483,C1209
1173.0,17,69.0,Month-to-month,0.4528721,0,531.2189703583717,C1210
729.8499999999999,11,66.35,Month-to-month,0.35235798,0,257.1684743225574,C1211
486.85,7,69.55,Month-to-month,0.5768504,1,280.83962419033054,C1212
1393.8,69,20.2,Two year,0.009250992,0,12.8940326185897,C1213
1634.0,19,86.0,Month-to-month,0.46719387,0,763.3947864174843,C1214
240.9,3,80.3,Month-to-month,0.6317484,1,152.18818432688713,C1215
1101.6,54,20.4,Two year,0.011324004,0,12.474523103982209,C1216
1472.5,62,23.75,One year,0.03566647,0,52.51887631602585,C1217
2173.2,24,90.55,Month-to-month,0.40398496,0,877.9401235342025,C1218
4367.900000000001,62,70.45,Month-to-month,0.14605452,0,637.9515431627632,C1219
1117.75,17,65.75,Month-to-month,0.13849492,0,154.80270097777247,C1220
221.4,9,24.6,Month-to-month,0.2331865,0,51.627490720152856,C1221
4432.0,64,69.25,Two year,0.017511174,0,77.60952353477478,C1222
151.8,2,75.9,Month-to-month,0.7534105,1,114.3677166581154,C1223
45.85,1,45.85,Month-to-month,0.6224573,1,28.539668372273447,C1224
799.2,16,49.95,Month-to-month,0.55799544,1,445.9499545097351,C1225
1774.8,72,24.65,Two year,0.013105794,0,23.2601629357785,C1226
2712.0,30,90.4,One year,0.04995572,0,135.47990781068802,C1227
4941.65,49,100.85,Month-to-month,0.3142223,0,1552.7766585096715,C1228
4596.349999999999,61,75.35,Two year,0.026952714,0,123.8841057434678,C1229
4098.400000000001,47,87.2,Month-to-month,0.41267052,0,1691.2888711690905,C1230
1288.0,20,64.4,Month-to-month,0.11518821,0,148.36241602897644,C1231
2662.2,34,78.3,Month-to-month,0.37708548,0,1003.8769571721554,C1232
1729.0,70,24.7,Two year,0.01495394,0,25.85536256339401,C1233
5715.9,54,105.85,One year,0.27164787,0,1552.7120632231236,C1234
5996.3,61,98.3,One year,0.07019904,0,420.9345188945532,C1235
230.85,3,76.95,Month-to-month,0.7484581,1,172.7815494865179,C1236
252.85,13,19.45,One year,0.025977928,0,6.568519143201411,C1237
1538.4,16,96.15,Month-to-month,0.7132102,1,1097.2026103019714,C1238
176.10000000000002,3,58.7,Month-to-month,0.36174938,0,63.704065963625915,C1239
503.74999999999994,25,20.15,Month-to-month,0.07730445,0,38.94211802631616,C1240
1935.0,30,64.5,Month-to-month,0.10152116,0,196.44343826919794,C1241
598.5,21,28.5,Month-to-month,0.34663355,0,207.4601817727089,C1242
45.3,1,45.3,Month-to-month,0.64902335,1,29.400757938623425,C1243
291.0,15,19.4,Month-to-month,0.15895927,0,46.257147431373596,C1244
2080.35,23,90.45,Month-to-month,0.49310362,0,1025.8281229197978,C1245
4731.75,45,105.15,Month-to-month,0.30454525,0,1441.0320033207536,C1246
1995.6,24,83.15,One year,0.051201545,0,102.1778026074171,C1247
991.65,11,90.15,Month-to-month,0.64752126,1,642.1144549012184,C1248
45.05,1,45.05,Month-to-month,0.55666244,1,25.077642935514447,C1249
5779.2,56,103.2,Two year,0.14045437,0,811.7138766288757,C1250
75.8,1,75.8,Month-to-month,0.764548,1,57.95273867845535,C1251
19.45,1,19.45,Month-to-month,0.29152328,0,5.670127752423286,C1252
555.1,7,79.3,Month-to-month,0.6883697,1,382.1140156805515,C1253
4884.0,55,88.8,Two year,0.029166045,0,142.4469621554017,C1254
61.8,2,30.9,Month-to-month,0.6459035,1,39.91683801412582,C1255
6184.8,72,85.9,Two year,0.011610903,0,71.81111192107201,C1256
1539.0000000000002,45,34.2,One year,0.14165218,0,218.00270770490172,C1257
947.05,47,20.15,Two year,0.011612995,0,10.99808653248474,C1258
4381.5,46,95.25,One year,0.2556203,0,1120.0003478229046,C1259
100.6,2,50.3,Month-to-month,0.4220634,0,42.45957907438278,C1260
160.3,2,80.15,Month-to-month,0.50531614,1,81.002176964283,C1261
615.0,12,51.25,Month-to-month,0.33628938,0,206.81796625256538,C1262
6092.799999999999,68,89.6,Month-to-month,0.32449585,0,1977.0883270263669,C1263
6568.8,69,95.2,Two year,0.07972677,0,523.7092101931572,C1264
5308.8,56,94.8,One year,0.14679852,0,779.3239897727966,C1265
321.0,4,80.25,Month-to-month,0.5915461,1,189.886303961277,C1266
4870.4,64,76.1,Two year,0.04051819,0,197.33979604244232,C1267
6498.85,59,110.15,One year,0.32488745,0,2111.3948337405923,C1268
7164.099999999999,62,115.55,Two year,0.08031314,0,575.3713567011058,C1269
1552.9499999999998,63,24.65,Two year,0.014913669,0,23.16018204996362,C1270
2840.8,53,53.6,One year,0.09165006,0,260.3594941675663,C1271
97.25,5,19.45,Month-to-month,0.10439749,0,10.152655962854624,C1272
4321.8,49,88.2,Month-to-month,0.27312386,0,1180.3866997003556,C1273
6271.3,62,101.15,Two year,0.05073039,0,318.1454860996455,C1274
3124.0,55,56.8,Two year,0.016938455,0,52.91573467850685,C1275
7057.400000000001,71,99.4,Two year,0.029406816,0,207.5356615960598,C1276
1447.2,72,20.1,Two year,0.0145266205,0,21.022925198078156,C1277
2185.2000000000003,36,60.7,One year,0.08987306,0,196.39061198830606,C1278
523.75,25,20.95,One year,0.027606938,0,14.459133795462549,C1279
8269.199999999999,72,114.85,Two year,0.026429083,0,218.5473747834563,C1280
693.0,36,19.25,One year,0.026688745,0,18.495300455018878,C1281
62.8,1,62.8,Month-to-month,0.5391015,1,33.8555730342865,C1282
7596.0,72,105.5,Two year,0.06487322,0,492.77696800231934,C1283
1171.15,59,19.85,Two year,0.012469062,0,14.60314155179076,C1284
626.5,7,89.5,Month-to-month,0.7464994,1,467.68188613653183,C1285
74.1,1,74.1,One year,0.15235904,0,11.28980475962162,C1286
3225.0,30,107.5,Month-to-month,0.32046443,0,1033.4977939724922,C1287
1251.2,64,19.55,Two year,0.013099246,0,16.38977625370026,C1288
4334.4,63,68.8,One year,0.06424071,0,278.44492886066433,C1289
6080.400000000001,72,84.45,Two year,0.018279787,0,111.14841780513527,C1290
600.0,8,75.0,Month-to-month,0.38684627,0,232.10776448249817,C1291
5239.0,62,84.5,Two year,0.028989207,0,151.87445547059178,C1292
7450.400000000001,67,111.2,Two year,0.04990089,0,371.78158636093144,C1293
268.5,6,44.75,Month-to-month,0.3593341,0,96.48120886087418,C1294
5642.0,70,80.6,Two year,0.03362844,0,189.731666341424,C1295
1614.0,20,80.7,Month-to-month,0.34770066,0,561.1888579130173,C1296
378.0,5,75.6,Month-to-month,0.60994875,1,230.5606291294098,C1297
1382.4,24,57.6,One year,0.11571587,0,159.96561698913575,C1298
484.5499999999999,11,44.05,Month-to-month,0.38549584,0,186.79201000034806,C1299
7963.2,72,110.6,Two year,0.033293974,0,265.1265710055828,C1300
3841.2,66,58.2,Two year,0.021123698,0,81.1403486855328,C1301
3645.0,45,81.0,Two year,0.020704642,0,75.46841986477375,C1302
1359.3,69,19.7,Two year,0.00920319,0,12.50989614520222,C1303
1284.0,15,85.6,Month-to-month,0.6042207,1,775.8193638324738,C1304
1667.4,28,59.55,Month-to-month,0.174259,0,290.5594682335854,C1305
8088.5,70,115.55,One year,0.32788247,0,2652.0773480832577,C1306
2719.7999999999997,36,75.55,One year,0.12140077,0,330.1858238339424,C1307
1385.6,16,86.6,Month-to-month,0.5930553,1,821.7374345779418,C1308
1533.6,18,85.2,Month-to-month,0.6014515,1,922.3860451698303,C1309
3320.1000000000004,34,97.65,Month-to-month,0.57646215,1,1913.9119829535487,C1310
1894.2,42,45.1,One year,0.08857639,0,167.78140047490598,C1311
3405.6000000000004,48,70.95,One year,0.062417157,0,212.56786985993386,C1312
5148.849999999999,47,109.55,Month-to-month,0.38976547,0,2006.8439464911817,C1313
3492.45,39,89.55,One year,0.19083153,0,666.4695668689906,C1314
229.9,11,20.9,Two year,0.01355493,0,3.1162783508189023,C1315
139.65,7,19.95,Month-to-month,0.12228956,0,17.077737156674267,C1316
73.80000000000001,3,24.6,Month-to-month,0.15209128,0,11.224336436390878,C1317
533.6,8,66.7,Month-to-month,0.29139534,0,155.4885514974594,C1318
19.45,1,19.45,Month-to-month,0.36581227,0,7.115048687160015,C1319
3033.6,32,94.8,One year,0.13718851,0,416.1750612258911,C1320
3950.999999999999,60,65.85,One year,0.033961397,0,134.1814782209694,C1321
199.5,10,19.95,Month-to-month,0.16448157,0,32.81407228857279,C1322
1750.15,71,24.65,Two year,0.016102187,0,28.181243165209892,C1323
81.4,4,20.35,Month-to-month,0.13787337,0,11.22289203107357,C1324
69.25,1,69.25,Month-to-month,0.84159136,1,58.2802015542984,C1325
2203.75,43,51.25,One year,0.044957153,0,99.07432702369988,C1326
5870.5,59,99.5,One year,0.30296266,0,1778.5423001646996,C1327
1247.75,23,54.25,Month-to-month,0.12567389,0,156.8095963895321,C1328
1396.8,72,19.4,Two year,0.010792572,0,15.075064641237258,C1329
1237.5,22,56.25,One year,0.06968892,0,86.24004302546382,C1330
25.15,1,25.15,Month-to-month,0.6070565,1,15.2674709379673,C1331
1652.55,69,23.95,Two year,0.017779449,0,29.38142844652757,C1332
1770.0,50,35.4,One year,0.040671673,0,71.98886062949896,C1333
25.2,1,25.2,Month-to-month,0.80186796,1,20.20707263946533,C1334
90.0,2,45.0,Month-to-month,0.46045196,0,41.44067645072937,C1335
1130.25,15,75.35,Month-to-month,0.35510167,0,401.35366793721914,C1336
632.4,31,20.4,Two year,0.01197629,0,7.57380551956594,C1337
20.15,1,20.15,Month-to-month,0.38449177,0,7.747509194910526,C1338
6930.0,66,105.0,Month-to-month,0.45236444,0,3134.8856019973755,C1339
0.0,0,56.05,Two year,0.044464137,0,0.0,C1340
164.10000000000002,3,54.7,Month-to-month,0.43411395,0,71.2380991190672,C1341
160.0,8,20.0,Two year,0.014085925,0,2.2537480294704437,C1342
4675.2,64,73.05,One year,0.07376568,0,344.86930804252626,C1343
574.0,28,20.5,Month-to-month,0.07046295,0,40.445733055472374,C1344
5742.75,57,100.75,One year,0.29569206,0,1698.0855569913983,C1345
1221.5,14,87.25,Month-to-month,0.5586861,1,682.4350437819958,C1346
379.05,19,19.95,Two year,0.014469678,0,5.484731287602336,C1347
799.5,10,79.95,Month-to-month,0.6205393,1,496.1211764216423,C1348
2532.15,51,49.65,Month-to-month,0.3531845,0,894.3161098882556,C1349
4398.55,67,65.65,Two year,0.017336832,0,76.2569239745848,C1350
224.95,11,20.45,Month-to-month,0.14285274,0,32.13472352549434,C1351
4388.400000000001,72,60.95,Two year,0.016814854,0,73.79030527621508,C1352
1343.1,66,20.35,One year,0.03583612,0,48.131491703912616,C1353
1590.3,18,88.35,Month-to-month,0.60603553,1,963.7783042609691,C1354
175.5,9,19.5,Month-to-month,0.21279304,0,37.34517804533243,C1355
676.8000000000001,9,75.2,Month-to-month,0.5541166,1,375.02611942291264,C1356
5349.6,48,111.45,Month-to-month,0.265457,0,1420.0887902498246,C1357
701.5,10,70.15,Month-to-month,0.38621622,0,270.9306806027889,C1358
852.75,9,94.75,Month-to-month,0.8031957,1,684.9251459240913,C1359
1235.65,13,95.05,Month-to-month,0.7249998,1,895.8459848582745,C1360
313.8,4,78.45,Month-to-month,0.6426856,1,201.67473882436752,C1361
280.8,4,70.2,Month-to-month,0.5356742,1,150.41731939315795,C1362
6624.0,72,92.0,Two year,0.0129020475,0,85.46316254138947,C1363
4360.5,51,85.5,Two year,0.02074722,0,90.46825343649834,C1364
2421.95,59,41.05,Month-to-month,0.2634404,0,638.0394776567816,C1365
856.0,10,85.6,Month-to-month,0.7846275,1,671.6411375999451,C1366
5011.150000000001,61,82.15,Month-to-month,0.25650895,0,1285.4048068463803,C1367
4557.6,54,84.4,One year,0.10300759,0,469.4674024879933,C1368
2009.7,33,60.9,Month-to-month,0.1084945,0,218.04139230027795,C1369
546.75,27,20.25,Two year,0.014859294,0,8.124318768968806,C1370
79.2,1,79.2,Month-to-month,0.8821324,1,69.86488695144654,C1371
2191.9,23,95.3,Month-to-month,0.3314239,0,726.4480649799109,C1372
19.85,1,19.85,Month-to-month,0.34484443,0,6.84516194909811,C1373
3795.749999999999,45,84.35,Two year,0.019489834,0,73.97853772854431,C1374
774.1500000000001,39,19.85,Two year,0.013428324,0,10.395536948880181,C1375
350.0,5,70.0,One year,0.29594588,0,103.58105897903442,C1376
5925.599999999999,72,82.3,Two year,0.014672476,0,86.94322299733757,C1377
3874.4,58,66.8,Month-to-month,0.12422597,0,481.30108512043955,C1378
3122.0,70,44.6,Two year,0.020013291,0,62.48149571567774,C1379
6005.45,61,98.45,One year,0.1484814,0,891.6976165488362,C1380
141.4,2,70.7,Month-to-month,0.52103406,1,73.67421635389329,C1381
1147.7,46,24.95,One year,0.02685155,0,30.81752364188433,C1382
49.95,1,49.95,Month-to-month,0.5424101,1,27.09338327944279,C1383
1523.5,22,69.25,Month-to-month,0.38650268,0,588.836837798357,C1384
4920.0,48,102.5,Two year,0.09177264,0,451.5213802456856,C1385
5539.2,64,86.55,Two year,0.021960316,0,121.64258363842964,C1386
1749.6,72,24.3,Two year,0.013590873,0,23.7785917840898,C1387
700.2,12,58.35,Month-to-month,0.24550013,0,171.8991927355528,C1388
3204.5,34,94.25,Month-to-month,0.41934803,0,1343.8007662445307,C1389
4950.0,72,68.75,Two year,0.021123683,0,104.562231246382,C1390
2488.2,29,85.8,Month-to-month,0.4441647,0,1105.170590007305,C1391
663.3000000000001,33,20.1,One year,0.019541355,0,12.961780671961607,C1392
20.35,1,20.35,Month-to-month,0.3784277,0,7.701003982126713,C1393
6869.599999999999,62,110.8,One year,0.121474765,0,834.4830473005771,C1394
2993.0,41,73.0,One year,0.102874994,0,307.9048578739166,C1395
6403.2,64,100.05,One year,0.28257704,0,1809.3972885131836,C1396
331.4,4,82.85,Month-to-month,0.65405494,1,216.75380703210828,C1397
2024.4,24,84.35,Month-to-month,0.41447952,0,839.072348177433,C1398
273.7,14,19.55,One year,0.022884784,0,6.263565453700721,C1399
59.849999999999994,3,19.95,Month-to-month,0.13415645,0,8.029263570159673,C1400
399.2,4,99.8,Month-to-month,0.82649195,1,329.9355872154236,C1401
630.0,18,35.0,Month-to-month,0.41528618,0,261.6302955150604,C1402
530.0,8,66.25,Month-to-month,0.42059562,0,222.91567653417587,C1403
815.5,35,23.3,Two year,0.022884503,0,18.66231220215559,C1404
76.0,1,76.0,Month-to-month,0.8270775,1,62.857890605926514,C1405
1669.8,66,25.3,Two year,0.016918879,0,28.25114415809512,C1406
356.4,8,44.55,Two year,0.025110342,0,8.949325749278067,C1407
7391.099999999999,71,104.1,One year,0.08960011,0,662.2433624066412,C1408
3979.65,43,92.55,Month-to-month,0.39616132,0,1576.5833884835245,C1409
187.7,2,93.85,Month-to-month,0.86215085,1,161.82571415305136,C1410
2942.05,29,101.45,Month-to-month,0.50327444,1,1480.6585684537888,C1411
1264.5,15,84.3,Month-to-month,0.50730824,1,641.4912754297256,C1412
6145.75,65,94.55,Two year,0.036936298,0,227.00125351175666,C1413
3342.5,35,95.5,Month-to-month,0.2948005,0,985.3706382960081,C1414
6419.2,64,100.3,One year,0.16234544,0,1042.1278432846068,C1415
3219.0,58,55.5,Two year,0.023240047,0,74.80970992706716,C1416
897.3000000000001,18,49.85,Month-to-month,0.24130818,0,216.5258321374655,C1417
5999.849999999999,67,89.55,Month-to-month,0.21516229,0,1290.9414783932268,C1418
1206.4499999999998,63,19.15,Two year,0.023828529,0,28.74792859666049,C1419
5988.0,60,99.8,Month-to-month,0.41167745,0,2465.124570250511,C1420
759.6,9,84.4,Month-to-month,0.7429805,1,564.3679727554321,C1421
7913.5,70,113.05,Two year,0.05017184,0,397.0348632466048,C1422
1516.5,15,101.1,Month-to-month,0.68628824,1,1040.7561122775078,C1423
957.6,48,19.95,One year,0.01861545,0,17.826155599951743,C1424
889.8000000000001,12,74.15,Month-to-month,0.23784833,0,211.63744097650053,C1425
6532.0,71,92.0,One year,0.06598297,0,431.00074446201324,C1426
3249.3999999999996,44,73.85,Month-to-month,0.34665823,0,1126.4312520027158,C1427
50.45,1,50.45,Month-to-month,0.64232194,1,32.40514208674431,C1428
1100.25,45,24.45,Two year,0.02073681,0,22.81567500438541,C1429
570.4,23,24.8,One year,0.037361514,0,21.311007484793663,C1430
2788.5499999999997,43,64.85,One year,0.058604784,0,163.42237128727137,C1431
726.25,35,20.75,Month-to-month,0.0909323,0,66.03958445601165,C1432
620.5500000000001,9,68.95,Month-to-month,0.16910255,0,104.93658712506296,C1433
1199.4,12,99.95,Month-to-month,0.76626796,1,919.0617855906487,C1434
7111.0,65,109.4,Month-to-month,0.17900485,0,1272.9034741520882,C1435
182.8,2,91.4,Month-to-month,0.8238128,1,150.59297668933868,C1436
1323.0,27,49.0,Month-to-month,0.13001563,0,172.01067392528057,C1437
2010.0,40,50.25,One year,0.06527043,0,131.1935669928789,C1438
377.75,5,75.55,Month-to-month,0.52112174,1,196.8537374138832,C1439
159.2,8,19.9,One year,0.03100489,0,4.9359786152839655,C1440
5672.4,58,97.8,One year,0.25818303,0,1464.5174322724342,C1441
5215.599999999999,52,100.3,One year,0.17884295,0,932.7732737839221,C1442
167.39999999999998,3,55.8,Month-to-month,0.32042733,0,53.63953476548194,C1443
4557.150000000001,41,111.15,Two year,0.16852953,0,768.0143266730012,C1444
1971.0,20,98.55,Month-to-month,0.513395,1,1011.9015675187111,C1445
50.05,1,50.05,Month-to-month,0.56436807,1,28.24662186205387,C1446
323.2,4,80.8,Month-to-month,0.6530592,1,211.06872844696045,C1447
479.55,23,20.85,Month-to-month,0.093073845,0,44.633562326431274,C1448
117.0,6,19.5,Month-to-month,0.19702224,0,23.051602587103844,C1449
154.8,8,19.35,Month-to-month,0.10931608,0,16.9221293091774,C1450
1251.0,18,69.5,Month-to-month,0.11293468,0,141.28128316998482,C1451
2537.6,52,48.8,Month-to-month,0.19487125,0,494.5052759170532,C1452
2929.5,31,94.5,Month-to-month,0.4005626,0,1173.448178306222,C1453
598.8499999999999,29,20.65,Month-to-month,0.06358675,0,38.078924720361826,C1454
3817.8,36,106.05,Two year,0.07568535,0,288.9515371978283,C1455
1600.0,16,100.0,Month-to-month,0.73164934,1,1170.6389427185059,C1456
4548.599999999999,42,108.3,One year,0.43152475,0,1962.8334940910338,C1457
20.55,1,20.55,Month-to-month,0.35857156,0,7.368645541369915,C1458
5979.0,60,99.65,Two year,0.07973083,0,476.7106390669942,C1459
426.5,5,85.3,Month-to-month,0.7821978,1,333.6073503792286,C1460
2109.8,22,95.9,Month-to-month,0.34491822,0,727.7084631621839,C1461
720.0,36,20.0,One year,0.020606495,0,14.836676716804504,C1462
281.6,4,70.4,Month-to-month,0.48734212,0,137.23554077148438,C1463
584.5500000000001,9,64.95,Month-to-month,0.11940659,0,69.79912123493851,C1464
74.6,1,74.6,Month-to-month,0.5564748,1,41.51302044391632,C1465
590.4000000000001,12,49.2,Month-to-month,0.2724963,0,160.88182311058046,C1466
1696.25,23,73.75,One year,0.080243595,0,136.11319792456925,C1467
5722.599999999999,62,92.3,One year,0.08825895,0,505.07067815661424,C1468
3655.6,37,98.8,Month-to-month,0.3652332,0,1335.1465323805808,C1469
153.6,8,19.2,Month-to-month,0.07518329,0,11.548152923583984,C1470
2748.15,31,88.65,Month-to-month,0.30350348,0,834.0730982735753,C1471
967.2,13,74.4,Month-to-month,0.47747916,0,461.81784338951115,C1472
2370.0,24,98.75,Month-to-month,0.71994674,1,1706.2737786769867,C1473
4317.75,45,95.95,Month-to-month,0.3718088,0,1605.377433769405,C1474
7272.6,69,105.4,Two year,0.05814738,0,422.8826231762767,C1475
40.5,2,20.25,Month-to-month,0.14658083,0,5.936523623764515,C1476
6466.0,61,106.0,One year,0.19159697,0,1238.8660077750683,C1477
4292.7,41,104.7,Month-to-month,0.60423464,1,2593.7980212271214,C1478
2158.2,44,49.05,One year,0.13113958,0,283.0254338622093,C1479
1386.4499999999998,39,35.55,One year,0.051244058,0,71.04732381887733,C1480
4687.2,72,65.1,Two year,0.02026853,0,95.00265219211578,C1481
1259.05,13,96.85,Month-to-month,0.6682275,1,841.3318260222674,C1482
3557.25,51,69.75,One year,0.05918133,0,210.5227820975706,C1483
7043.2,71,99.2,Two year,0.05590322,0,393.7375498533249,C1484
2127.4,22,96.7,Month-to-month,0.7027343,1,1494.9969318509102,C1485
110.1,2,55.05,Month-to-month,0.4037613,0,44.454118850827214,C1486
5980.8,56,106.8,One year,0.38673878,0,2313.007278442383,C1487
51.25,1,51.25,Month-to-month,0.4486059,0,22.991052120923996,C1488
1328.25,23,57.75,One year,0.05035186,0,66.87985557317734,C1489
4676.099999999999,66,70.85,One year,0.059841976,0,279.8270619615912,C1490
19.55,1,19.55,Month-to-month,0.31612,0,6.180145974457264,C1491
1675.8,19,88.2,Month-to-month,0.6079372,1,1018.7811878442764,C1492
874.5,11,79.5,Month-to-month,0.4422497,0,386.74734999239445,C1493
158.0,8,19.75,One year,0.030158665,0,4.7650690749287605,C1494
5103.8,52,98.15,Month-to-month,0.21834612,0,1114.3949217796326,C1495
60.75,3,20.25,Month-to-month,0.25362125,0,15.407490961253643,C1496
4036.65,51,79.15,Month-to-month,0.19854173,0,801.4434769973159,C1497
1134.75,15,75.65,Month-to-month,0.555591,1,630.4568727314472,C1498
6032.0,64,94.25,Month-to-month,0.22284809,0,1344.2196640968323,C1499
1487.4,37,40.2,Month-to-month,0.23704931,0,352.58714577555656,C1500
259.34999999999997,13,19.95,Two year,0.012730005,0,3.3015268479008224,C1501
2712.15,49,55.35,One year,0.07921961,0,214.85546390265228,C1502
4596.75,45,102.15,One year,0.30582166,0,1405.7857026457787,C1503
1279.8,18,71.1,Month-to-month,0.38918373,0,498.07733750939366,C1504
74.7,1,74.7,Month-to-month,0.8495495,1,63.461345583200455,C1505
3678.8,68,54.1,Two year,0.028146407,0,103.54500073119999,C1506
1061.1,54,19.65,Two year,0.011441674,0,12.140760369971394,C1507
2034.35,23,88.45,Month-to-month,0.4142992,0,842.8295572668313,C1508
1303.0500000000002,17,76.65,Month-to-month,0.4098903,0,534.1075476944447,C1509
5708.400000000001,71,80.4,Two year,0.014028661,0,80.08120818436147,C1510
1289.75,67,19.25,Two year,0.019198315,0,24.76102705253288,C1511
1187.2,14,84.8,Month-to-month,0.7048922,1,836.848041343689,C1512
25.8,1,25.8,Month-to-month,0.75312936,1,19.430737566947936,C1513
1228.5,63,19.5,Two year,0.012475404,0,15.326033761259168,C1514
2812.6,41,68.6,One year,0.08457629,0,237.8792630597949,C1515
1574.1999999999998,17,92.6,Month-to-month,0.56059486,1,882.4884234786033,C1516
5630.8,56,100.55,One year,0.37868837,0,2132.3184468865397,C1517
102.75,5,20.55,Month-to-month,0.12994257,0,13.351598672568798,C1518
85.2,2,42.6,Month-to-month,0.617746,1,52.63195881843567,C1519
58.8,3,19.6,Month-to-month,0.18588445,0,10.930005419254302,C1520
2495.65,37,67.45,One year,0.14709106,0,367.08780607730154,C1521
1996.65,29,68.85,Month-to-month,0.1405454,0,280.6199689105153,C1522
348.4,8,43.55,Month-to-month,0.24131593,0,84.07447038888931,C1523
6920.549999999999,63,109.85,Month-to-month,0.18973811,0,1313.092075138539,C1524
144.54999999999998,7,20.65,Month-to-month,0.10597131,0,15.318152363598346,C1525
286.20000000000005,3,95.4,Month-to-month,0.55717474,1,159.46341122388841,C1526
1512.0,72,21.0,Two year,0.010111632,0,15.288787320256233,C1527
1067.8,19,56.2,Month-to-month,0.3170107,0,338.50402621030804,C1528
1085.6,59,18.4,Two year,0.018691171,0,20.29113519489765,C1529
180.0,2,90.0,Month-to-month,0.57965523,1,104.33794140815735,C1530
901.25,35,25.75,Month-to-month,0.09034534,0,81.42373586073518,C1531
274.40000000000003,14,19.6,Month-to-month,0.091315195,0,25.056889498233797,C1532
1054.9,14,75.35,Month-to-month,0.35978913,0,379.54155647754675,C1533
1366.2,69,19.8,Two year,0.0095602255,0,13.061180121079088,C1534
449.4,7,64.2,Month-to-month,0.1889404,0,84.90981838703155,C1535
5226.75,69,75.75,Two year,0.037739806,0,197.25653036870062,C1536
5684.400000000001,72,78.95,Two year,0.040102277,0,227.95738310068847,C1537
806.8,8,100.85,Month-to-month,0.72561336,1,585.4248553276062,C1538
201.2,4,50.3,Month-to-month,0.25554398,0,51.41544817686081,C1539
5058.9,63,80.3,Month-to-month,0.1598229,0,808.5280491963028,C1540
1429.2,72,19.85,Two year,0.009791081,0,13.993412736430765,C1541
970.6,46,21.1,Two year,0.021624278,0,20.98852449581027,C1542
349.75,5,69.95,Month-to-month,0.4866768,0,170.21521505713463,C1543
1500.0,30,50.0,Month-to-month,0.16533738,0,248.00607562065125,C1544
6599.25,63,104.75,Two year,0.10198208,0,673.0052377860993,C1545
1191.0,60,19.85,Two year,0.010593783,0,12.617195684462786,C1546
6772.5,63,107.5,One year,0.22064112,0,1494.2919937893748,C1547
2147.5,25,85.9,Month-to-month,0.30861875,0,662.7587745338678,C1548
45.85,1,45.85,Month-to-month,0.6185874,1,28.362231129407885,C1549
484.7999999999999,6,80.8,Month-to-month,0.7786174,1,377.47370681762686,C1550
555.5,22,25.25,Two year,0.020631839,0,11.460986336693168,C1551
2497.0499999999997,31,80.55,Two year,0.025481442,0,63.62843471998348,C1552
3178.5,39,81.5,Month-to-month,0.25043666,0,796.0129353404045,C1553
543.4,26,20.9,Month-to-month,0.07495884,0,40.73263285309076,C1554
5623.299999999999,53,106.1,One year,0.32898468,0,1849.9795386254784,C1555
91.7,1,91.7,Month-to-month,0.7065814,1,64.7935156404972,C1556
807.0,12,67.25,Month-to-month,0.24318674,0,196.251700848341,C1557
1529.6,16,95.6,Month-to-month,0.42586634,0,651.4051469802856,C1558
40.7,2,20.35,Month-to-month,0.15443715,0,6.285592189431191,C1559
1756.9499999999998,39,45.05,One year,0.040036883,0,70.34280194733292,C1560
74.95,1,74.95,Month-to-month,0.8418252,1,63.09479778110981,C1561
242.55,7,34.65,Month-to-month,0.17421249,0,42.25523837059736,C1562
277.4,4,69.35,Month-to-month,0.4650254,0,128.99804461598396,C1563
953.5,10,95.35,Month-to-month,0.8197583,1,781.6395352482796,C1564
4485.25,55,81.55,Month-to-month,0.30559793,0,1370.683120675385,C1565
5428.8,72,75.4,Two year,0.043885175,0,238.24383879303932,C1566
678.0,10,67.8,Month-to-month,0.26546556,0,179.9856480360031,C1567
1225.4,11,111.4,Month-to-month,0.7187947,1,880.8110296487808,C1568
694.5,15,46.3,Month-to-month,0.29159778,0,202.5146606862545,C1569
469.2,23,20.4,Two year,0.012846454,0,6.027556238695979,C1570
20.05,1,20.05,Month-to-month,0.36182004,0,7.254491844773293,C1571
135.0,3,45.0,Month-to-month,0.4106733,0,55.44089421629906,C1572
4516.7,47,96.1,One year,0.19790529,0,893.878810454905,C1573
294.75,15,19.65,One year,0.025969826,0,7.654606120660901,C1574
6567.0,66,99.5,Month-to-month,0.42860284,0,2814.634879678488,C1575
4124.2,68,60.65,One year,0.047069777,0,194.12517349198458,C1576
1676.1999999999998,17,98.6,One year,0.19292414,0,323.3794466257095,C1577
416.5,7,59.5,Month-to-month,0.25498265,0,106.20027384161949,C1578
965.4,12,80.45,Month-to-month,0.5823833,1,562.2328137159348,C1579
1505.7,21,71.7,One year,0.09807633,0,147.67352802604438,C1580
756.0,21,36.0,Month-to-month,0.21684684,0,163.93620997667313,C1581
3651.2,56,65.2,One year,0.0333203,0,121.6590803861618,C1582
293.70000000000005,6,48.95,Month-to-month,0.37058482,0,108.84076038300992,C1583
3477.5,65,53.5,Two year,0.039873626,0,138.66053470410407,C1584
3378.9,42,80.45,One year,0.12829281,0,433.48858887702227,C1585
7415.4,68,109.05,Two year,0.115707874,0,858.0201710700989,C1586
1262.4,48,26.3,Two year,0.015850263,0,20.009371653199196,C1587
5340.0,50,106.8,One year,0.34646204,0,1850.1072996854782,C1588
454.65,7,64.95,Month-to-month,0.3795955,0,172.58308876007794,C1589
1219.0500000000002,63,19.35,Two year,0.029856838,0,36.39697871245444,C1590
358.70000000000005,17,21.1,Month-to-month,0.102474965,0,36.75777000114322,C1591
3273.9,42,77.95,Month-to-month,0.32155392,0,1052.7353647381067,C1592
75.4,4,18.85,Month-to-month,0.07231005,0,5.4521779820323,C1593
1612.0,62,26.0,Two year,0.012063079,0,19.445682674646378,C1594
149.4,2,74.7,Month-to-month,0.56774443,1,84.82101842164994,C1595
140.7,2,70.35,Month-to-month,0.5576256,1,78.4579207599163,C1596
4651.200000000001,48,96.9,Two year,0.061341815,0,285.31304851770403,C1597
527.85,27,19.55,Two year,0.015573264,0,8.22034745500423,C1598
5628.0,70,80.4,Two year,0.030746931,0,173.04372885078192,C1599
88.8,1,88.8,Month-to-month,0.9160392,1,81.34428348541259,C1600
4353.900000000001,46,94.65,One year,0.2680605,0,1167.1086344182493,C1601
2707.5,30,90.25,Month-to-month,0.4530068,0,1226.5159218013287,C1602
969.75,15,64.65,Month-to-month,0.25570843,0,247.97324634343386,C1603
6606.75,69,95.75,One year,0.081140436,0,536.0745770763606,C1604
1270.75,65,19.55,Two year,0.016303595,0,20.717793543823063,C1605
7495.2,72,104.1,Two year,0.079027146,0,592.3242654561997,C1606
1157.65,13,89.05,Month-to-month,0.5885912,1,681.3826235115529,C1607
341.70000000000005,17,20.1,One year,0.026585426,0,9.084240126237274,C1608
5689.05,51,111.55,One year,0.30295444,0,1723.5229304194452,C1609
3085.5,51,60.5,Two year,0.018476259,0,57.00849703140557,C1610
6548.400000000001,72,90.95,Two year,0.011380566,0,74.52450025454164,C1611
5855.8,67,87.4,One year,0.15831454,0,927.0582890838385,C1612
669.8,34,19.7,Month-to-month,0.08450615,0,56.602216999232766,C1613
3413.65,67,50.95,Two year,0.016854305,0,57.53469764981419,C1614
982.45,49,20.05,One year,0.023784434,0,23.367017598729582,C1615
1028.1999999999998,53,19.4,Two year,0.01444061,0,14.847835277579723,C1616
1605.15,27,59.45,Month-to-month,0.08756273,0,140.5513199094683,C1617
2179.25,23,94.75,Month-to-month,0.47200623,0,1028.6195800974965,C1618
5623.5,69,81.5,Two year,0.022624632,0,127.22961998451501,C1619
58.1,2,29.05,Month-to-month,0.43078184,0,25.028424978256226,C1620
3025.75,35,86.45,Month-to-month,0.5118251,1,1548.6547499895096,C1621
3247.6,46,70.6,One year,0.0625326,0,203.08085971176624,C1622
5248.8,54,97.2,Two year,0.17980501,0,943.7605394124985,C1623
5502.0,56,98.25,One year,0.35519543,0,1954.2852718234062,C1624
681.75,9,75.75,Month-to-month,0.502239,1,342.4014306664467,C1625
1184.0,20,59.2,Month-to-month,0.106070794,0,125.58782029151917,C1626
834.9000000000001,11,75.9,Month-to-month,0.4626979,0,386.3064711838961,C1627
2701.5,30,90.05,Month-to-month,0.50527585,1,1365.0026966929436,C1628
4824.6,68,70.95,Two year,0.034040447,0,164.23154216185213,C1629
3898.8,38,102.6,Month-to-month,0.55782264,1,2174.8389271974565,C1630
1450.9499999999998,17,85.35,Month-to-month,0.43710136,0,634.2122242927551,C1631
5092.799999999999,48,106.1,One year,0.3206631,0,1633.0730077743528,C1632
43.8,1,43.8,Month-to-month,0.5900136,1,25.84259669780731,C1633
3717.0,63,59.0,Two year,0.05720861,0,212.6443990431726,C1634
209.85,3,69.95,One year,0.29788485,0,62.51113612800837,C1635
1168.8000000000002,48,24.35,One year,0.035258356,0,41.20996705591679,C1636
1943.7,66,29.45,One year,0.06976772,0,135.60751930251718,C1637
5739.200000000001,68,84.4,Two year,0.021784127,0,125.02346029281618,C1638
765.8499999999999,17,45.05,Month-to-month,0.35300168,0,270.3463396534323,C1639
144.54999999999998,7,20.65,One year,0.03097351,0,4.477220988553017,C1640
6271.2,72,87.1,Two year,0.010299708,0,64.59152732267975,C1641
575.6500000000001,29,19.85,Month-to-month,0.07896073,0,45.45374516025186,C1642
3342.95,37,90.35,Month-to-month,0.28054112,0,937.8349436551332,C1643
3733.2,34,109.8,Month-to-month,0.21517324,0,803.2847562789916,C1644
3555.3,42,84.65,Month-to-month,0.52935183,1,1882.0045629143715,C1645
3864.5,59,65.5,One year,0.032516763,0,125.66102912276983,C1646
874.5,11,79.5,Month-to-month,0.51112777,1,446.981234818697,C1647
4857.0,60,80.95,Month-to-month,0.2144869,0,1041.7628586888313,C1648
1516.05,27,56.15,Month-to-month,0.12599383,0,191.01295043751597,C1649
85.8,1,85.8,Month-to-month,0.87140256,1,74.76633979082108,C1650
79.1,1,79.1,Month-to-month,0.8821324,1,69.77667371034622,C1651
584.8,17,34.4,Month-to-month,0.16160624,0,94.50732756853103,C1652
1203.5,58,20.75,Two year,0.012616654,0,15.184143000748008,C1653
18.8,1,18.8,One year,0.033497598,0,0.6297548428177834,C1654
132.89999999999998,3,44.3,Month-to-month,0.33988738,0,45.17103288173675,C1655
4812.4,53,90.8,Month-to-month,0.18913895,0,910.2122777700423,C1656
896.0,35,25.6,Month-to-month,0.0961122,0,86.116530418396,C1657
5297.5,50,105.95,Month-to-month,0.38659853,0,2048.005699068308,C1658
4814.4,68,70.8,Two year,0.03625382,0,174.5403963267803,C1659
1193.8,47,25.4,Month-to-month,0.0802778,0,95.83563830852508,C1660
7072.0,65,108.8,Month-to-month,0.38526124,0,2724.5674724578857,C1661
348.75,5,69.75,Month-to-month,0.55794626,1,194.58375982940197,C1662
4827.150000000001,51,94.65,Month-to-month,0.49440458,0,2386.565088473261,C1663
4418.3,46,96.05,Month-to-month,0.4403637,0,1945.6589585006238,C1664
691.65,9,76.85,Month-to-month,0.660935,1,457.135682156682,C1665
162.0,8,20.25,Two year,0.014085925,0,2.2819198798388243,C1666
347.2,14,24.8,One year,0.051626634,0,17.924767273664475,C1667
5204.25,45,115.65,Month-to-month,0.28281143,0,1471.821400590241,C1668
596.8,8,74.6,Month-to-month,0.5634293,1,336.25460386276245,C1669
50.15,1,50.15,Month-to-month,0.61108446,1,30.645885729789732,C1670
6807.900000000001,66,103.15,One year,0.12312114,0,838.1964252591134,C1671
5191.2,72,72.1,Two year,0.0257216,0,133.52597136944533,C1672
4657.599999999999,41,113.6,Month-to-month,0.3036516,0,1414.2876971721648,C1673
577.3000000000001,23,25.1,Two year,0.020535637,0,11.855223063007,C1674
2288.1000000000004,29,78.9,Month-to-month,0.48472565,0,1109.1007692039016,C1675
320.6,4,80.15,Month-to-month,0.5567664,1,178.49930489063263,C1676
152.39999999999998,6,25.4,Two year,0.016139133,0,2.459603854268789,C1677
7061.8,67,105.4,One year,0.11007467,0,777.3252984106541,C1678
320.25,7,45.75,Month-to-month,0.28061175,0,89.86591404676437,C1679
1369.2,56,24.45,One year,0.03772578,0,51.65413819402456,C1680
1800.0,72,25.0,Two year,0.012317065,0,22.170717269182205,C1681
6138.0,72,85.25,Two year,0.032071147,0,196.8527009859681,C1682
450.8,23,19.6,Two year,0.011543363,0,5.203748190402985,C1683
1755.25,35,50.15,Month-to-month,0.14358622,0,252.02970977127552,C1684
1904.85,27,70.55,Month-to-month,0.34125984,0,650.0488007962704,C1685
1561.3,26,60.05,Month-to-month,0.19081362,0,297.9172985330224,C1686
316.79999999999995,12,26.4,One year,0.035143998,0,11.133618414402006,C1687
806.0,40,20.15,Two year,0.011741823,0,9.4639090038836,C1688
411.95,7,58.85,Month-to-month,0.26066855,0,107.3824075087905,C1689
6828.5,70,97.55,Month-to-month,0.24148418,0,1648.974723763764,C1690
1179.0,60,19.65,Two year,0.012097953,0,14.26348645426333,C1691
984.75,39,25.25,One year,0.07877097,0,77.5697154533118,C1692
8240.4,72,114.45,Two year,0.028814347,0,237.44174881651998,C1693
34.7,1,34.7,Month-to-month,0.7648624,1,26.540725910663607,C1694
3817.8,54,70.7,One year,0.0643825,0,245.79951211363078,C1695
255.9,3,85.3,Month-to-month,0.8288709,1,212.10806139707566,C1696
4759.65,63,75.55,Two year,0.019313984,0,91.92780213318764,C1697
6020.8,71,84.8,Two year,0.030490274,0,183.5758393496275,C1698
867.3,42,20.65,One year,0.020942397,0,18.16334127858281,C1699
961.15,47,20.45,Two year,0.011586872,0,11.136721955006943,C1700
6761.7,66,102.45,One year,0.20931073,0,1415.2963314726949,C1701
2192.4,21,104.4,Month-to-month,0.65440077,1,1434.7082391500473,C1702
392.15,11,35.65,Month-to-month,0.36173162,0,141.85305425077675,C1703
99.75,1,99.75,Month-to-month,0.8524547,1,85.03235851228237,C1704
4974.75,55,90.45,Month-to-month,0.16842017,0,837.8482197001576,C1705
6737.85,69,97.65,Two year,0.05162468,0,347.83936227019876,C1706
221.55,3,73.85,Month-to-month,0.47070602,0,104.28491780608893,C1707
297.6,4,74.4,Month-to-month,0.3263347,0,97.11721115112306,C1708
2073.0,30,69.1,Two year,0.025775056,0,53.43169177696109,C1709
413.75,5,82.75,Month-to-month,0.7206884,1,298.1848265975714,C1710
1732.4,71,24.4,Two year,0.018113734,0,31.380233129113915,C1711
1602.25,29,55.25,One year,0.07761022,0,124.35097024403512,C1712
3190.2000000000003,52,61.35,Month-to-month,0.07221282,0,230.3733470901847,C1713
5219.0,68,76.75,One year,0.11836848,0,617.7650795280933,C1714
892.4,46,19.4,Two year,0.010969024,0,9.788757152855396,C1715
438.0,8,54.75,Month-to-month,0.30508694,0,133.62807995080948,C1716
1418.4,72,19.7,Two year,0.0103388615,0,14.664641144871712,C1717
338.29999999999995,17,19.9,One year,0.037043836,0,12.531929707899687,C1718
323.85,3,107.95,Month-to-month,0.7465042,1,241.7553811490536,C1719
167.6,2,83.8,Month-to-month,0.72183895,1,120.98020820617675,C1720
668.25,9,74.25,Month-to-month,0.44430357,0,296.90586210787296,C1721
2876.4,51,56.4,One year,0.113875195,0,327.55061200261116,C1722
120.6,6,20.1,Two year,0.014843533,0,1.7901300575584171,C1723
284.70000000000005,3,94.9,Month-to-month,0.7453445,1,212.1995847344399,C1724
1601.4,17,94.2,Month-to-month,0.6710159,1,1074.5648914933206,C1725
1497.0,30,49.9,Month-to-month,0.18478048,0,276.6163762807846,C1726
2202.5499999999997,31,71.05,Month-to-month,0.1290071,0,284.1445904374122,C1727
3674.250000000001,45,81.65,Two year,0.019405143,0,71.29934790031986,C1728
5724.8,64,89.45,One year,0.056622438,0,324.1521338224411,C1729
59.85,1,59.85,Month-to-month,0.6203077,1,37.125414884090425,C1730
69.6,1,69.6,Month-to-month,0.84159136,1,58.57475852966308,C1731
6039.0,61,99.0,One year,0.20655666,0,1247.3956873565912,C1732
19.05,1,19.05,Month-to-month,0.21924733,0,4.176661565154791,C1733
408.6,9,45.4,Month-to-month,0.67647356,1,276.40709577798845,C1734
8240.4,72,114.45,Two year,0.026698228,0,220.0040777787566,C1735
19.5,1,19.5,Month-to-month,0.31612,0,6.164339974522591,C1736
309.75,7,44.25,Month-to-month,0.2847931,0,88.21466542035341,C1737
5976.3,66,90.55,One year,0.051780738,0,309.45722412988545,C1738
69.9,1,69.9,Month-to-month,0.81910145,1,57.25519155263901,C1739
816.0,40,20.4,Month-to-month,0.08760048,0,71.48198926448822,C1740
1142.4,16,71.4,Month-to-month,0.21319501,0,243.553980588913,C1741
174.3,2,87.15,Month-to-month,0.73936427,1,128.87119163274767,C1742
1664.95,67,24.85,Two year,0.014987199,0,24.952936368901284,C1743
4282.45,41,104.45,One year,0.24459076,0,1047.4476970672606,C1744
1108.8,56,19.8,Two year,0.016575867,0,18.379321673512457,C1745
8384.4,72,116.45,Two year,0.035222646,0,295.32075185626746,C1746
254.25,3,84.75,Month-to-month,0.8387698,1,213.2572200000286,C1747
1082.7,54,20.05,Two year,0.01169377,0,12.660844850353897,C1748
5759.0,52,110.75,Month-to-month,0.40482175,0,2331.3684784173965,C1749
4485.0,50,89.7,Two year,0.03165208,0,141.95958668366075,C1750
1259.3,14,89.95,Month-to-month,0.69528836,1,875.5766318976879,C1751
1314.9,27,48.7,One year,0.05903165,0,77.62071714252234,C1752
6955.2,72,96.6,Two year,0.024355745,0,169.39907722771167,C1753
4606.599999999999,62,74.3,One year,0.078990415,0,363.8772445350885,C1754
651.5999999999999,12,54.3,Month-to-month,0.30348995,0,197.75405355691908,C1755
3293.3999999999996,44,74.85,One year,0.07913133,0,260.6111142173409,C1756
4317.3,54,79.95,Two year,0.031117382,0,134.34307127092035,C1757
1363.4,68,20.05,Two year,0.009787161,0,13.343815175443888,C1758
388.0,20,19.4,Month-to-month,0.09149683,0,35.50077107548714,C1759
2745.0,50,54.9,One year,0.05124398,0,140.66472368314862,C1760
1418.1,58,24.45,Two year,0.023716405,0,33.632233978807925,C1761
3137.75,35,89.65,Month-to-month,0.30747762,0,964.7879122719169,C1762
90.8,2,45.4,Month-to-month,0.59269553,1,53.81675450801849,C1763
4769.1,63,75.7,Two year,0.02218713,0,105.81264419015498,C1764
6417.700000000001,58,110.65,One year,0.23206203,0,1489.3044697687033,C1765
554.85,27,20.55,One year,0.018557278,0,10.296505942102522,C1766
8175.650000000001,71,115.15,Two year,0.026025223,0,212.773111267481,C1767
3688.65,63,58.55,One year,0.054229803,0,200.03476424999536,C1768
6620.75,71,93.25,Month-to-month,0.1784079,0,1181.1940548308194,C1769
4641.2,41,113.2,Month-to-month,0.44097596,0,2046.6576444387435,C1770
1176.5,13,90.5,Month-to-month,0.7000396,1,823.5966190099716,C1771
158.0,2,79.0,Month-to-month,0.6613981,1,104.50090181827545,C1772
1315.8000000000002,68,19.35,Two year,0.02524069,0,33.21169926524163,C1773
48.75,1,48.75,Month-to-month,0.44459313,0,21.673915162682533,C1774
7088.25,65,109.05,Two year,0.2048296,0,1451.883436538279,C1775
1800.0,72,25.0,Two year,0.016422885,0,29.5611921697855,C1776
1537.2,28,54.9,Month-to-month,0.14123997,0,217.11408330202104,C1777
1782.0,72,24.75,Two year,0.011745802,0,20.931019390001893,C1778
182.3,2,91.15,Month-to-month,0.51499724,1,93.88399755954742,C1779
362.7,18,20.15,One year,0.0328224,0,11.904684600234031,C1780
6261.0,60,104.35,One year,0.30188936,0,1890.1292826533318,C1781
1717.3,26,66.05,Month-to-month,0.22083099,0,379.2330623283982,C1782
71.65,1,71.65,Month-to-month,0.7512207,1,53.824963378906254,C1783
81.4,4,20.35,Month-to-month,0.13924475,0,11.334522661566735,C1784
6269.6,68,92.2,Two year,0.019425547,0,121.7904079064727,C1785
3201.5,38,84.25,Month-to-month,0.30655587,0,981.4386088252068,C1786
4418.400000000001,42,105.2,One year,0.26617303,0,1176.058937430382,C1787
1117.2,57,19.6,Two year,0.015668457,0,17.50480057820678,C1788
1641.6,54,30.4,Month-to-month,0.28541628,0,468.539357471466,C1789
937.2,12,78.1,Month-to-month,0.481055,0,450.84473801851277,C1790
2706.0,44,61.5,One year,0.06479048,0,175.323038443923,C1791
2914.8,42,69.4,Month-to-month,0.11047998,0,322.027047765255,C1792
1782.0,72,24.75,Two year,0.011524471,0,20.536608131602407,C1793
6464.55,71,91.05,Two year,0.011099437,0,71.75286708539352,C1794
1703.35,19,89.65,Month-to-month,0.37455085,0,637.9911889836192,C1795
1693.95,23,73.65,Month-to-month,0.12538622,0,212.39799278452992,C1796
582.0,30,19.4,Two year,0.013126039,0,7.639354666694999,C1797
917.0,35,26.2,One year,0.02782345,0,25.5141036901623,C1798
987.0,10,98.7,Month-to-month,0.79465157,1,784.3210975527763,C1799
43.85,1,43.85,Month-to-month,0.5959315,1,26.1315949767828,C1800
1533.4,22,69.7,Month-to-month,0.31056026,0,476.21309692263605,C1801
269.84999999999997,7,38.55,Two year,0.027835436,0,7.5113924492150534,C1802
1911.6,36,53.1,Two year,0.023914395,0,45.71475729122758,C1803
702.0999999999999,34,20.65,Month-to-month,0.06881656,0,48.316105039417735,C1804
4640.400000000001,72,64.45,Two year,0.015362752,0,71.2893128503114,C1805
903.6,36,25.1,Two year,0.01854519,0,16.75743356868625,C1806
76.35,1,76.35,Month-to-month,0.7897652,1,60.29857142865657,C1807
1820.45,23,79.15,Month-to-month,0.49344486,0,898.2916953533888,C1808
2720.0,32,85.0,Month-to-month,0.58636767,1,1594.9200534820557,C1809
6755.650000000001,71,95.15,One year,0.04846514,0,327.4135241482407,C1810
1825.05,23,79.35,Month-to-month,0.3635832,0,663.5575321733951,C1811
1643.0500000000002,17,96.65,One year,0.26197195,0,430.43301331996923,C1812
75.5,1,75.5,Month-to-month,0.3876588,0,29.268239751458168,C1813
236.4,12,19.7,Two year,0.012347319,0,2.9189062502235177,C1814
1476.0,72,20.5,Two year,0.010550185,0,15.572073217481375,C1815
19.2,1,19.2,Month-to-month,0.2167784,0,4.1621452331542965,C1816
7081.2,72,98.35,Two year,0.041040726,0,290.61758899390696,C1817
4461.0,60,74.35,Month-to-month,0.1676842,0,748.0392047166824,C1818
3132.35,61,51.35,Two year,0.0149572985,0,46.85149403377436,C1819
273.9,6,45.65,Month-to-month,0.27507666,0,75.34349649846553,C1820
2729.6,32,85.3,Month-to-month,0.5479655,1,1495.7267013549804,C1821
2683.0499999999997,31,86.55,Month-to-month,0.38623875,0,1036.2978883713483,C1822
1403.15,19,73.85,Month-to-month,0.34095064,0,478.4048877879978,C1823
1461.6,72,20.3,Two year,0.010043399,0,14.679432575404643,C1824
1734.4,32,54.2,Month-to-month,0.18676502,0,323.9252422332764,C1825
5892.25,65,90.65,Month-to-month,0.28613463,0,1685.9767762199044,C1826
2290.5,45,50.9,Month-to-month,0.17318878,0,396.6888909190893,C1827
1052.1,42,25.05,One year,0.043730486,0,46.00884451456368,C1828
598.8,8,74.85,Month-to-month,0.6656775,1,398.60767972469324,C1829
656.0,32,20.5,Two year,0.011424342,0,7.494368463754654,C1830
1398.1,22,63.55,Month-to-month,0.14250818,0,199.24068498909472,C1831
2556.4500000000003,57,44.85,Month-to-month,0.45033723,0,1151.2646145969632,C1832
47.95,1,47.95,Month-to-month,0.38956377,0,18.67958272844553,C1833
45.1,1,45.1,Month-to-month,0.6819782,1,30.757217979431154,C1834
45.0,1,45.0,Month-to-month,0.65585697,1,29.5135635137558,C1835
2304.0,24,96.0,Month-to-month,0.5169507,1,1191.0544738769531,C1836
20.05,1,20.05,Month-to-month,0.35274133,0,7.072463683784008,C1837
4862.7,54,90.05,Month-to-month,0.409683,0,1992.1654711961746,C1838
101.2,4,25.3,Two year,0.026850406,0,2.7172610953450205,C1839
7062.25,65,108.65,Two year,0.18792692,0,1327.1868785396218,C1840
1360.8,56,24.3,One year,0.06790575,0,92.40613970160484,C1841
3417.75,45,75.95,Month-to-month,0.13815333,0,472.1735418699682,C1842
1398.7,71,19.7,Two year,0.009001451,0,12.590328972600402,C1843
3917.6,59,66.4,One year,0.05495705,0,215.29974233210086,C1844
2466.75,69,35.75,One year,0.0679952,0,167.72715484164655,C1845
357.2,19,18.8,One year,0.021465102,0,7.6673345096409316,C1846
1067.0,55,19.4,Two year,0.011722809,0,12.508236886933446,C1847
733.4,38,19.3,One year,0.018251497,0,13.385648118704557,C1848
455.5,10,45.55,Month-to-month,0.44993225,0,204.94413869082928,C1849
3170.15,47,67.45,Month-to-month,0.123509675,0,391.5441970393062,C1850
70.2,2,35.1,Month-to-month,0.75931776,1,53.30410645008087,C1851
46.2,1,46.2,Month-to-month,0.5698923,1,26.32902367115021,C1852
45.15,1,45.15,Month-to-month,0.63760865,1,28.78803042769432,C1853
43.3,1,43.3,Month-to-month,0.8339646,1,36.11066658496856,C1854
924.6,46,20.1,Two year,0.0110653695,0,10.231040613725781,C1855
2171.7,38,57.15,Month-to-month,0.20341164,0,441.74905584454535,C1856
3828.5,65,58.9,Two year,0.0211165,0,80.84452300798148,C1857
1390.8,19,73.2,Month-to-month,0.37501544,0,521.571470618248,C1858
4438.2,52,85.35,Month-to-month,0.43722847,0,1940.5074001729488,C1859
1380.95,71,19.45,Two year,0.009839171,0,13.587402657186614,C1860
45.95,1,45.95,Month-to-month,0.58218396,1,26.751352828741076,C1861
2626.0,52,50.5,Month-to-month,0.21370427,0,561.1874211728573,C1862
150.60000000000002,6,25.1,One year,0.046724875,0,7.036766103655101,C1863
1578.2,26,60.7,One year,0.07588118,0,119.75568324327469,C1864
4752.0,48,99.0,One year,0.3120679,0,1482.9466423988342,C1865
6681.6,64,104.4,One year,0.15939991,0,1065.0464504241943,C1866
251.25,3,83.75,Month-to-month,0.57119226,1,143.5120564699173,C1867
44.05,1,44.05,Month-to-month,0.5959315,1,26.250781270861623,C1868
1735.2,72,24.1,Two year,0.01649082,0,28.614872244000434,C1869
45.55,1,45.55,Month-to-month,0.6185874,1,28.176654917001724,C1870
4783.8,51,93.8,Month-to-month,0.24241343,0,1159.6573731601238,C1871
807.6999999999999,41,19.7,Two year,0.010973442,0,8.8632493827492,C1872
5086.8,72,70.65,Two year,0.022759713,0,115.77410927116871,C1873
3717.35,43,86.45,Two year,0.023184912,0,86.18643366126344,C1874
8215.199999999999,72,114.1,Two year,0.026647694,0,218.91613910794254,C1875
4474.400000000001,47,95.2,One year,0.28577742,0,1278.682487177849,C1876
6375.599999999999,72,88.55,Two year,0.012820817,0,81.74039830751717,C1877
62.25,3,20.75,Month-to-month,0.21509942,0,13.389939151704311,C1878
70.05,1,70.05,Month-to-month,0.7711751,1,54.020814809203145,C1879
172.0,2,86.0,Month-to-month,0.83701634,1,143.96681118011475,C1880
1160.9,26,44.65,Month-to-month,0.19640633,0,228.00811388194563,C1881
1745.8000000000002,29,60.2,Month-to-month,0.13081348,0,228.37417237758638,C1882
3517.5,35,100.5,Month-to-month,0.30288038,0,1065.3817246109247,C1883
1497.15,27,55.45,One year,0.05067143,0,75.86272909194231,C1884
1687.1999999999998,24,70.3,Month-to-month,0.08859645,0,149.47992757558822,C1885
4046.8,67,60.4,Two year,0.019802755,0,80.13778790161014,C1886
1162.4,16,72.65,Month-to-month,0.44748732,0,520.1592659711838,C1887
1283.4,23,55.8,One year,0.05918709,0,75.96070894673467,C1888
435.4,14,31.1,Month-to-month,0.25888932,0,112.72040884494781,C1889
21.0,1,21.0,Month-to-month,0.45255074,0,9.503565520048141,C1890
45.1,1,45.1,Month-to-month,0.6562667,1,29.597627687454224,C1891
203.8,4,50.95,Month-to-month,0.42503995,0,86.62314120531083,C1892
1105.6,16,69.1,Month-to-month,0.24497952,0,270.8493525266647,C1893
2021.7,46,43.95,Month-to-month,0.38262138,0,773.5456393092871,C1894
5882.0,68,86.5,Two year,0.01726481,0,101.55160924047232,C1895
2658.1,38,69.95,Month-to-month,0.15228176,0,404.7801493644714,C1896
1512.0,30,50.4,Month-to-month,0.19199947,0,290.30319142341614,C1897
394.75,5,78.95,Month-to-month,0.6191194,1,244.39738541841507,C1898
1546.15,17,90.95,Month-to-month,0.3908404,0,604.2979017555714,C1899
79.6,4,19.9,Two year,0.01644347,0,1.308900251239538,C1900
241.8,12,20.15,One year,0.04649189,0,11.241739279031753,C1901
6523.2,72,90.6,Two year,0.011266435,0,73.49320595562457,C1902
276.0,3,92.0,Month-to-month,0.7193487,1,198.5402491092682,C1903
5289.2,56,94.45,Month-to-month,0.22931463,0,1212.8909159421921,C1904
1018.85,41,24.85,One year,0.03490454,0,35.56249015629292,C1905
1440.0,40,36.0,One year,0.054654267,0,78.70214402675629,C1906
549.5,7,78.5,Month-to-month,0.29773656,0,163.60623715817928,C1907
1376.55,69,19.95,Two year,0.010294105,0,14.170350136281922,C1908
144.54999999999998,7,20.65,One year,0.030634964,0,4.428284029569476,C1909
152.5,5,30.5,Month-to-month,0.41241416,0,62.89315991103649,C1910
7639.2,72,106.1,Two year,0.03748094,0,286.32439058125016,C1911
902.0,44,20.5,One year,0.02251038,0,20.30436235666275,C1912
6207.5,65,95.5,One year,0.21762893,0,1350.9315583854914,C1913
193.8,3,64.6,Month-to-month,0.29611126,0,57.38636139035225,C1914
1226.4,24,51.1,Month-to-month,0.117565304,0,144.18208887577057,C1915
3731.2,44,84.8,Month-to-month,0.3849569,0,1436.3511714935303,C1916
6415.2,72,89.1,Two year,0.01627862,0,104.43060821592807,C1917
1318.8000000000002,24,54.95,Month-to-month,0.089928366,0,118.59752940237524,C1918
50.9,1,50.9,Month-to-month,0.5283445,1,26.89273566007614,C1919
449.9,22,20.45,Month-to-month,0.10867907,0,48.8947140738368,C1920
6016.5,70,85.95,Two year,0.01792201,0,107.82777480594814,C1921
1508.75,25,60.35,Month-to-month,0.17352615,0,261.8075832910836,C1922
732.6,37,19.8,Two year,0.012482486,0,9.144669048674405,C1923
1877.7,22,85.35,Month-to-month,0.4120307,0,773.670039510727,C1924
4253.9,59,72.1,Two year,0.022331152,0,94.99448796622454,C1925
4890.2,49,99.8,Month-to-month,0.5310581,1,2596.9801887989042,C1926
5045.45,47,107.35,Month-to-month,0.46454248,0,2343.8258472546936,C1927
606.0500000000001,31,19.55,Month-to-month,0.09482679,0,57.46977469176055,C1928
81.05,1,81.05,Month-to-month,0.8278017,1,67.09332814216613,C1929
61.5,3,20.5,Month-to-month,0.28545234,0,17.555318668484688,C1930
5925.4,53,111.8,One year,0.24141505,0,1430.4807586371899,C1931
20.2,1,20.2,Month-to-month,0.3679651,0,7.432895064353943,C1932
394.0,20,19.7,One year,0.023953142,0,9.437537807971239,C1933
237.3,3,79.1,Month-to-month,0.5037008,1,119.52819812893868,C1934
1012.35,51,19.85,One year,0.026394082,0,26.72004914889112,C1935
3085.5,51,60.5,One year,0.041325822,0,127.51082523912191,C1936
254.15,13,19.55,Two year,0.0129015865,0,3.2789382040034982,C1937
20.9,1,20.9,Month-to-month,0.42350042,0,8.85115875005722,C1938
21.05,1,21.05,Month-to-month,0.42270744,0,8.897991579771043,C1939
4504.5,63,71.5,One year,0.094630264,0,426.26202304288745,C1940
163.95,3,54.65,Month-to-month,0.46404508,0,76.08019046634435,C1941
883.1999999999999,46,19.2,Two year,0.017527029,0,15.479871940612792,C1942
49.8,1,49.8,Month-to-month,0.51415205,1,25.604772090911865,C1943
204.0,8,25.5,Month-to-month,0.2240078,0,45.69759124517441,C1944
1455.5,71,20.5,Two year,0.00925916,0,13.476706909481436,C1945
4972.0,55,90.4,Month-to-month,0.23264492,0,1156.7105202674866,C1946
6317.5,70,90.25,One year,0.055332977,0,349.5660842489451,C1947
161.5,2,80.75,Month-to-month,0.6549609,1,105.77618062496185,C1948
7008.2,67,104.6,Two year,0.081147134,0,568.6953466296196,C1949
5970.25,65,91.85,Month-to-month,0.2748239,0,1640.7674130797386,C1950
702.8000000000001,14,50.2,Month-to-month,0.172435,0,121.18731837868691,C1951
1910.0,20,95.5,Month-to-month,0.35475284,0,677.5779217481613,C1952
75.35,1,75.35,Month-to-month,0.7594791,1,57.22675059735774,C1953
75.45,1,75.45,Month-to-month,0.8320015,1,62.7745137244463,C1954
4674.6,49,95.4,Month-to-month,0.43584225,0,2037.3881622970105,C1955
7293.599999999999,72,101.3,Two year,0.024167212,0,176.26597544699905,C1956
2442.6,46,53.1,Month-to-month,0.13046442,0,318.67239161431786,C1957
2036.4,24,84.85,Month-to-month,0.3494817,0,711.6845376491547,C1958
171.25,5,34.25,Month-to-month,0.27109098,0,46.424331068992615,C1959
2923.7999999999997,33,88.6,Month-to-month,0.21252003,0,621.3660728394984,C1960
2526.2999999999997,42,60.15,One year,0.056963906,0,143.90791494995355,C1961
2298.85,23,99.95,One year,0.20542164,0,472.2335404910147,C1962
565.6,8,70.7,Month-to-month,0.4622491,0,261.4480910778046,C1963
3616.8,66,54.8,One year,0.0444013,0,160.59061897695065,C1964
1189.1999999999998,24,49.55,Month-to-month,0.18420103,0,219.05186716318127,C1965
1315.1999999999998,24,54.8,Month-to-month,0.16010906,0,210.57543311119076,C1966
5423.4,69,78.6,One year,0.16992448,0,921.5684394925833,C1967
5315.9,53,100.3,One year,0.19933921,0,1059.6673116862773,C1968
3216.0,60,53.6,Two year,0.047869246,0,153.9474965929985,C1969
567.6999999999999,7,81.1,Month-to-month,0.7022157,1,398.64783673286433,C1970
387.0,20,19.35,One year,0.027764147,0,10.74472494609654,C1971
1968.8,23,85.6,Month-to-month,0.42720965,0,841.0903500795364,C1972
5817.599999999999,72,80.8,Two year,0.029782481,0,173.26256432533262,C1973
824.45,11,74.95,Month-to-month,0.62881505,1,518.4265720069409,C1974
411.6,21,19.6,Two year,0.0113875335,0,4.687108791992069,C1975
93.55,1,93.55,Month-to-month,0.9166835,1,85.75574096143245,C1976
2811.7000000000003,31,90.7,Month-to-month,0.5128953,1,1442.107675880194,C1977
3975.75,57,69.75,Two year,0.016007826,0,63.643113154917955,C1978
900.0,45,20.0,Two year,0.013334097,0,12.00068760663271,C1979
952.5,10,95.25,Month-to-month,0.6609938,1,629.5966082811356,C1980
5921.799999999999,58,102.1,Month-to-month,0.36176386,0,2142.2932543098923,C1981
279.3,14,19.95,Month-to-month,0.08618957,0,24.072746354341508,C1982
2182.95,27,80.85,One year,0.105575696,0,230.46646478399632,C1983
1272.6,14,90.9,Month-to-month,0.5717552,1,727.6156303882599,C1984
350.4,12,29.2,Month-to-month,0.2312017,0,81.01307337284088,C1985
6437.7,69,93.3,Two year,0.028626623,0,184.28960851896554,C1986
2228.75,25,89.15,Month-to-month,0.3863435,0,861.0630955919623,C1987
6313.299999999999,58,108.85,One year,0.34622473,0,2185.820557898283,C1988
1622.25,35,46.35,Two year,0.025052987,0,40.64220822416246,C1989
1356.0,16,84.75,Month-to-month,0.5989267,1,812.1446363925934,C1990
3543.75,45,78.75,One year,0.11379151,0,403.24866520240903,C1991
1420.35,17,83.55,Month-to-month,0.4746311,0,674.1422841534018,C1992
45.7,1,45.7,Month-to-month,0.686404,1,31.368662333488466,C1993
431.2000000000001,22,19.6,One year,0.020605428,0,8.885060615837576,C1994
69.95,1,69.95,Month-to-month,0.7656959,1,53.56043027043343,C1995
4545.95,67,67.85,Two year,0.037031386,0,168.34282940309495,C1996
7078.55,67,105.65,Two year,0.071479686,0,505.97252853624525,C1997
89.2,2,44.6,Month-to-month,0.6438212,1,57.428849244117735,C1998
1723.85,23,74.95,Month-to-month,0.4967088,0,856.2514826864003,C1999
679.5,9,75.5,Month-to-month,0.38043427,0,258.50508964061737,C2000
100.75,5,20.15,Month-to-month,0.12575515,0,12.669830974191427,C2001
2440.8,54,45.2,Two year,0.019146614,0,46.73305490612984,C2002
5429.25,57,95.25,Two year,0.29908773,0,1623.8220745548606,C2003
2156.3999999999996,24,89.85,Month-to-month,0.37259272,0,803.4589358210562,C2004
4922.05,49,100.45,One year,0.17780013,0,875.1411486901343,C2005
235.75,5,47.15,Month-to-month,0.4263432,0,100.51041001081467,C2006
160.4,2,80.2,Month-to-month,0.722921,1,115.9565306186676,C2007
348.4,4,87.1,Month-to-month,0.78788644,1,274.49963595867155,C2008
5547.5,70,79.25,Two year,0.025545733,0,141.71495409216732,C2009
379.5,5,75.9,Month-to-month,0.6904512,1,262.0262322127819,C2010
4542.1,53,85.7,Month-to-month,0.1310316,0,595.1586422652007,C2011
4641.25,47,98.75,Month-to-month,0.34669983,0,1609.1206039488316,C2012
623.1,31,20.1,One year,0.019485913,0,12.141672525554895,C2013
803.4,13,61.8,Month-to-month,0.11735649,0,94.28420134931802,C2014
1397.2,28,49.9,Month-to-month,0.14225546,0,198.75932208299636,C2015
864.5,10,86.45,Month-to-month,0.6585808,1,569.3430843353271,C2016
775.1999999999999,38,20.4,Two year,0.011584852,0,8.980577185750008,C2017
45.3,1,45.3,Month-to-month,0.6261607,1,28.365078860521315,C2018
6974.7,67,104.1,One year,0.27403018,0,1911.278287974,C2019
3920.8,52,75.4,One year,0.08100406,0,317.600721603632,C2020
6705.3,62,108.15,Two year,0.08178983,0,548.4253393001854,C2021
1380.0,16,86.25,Month-to-month,0.43748993,0,603.7360990047455,C2022
405.0,5,81.0,Month-to-month,0.7732611,1,313.17073345184326,C2023
1148.4,12,95.7,One year,0.33802173,0,388.18414946794513,C2024
8413.199999999999,72,116.85,Two year,0.03473443,0,292.2277203932404,C2025
7508.25,71,105.75,One year,0.105386004,0,791.2644634209573,C2026
483.6,24,20.15,One year,0.020537144,0,9.931762631982565,C2027
294.0,15,19.6,Two year,0.012139437,0,3.568994415923953,C2028
6070.2,67,90.6,One year,0.14948423,0,907.3991854995489,C2029
121.9,2,60.95,Month-to-month,0.17311712,0,21.102976451814175,C2030
125.25,5,25.05,Month-to-month,0.23038393,0,28.8555875569582,C2031
1322.25,15,88.15,Month-to-month,0.4289765,0,567.21418505162,C2032
20.2,1,20.2,Month-to-month,0.42498732,0,8.584743785858153,C2033
2472.2999999999997,41,60.3,One year,0.069002494,0,170.59486645013092,C2034
2749.85,43,63.95,Month-to-month,0.15795995,0,434.3661766208708,C2035
74.3,1,74.3,Month-to-month,0.76146764,1,56.577045327425,C2036
70.6,1,70.6,Month-to-month,0.7460318,1,52.66984654664993,C2037
2360.7999999999997,26,90.8,Month-to-month,0.5141773,1,1213.869822692871,C2038
1745.6999999999998,22,79.35,Month-to-month,0.528009,1,921.7453068315982,C2039
6429.05,71,90.55,Two year,0.0122363465,0,78.66808340591379,C2040
136.15,7,19.45,Two year,0.014365481,0,1.9558602671138943,C2041
1804.6,28,64.45,Month-to-month,0.085334286,0,153.9942526847124,C2042
1114.4,16,69.65,Month-to-month,0.40983894,0,456.724519944191,C2043
136.5,7,19.5,One year,0.026862955,0,3.6667933193966746,C2044
7624.5,69,110.5,Two year,0.04898574,0,373.4917617235333,C2045
24.7,1,24.7,Month-to-month,0.53584075,1,13.235266518592834,C2046
232.2,3,77.4,Month-to-month,0.3676745,0,85.37401884198188,C2047
2032.8,21,96.8,Month-to-month,0.5620734,1,1142.5828269481658,C2048
5892.6,69,85.4,Month-to-month,0.23157147,0,1364.558018964529,C2049
3379.6,71,47.6,Two year,0.013500111,0,45.62497573569417,C2050
1338.6,69,19.4,Two year,0.011028212,0,14.762363999336957,C2051
4984.799999999999,48,103.85,Month-to-month,0.4720604,0,2353.1267425775522,C2052
3917.45,47,83.35,Month-to-month,0.35971525,0,1409.1665183141827,C2053
98.8,2,49.4,Month-to-month,0.6035899,1,59.634681367874144,C2054
4880.25,45,108.45,Month-to-month,0.212906,0,1039.0345211327076,C2055
4131.0,51,81.0,Month-to-month,0.29343873,0,1212.195404469967,C2056
1742.4,22,79.2,Month-to-month,0.2556451,0,445.4360157966614,C2057
6238.8,72,86.65,Two year,0.011133052,0,69.45688736736774,C2058
3439.15,37,92.95,Month-to-month,0.38363138,0,1319.3658550664784,C2059
6414.849999999999,71,90.35,Two year,0.02415616,0,154.95814716257155,C2060
340.90000000000003,7,48.7,Month-to-month,0.3171462,0,108.11514362394811,C2061
1659.9,66,25.15,Two year,0.019915447,0,33.057649876177315,C2062
3896.4,51,76.4,One year,0.06538548,0,254.76799676120282,C2063
586.5,30,19.55,One year,0.024946442,0,14.631088159047067,C2064
2901.8999999999996,34,85.35,Month-to-month,0.49523574,0,1437.1245972096917,C2065
1587.2,64,24.8,Two year,0.016850933,0,26.745801544189455,C2066
6704.75,65,103.15,One year,0.22798587,0,1528.5882874839008,C2067
4735.25,47,100.75,Month-to-month,0.16907844,0,800.6286805197597,C2068
95.6,1,95.6,Month-to-month,0.7715666,1,73.76176977157593,C2069
2927.75,49,59.75,Month-to-month,0.14171633,0,414.9099887982011,C2070
6304.7,67,94.1,Two year,0.034097042,0,214.97162028588355,C2071
754.6500000000001,39,19.35,One year,0.024627762,0,18.585340529400856,C2072
278.59999999999997,14,19.9,Month-to-month,0.096689776,0,26.93777147829532,C2073
4650.45,43,108.15,Month-to-month,0.41081166,0,1910.4590966820715,C2074
5658.8,56,101.05,Month-to-month,0.5029528,1,2846.109384441376,C2075
827.4,14,59.1,One year,0.112322785,0,92.93587227612734,C2076
71.35,1,71.35,Month-to-month,0.7350742,1,52.44754574596882,C2077
893.6,16,55.85,One year,0.087989755,0,78.62764504551888,C2078
7423.5,70,106.05,Month-to-month,0.28466848,0,2113.236427053809,C2079
6055.2,72,84.1,Two year,0.025681049,0,155.5038856744766,C2080
1731.9,23,75.3,Month-to-month,0.30694762,0,531.6025808662176,C2081
518.6999999999999,21,24.7,Month-to-month,0.074720874,0,38.75771756619214,C2082
20.15,1,20.15,Month-to-month,0.45257798,0,9.119446264207362,C2083
69.75,1,69.75,Month-to-month,0.74527514,1,51.98294100165367,C2084
2982.4,32,93.2,Month-to-month,0.53880453,1,1606.9306335449219,C2085
1374.4499999999998,17,80.85,Month-to-month,0.4094749,0,562.8027890950441,C2086
134.6,4,33.65,Month-to-month,0.43110552,0,58.02680357098579,C2087
2008.8,36,55.8,One year,0.05661477,0,113.72775295972824,C2088
1985.0,50,39.7,Two year,0.027074039,0,53.741967380046844,C2089
1416.0,48,29.5,Month-to-month,0.16772674,0,237.50106418132782,C2090
1007.5,50,20.15,Two year,0.010593168,0,10.672617200762033,C2091
5727.599999999999,72,79.55,Two year,0.014421675,0,82.60158775895833,C2092
248.0,10,24.8,Month-to-month,0.095661625,0,23.724083065986633,C2093
353.7,18,19.65,Month-to-month,0.08953229,0,31.66757216826081,C2094
79.95,1,79.95,Month-to-month,0.87716997,1,70.12973883748055,C2095
19.3,1,19.3,Month-to-month,0.28387976,0,5.478879308700562,C2096
846.4499999999999,9,94.05,Month-to-month,0.6941137,1,587.53251747787,C2097
181.5,2,90.75,Month-to-month,0.42456806,0,77.05910235643387,C2098
3154.0,40,78.85,Month-to-month,0.3019707,0,952.4155578017235,C2099
6865.5,69,99.5,One year,0.15998608,0,1098.384423583746,C2100
3670.4,37,99.2,One year,0.32562423,0,1195.1711647033692,C2101
1449.9,18,80.55,Month-to-month,0.33223006,0,481.70036586821084,C2102
772.2,11,70.2,Month-to-month,0.46834025,0,361.6523394048214,C2103
681.6,8,85.2,Month-to-month,0.7422066,1,505.88800048828125,C2104
225.75,3,75.25,Month-to-month,0.62286866,1,140.61259934306145,C2105
3269.75,55,59.45,One year,0.057301752,0,187.36240448243916,C2106
3080.5499999999997,33,93.35,Month-to-month,0.3563556,0,1097.7712667137384,C2107
2067.7000000000003,46,44.95,Month-to-month,0.15933022,0,329.4470938891173,C2108
887.4000000000001,34,26.1,Two year,0.016997226,0,15.083337981998922,C2109
60.599999999999994,3,20.2,Month-to-month,0.19424184,0,11.771055302023887,C2110
637.5,30,21.25,Two year,0.012382199,0,7.893651898484677,C2111
1960.2,33,59.4,One year,0.048898567,0,95.85097008123994,C2112
4275.0,45,95.0,One year,0.20321395,0,868.739615008235,C2113
2476.0,40,61.9,Month-to-month,0.09877046,0,244.55566385388374,C2114
8424.15,71,118.65,Two year,0.051221866,0,431.50068381708115,C2115
54.35,1,54.35,Month-to-month,0.4002789,0,21.75515800267458,C2116
4640.400000000001,72,64.45,Two year,0.01843349,0,85.5387705601752,C2117
1763.3000000000002,22,80.15,Month-to-month,0.40786844,0,719.1944289267063,C2118
929.2,46,20.2,One year,0.021877252,0,20.328342154622078,C2119
1155.0,55,21.0,Two year,0.012393043,0,14.313965099863708,C2120
20.45,1,20.45,Month-to-month,0.34641996,0,7.084288187325001,C2121
910.2,12,75.85,One year,0.16587596,0,150.98029552996158,C2122
2493.9500000000003,31,80.45,Month-to-month,0.47664052,0,1188.7176310390234,C2123
124.75,5,24.95,Month-to-month,0.48622733,0,60.65685985982418,C2124
5058.5,67,75.5,Two year,0.100955196,0,510.6818575747311,C2125
44.45,1,44.45,Month-to-month,0.56268483,1,25.011340871453285,C2126
1694.0,40,42.35,One year,0.098353565,0,166.61093866825104,C2127
3056.5499999999997,41,74.55,Month-to-month,0.10884432,0,332.6880986418575,C2128
75.3,1,75.3,Month-to-month,0.8320015,1,62.649713498353954,C2129
4834.8,51,94.8,One year,0.22562122,0,1090.8334911346435,C2130
2022.3,42,48.15,Two year,0.029238865,0,59.129756243526934,C2131
451.95,23,19.65,One year,0.01949548,0,8.810982078686356,C2132
70.55,1,70.55,Month-to-month,0.7656959,1,54.01984782814979,C2133
20.15,1,20.15,Month-to-month,0.38011977,0,7.659413380920887,C2134
5969.599999999999,56,106.6,Month-to-month,0.2625077,0,1567.0660069942473,C2135
1365.0,15,91.0,Month-to-month,0.6023485,1,822.2057113051414,C2136
304.79999999999995,12,25.4,Two year,0.01990885,0,6.068217220902442,C2137
3777.3,54,69.95,Two year,0.017648762,0,66.66466905009001,C2138
467.94999999999993,7,66.85,Month-to-month,0.45971444,0,215.12337336391207,C2139
2842.9500000000003,33,86.15,Month-to-month,0.38817996,0,1103.576211217046,C2140
322.4,16,20.15,Month-to-month,0.12481128,0,40.23915563821792,C2141
1361.85,21,64.85,One year,0.073448494,0,100.02583165839314,C2142
2245.5,30,74.85,Two year,0.035482388,0,79.67570223100483,C2143
151.5,3,50.5,Month-to-month,0.29531977,0,44.740944519639015,C2144
801.9000000000001,11,72.9,Month-to-month,0.36973703,0,296.4921236157418,C2145
7133.099999999999,62,115.05,One year,0.07837589,0,559.0630670294165,C2146
342.0,18,19.0,Month-to-month,0.09516575,0,32.54668714106083,C2147
117.3,6,19.55,Month-to-month,0.09690537,0,11.367000257223845,C2148
4650.599999999999,46,101.1,One year,0.30148593,0,1402.0904470503328,C2149
1766.1,21,84.1,Month-to-month,0.55603224,1,982.0085397541523,C2150
1642.1999999999998,68,24.15,Two year,0.020423826,0,33.54000677838921,C2151
50.1,1,50.1,Month-to-month,0.61819625,1,30.971632075309753,C2152
1865.0,25,74.6,Month-to-month,0.38433895,0,716.7921327054501,C2153
474.0,24,19.75,Two year,0.011523923,0,5.462339457124472,C2154
2550.0,30,85.0,Month-to-month,0.5425065,1,1383.3916157484055,C2155
161.1,2,80.55,Month-to-month,0.6549609,1,105.51419627666473,C2156
5446.8,51,106.8,One year,0.38678184,0,2106.7233343720436,C2157
4816.5,57,84.5,Two year,0.036801737,0,177.25556530617177,C2158
375.75,15,25.05,Two year,0.023498865,0,8.829698465298861,C2159
6026.400000000001,72,83.7,Two year,0.011862462,0,71.4879433259368,C2160
151.6,2,75.8,Month-to-month,0.6751021,1,102.34548058509826,C2161
2704.7999999999997,28,96.6,Month-to-month,0.33689296,0,911.2280848503112,C2162
2856.5,29,98.5,Month-to-month,0.6819542,1,1948.0021866858006,C2163
7077.0,70,101.1,Two year,0.035913527,0,254.16003066301346,C2164
262.59999999999997,13,20.2,One year,0.028238922,0,7.415541011095046,C2165
5548.95,59,94.05,One year,0.1497364,0,830.8798213005066,C2166
1238.25,13,95.25,Month-to-month,0.76125485,1,942.6238143593073,C2167
520.8000000000001,7,74.4,Month-to-month,0.686387,1,357.47035088539127,C2168
5022.0,62,81.0,Two year,0.02192255,0,110.09504224732518,C2169
1265.25,21,60.25,One year,0.099326044,0,125.6722775772214,C2170
121.7,2,60.85,Month-to-month,0.3407054,0,41.46384654045105,C2171
43.95,1,43.95,Month-to-month,0.51217073,1,22.509903672337533,C2172
344.2,4,86.05,Month-to-month,0.5690552,1,195.86879971027375,C2173
384.75,19,20.25,One year,0.024041668,0,9.250031601637602,C2174
2554.5,30,85.15,Month-to-month,0.37566665,0,959.6404526978731,C2175
1299.8,67,19.4,Two year,0.0154287955,0,20.054348363913594,C2176
7390.8,72,102.65,Two year,0.04258261,0,314.7195448189974,C2177
1054.6999999999998,53,19.9,Two year,0.01169377,0,12.333419288508592,C2178
97.75,5,19.55,One year,0.04370985,0,4.272638013586402,C2179
6780.5,71,95.5,Two year,0.032551672,0,220.71661409549415,C2180
4207.5,50,84.15,One year,0.119531676,0,502.9295274987817,C2181
5779.2,56,103.2,Two year,0.17032191,0,984.3243913650513,C2182
100.4,2,50.2,Month-to-month,0.35178623,0,35.31933709383011,C2183
177.1,2,88.55,Month-to-month,0.8558108,1,151.5640964090824,C2184
1314.0,24,54.75,Month-to-month,0.112554915,0,147.89715863764286,C2185
917.7,46,19.95,Two year,0.010593168,0,9.721350675076247,C2186
8253.75,71,116.25,Two year,0.04973395,0,410.49160374328494,C2187
904.8,29,31.2,Month-to-month,0.27213913,0,246.2314866542816,C2188
1687.05,69,24.45,Two year,0.015805969,0,26.665460026357323,C2189
5978.2,71,84.2,Two year,0.015738085,0,94.08541922271252,C2190
91.3,1,91.3,Month-to-month,0.8745824,1,79.84937402009963,C2191
4796.400000000001,56,85.65,Two year,0.033273805,0,159.59447797983887,C2192
1187.2,56,21.2,One year,0.031720746,0,37.658870017528535,C2193
79.5,1,79.5,Month-to-month,0.8816838,1,70.09386420249939,C2194
715.4,28,25.55,One year,0.028812833,0,20.612700821459292,C2195
383.8,19,20.2,Month-to-month,0.08172863,0,31.367448104918005,C2196
4214.1,66,63.85,Month-to-month,0.10016245,0,422.0945657908917,C2197
1053.15,17,61.95,One year,0.086731106,0,91.34086432904006,C2198
1339.0,52,25.75,Two year,0.013166993,0,17.630603526718915,C2199
1105.8,19,58.2,One year,0.12670566,0,140.11112039387226,C2200
3090.6,36,85.85,One year,0.13150054,0,406.41557561159135,C2201
490.69999999999993,7,70.1,Month-to-month,0.51231265,1,251.39181768894193,C2202
7552.8,72,104.9,One year,0.06339349,0,478.7983401417732,C2203
7457.099999999999,67,111.3,One year,0.096299954,0,718.1183851741254,C2204
3394.8999999999996,34,99.85,One year,0.37418756,0,1270.3293436735867,C2205
5429.25,57,95.25,Month-to-month,0.29052112,0,1577.3117639645934,C2206
603.75,7,86.25,Month-to-month,0.7238433,1,437.0203781872988,C2207
100.8,1,100.8,Month-to-month,0.91236234,1,91.96612358093262,C2208
156.4,8,19.55,Month-to-month,0.15787257,0,24.69127034544945,C2209
7176.0,69,104.0,Two year,0.16361734,0,1174.118051290512,C2210
5220.0,50,104.4,One year,0.24441339,0,1275.8378997445107,C2211
195.0,10,19.5,One year,0.025258817,0,4.925469271838665,C2212
303.0,12,25.25,Two year,0.021385597,0,6.479835910722613,C2213
1208.2,14,86.3,Month-to-month,0.5822256,1,703.4449949860573,C2214
3489.5,70,49.85,Two year,0.019066751,0,66.53342762589455,C2215
6972.8,64,108.95,Month-to-month,0.15651907,0,1091.3761731624604,C2216
5933.400000000001,66,89.9,Two year,0.022045115,0,130.80248539410533,C2217
5822.0,71,82.0,Two year,0.016819466,0,97.92293050140142,C2218
1799.0,20,89.95,Month-to-month,0.47715145,0,858.3954648375511,C2219
5713.2,72,79.35,Two year,0.016235376,0,92.75594888851046,C2220
4547.55,71,64.05,Two year,0.016795535,0,76.37853355463595,C2221
3843.7,38,101.15,Month-to-month,0.45153952,0,1735.5824393749235,C2222
2518.6,28,89.95,Month-to-month,0.500784,1,1261.2745317578315,C2223
1299.65,17,76.45,Month-to-month,0.4888334,0,635.3123252257706,C2224
1290.3,33,39.1,One year,0.096306734,0,124.26457860544323,C2225
795.8000000000001,23,34.6,Two year,0.021412468,0,17.040041703358295,C2226
1133.9,58,19.55,One year,0.04368945,0,49.53946552537382,C2227
7311.5,70,104.45,Two year,0.055711742,0,407.3364052195102,C2228
282.0,4,70.5,Month-to-month,0.488066,0,137.63460856676102,C2229
915.75,45,20.35,Two year,0.010577308,0,9.686169813852757,C2230
700.0,10,70.0,Month-to-month,0.50022274,1,350.15591979026794,C2231
700.1999999999999,36,19.45,Two year,0.011825874,0,8.280477288365363,C2232
3774.6,54,69.9,Month-to-month,0.057439853,0,216.81246726885436,C2233
1373.1,23,59.7,Two year,0.020553853,0,28.22249605245888,C2234
3212.35,41,78.35,One year,0.08546284,0,274.53654897063967,C2235
357.25,5,71.45,Month-to-month,0.5366194,1,191.7072895169258,C2236
1237.95,27,45.85,One year,0.08929762,0,110.5459917023778,C2237
95.85,1,95.85,Month-to-month,0.7287075,1,69.84661314189434,C2238
2391.9,67,35.7,Two year,0.015388626,0,36.80805374952033,C2239
6447.599999999999,72,89.55,Two year,0.015505225,0,99.9714912738651,C2240
1397.2,56,24.95,Two year,0.018757433,0,26.207884967327118,C2241
1093.4,44,24.85,One year,0.04884146,0,53.40325404703618,C2242
6652.8,66,100.8,Month-to-month,0.49716192,0,3307.518853569031,C2243
2189.6000000000004,34,64.4,One year,0.040763225,0,89.25515834987165,C2244
7269.15,69,105.35,Two year,0.07774497,0,565.1398358490318,C2245
102.45,1,102.45,Month-to-month,0.74960196,1,76.79672082066536,C2246
786.0,40,19.65,Two year,0.011937791,0,9.383103372529149,C2247
1633.5,30,54.45,Month-to-month,0.1217617,0,198.89774021878839,C2248
775.5,11,70.5,Month-to-month,0.1800175,0,139.6035721153021,C2249
301.5,15,20.1,One year,0.029599953,0,8.924385963007808,C2250
762.8499999999999,11,69.35,Month-to-month,0.3787272,0,288.91204272508617,C2251
1267.2,64,19.8,One year,0.02374797,0,30.093426847457888,C2252
5356.8,72,74.4,Two year,0.022415208,0,120.07378460168839,C2253
6699.599999999999,72,93.05,Two year,0.025448468,0,170.49455341547727,C2254
51.2,1,51.2,Month-to-month,0.4617329,0,23.640724182128906,C2255
984.0,15,65.6,One year,0.07853931,0,77.2826828956604,C2256
4833.0,60,80.55,One year,0.07855519,0,379.6572287902236,C2257
2951.2000000000003,56,52.7,One year,0.038946927,0,114.94016976356508,C2258
166.8,8,20.85,Two year,0.013600542,0,2.2685704406350853,C2259
240.3,3,80.1,Month-to-month,0.601781,1,144.6079768538475,C2260
2555.35,49,52.15,Month-to-month,0.20359991,0,520.2690425612033,C2261
160.4,2,80.2,Month-to-month,0.7223939,1,115.87197680473328,C2262
588.9000000000001,6,98.15,Month-to-month,0.6213517,1,365.9140272617341,C2263
8046.5,70,114.95,Two year,0.09837786,0,791.5974592007697,C2264
1355.4,12,112.95,Month-to-month,0.54237837,1,735.1396372675896,C2265
5431.400000000001,52,104.45,One year,0.3674327,0,1995.6740401506427,C2266
8182.8,72,113.65,Two year,0.025428222,0,208.07405901029708,C2267
824.0,40,20.6,Two year,0.012979839,0,10.695387333631516,C2268
70.9,1,70.9,Month-to-month,0.7392568,1,52.41330706477166,C2269
260.54999999999995,3,86.85,Month-to-month,0.7412195,1,193.12474608421323,C2270
3662.0,40,91.55,Month-to-month,0.43227342,0,1582.9852556586266,C2271
49.85,1,49.85,Month-to-month,0.5327147,1,26.555829018354416,C2272
594.0,30,19.8,One year,0.020537503,0,12.199276819825172,C2273
2296.5499999999997,23,99.85,Month-to-month,0.56928706,1,1307.3962015271186,C2274
74.5,1,74.5,Month-to-month,0.8094171,1,60.30157607793808,C2275
4582.6,44,104.15,Month-to-month,0.48776308,0,2235.2230767548085,C2276
7094.75,65,109.15,Month-to-month,0.26884186,0,1907.3658052384853,C2277
337.40000000000003,7,48.2,Month-to-month,0.38072824,0,128.45770978927612,C2278
1807.2,72,25.1,Two year,0.016736697,0,30.246559551358224,C2279
801.2,8,100.15,Month-to-month,0.86039793,1,689.3508254528047,C2280
1043.2,16,65.2,Month-to-month,0.2735794,0,285.3980184555054,C2281
6567.0,66,99.5,Month-to-month,0.47370923,0,3110.8484848737717,C2282
71.55,1,71.55,Month-to-month,0.74666774,1,53.42407699227333,C2283
167.7,3,55.9,Month-to-month,0.23530763,0,39.46109020113945,C2284
4976.700000000001,53,93.9,Month-to-month,0.22714312,0,1130.4231839463116,C2285
515.2,8,64.4,Month-to-month,0.19685791,0,101.42119746208192,C2286
7479.6,69,108.4,Two year,0.1028728,0,769.4473676294089,C2287
426.5,5,85.3,Month-to-month,0.7371191,1,314.38128703832626,C2288
7736.400000000001,72,107.45,Two year,0.05183944,0,401.05065182447436,C2289
633.75,13,48.75,Month-to-month,0.39454392,0,250.0422067567706,C2290
342.6,4,85.65,Month-to-month,0.8260499,1,283.0047039270401,C2291
4930.2,54,91.3,Two year,0.04034528,0,198.910306173563,C2292
6188.400000000001,72,85.95,Two year,0.014637931,0,90.58537374772132,C2293
1280.4,12,106.7,Month-to-month,0.7170297,1,918.0848160266877,C2294
25.15,1,25.15,Month-to-month,0.70898634,1,17.831006500124932,C2295
45.2,1,45.2,Month-to-month,0.68174165,1,30.814722800254824,C2296
5958.9,54,110.35,One year,0.3681959,0,2194.0424971461293,C2297
5464.8,69,79.2,Two year,0.049659964,0,271.3817696124315,C2298
2664.0,48,55.5,Two year,0.023091432,0,61.51557406783104,C2299
4956.0,48,103.25,One year,0.2827051,0,1401.0864676237106,C2300
722.0,8,90.25,Month-to-month,0.7567025,1,546.3391925096512,C2301
6478.75,71,91.25,Two year,0.011989793,0,77.67887016059831,C2302
95.6,2,47.8,Month-to-month,0.50721985,1,48.49021775722503,C2303
6760.3,67,100.9,One year,0.15279847,0,1032.9635226666928,C2304
3321.8,34,97.7,Month-to-month,0.42234984,0,1402.9616998493673,C2305
209.55,3,69.85,Month-to-month,0.5607614,1,117.50754971802235,C2306
590.4,9,65.6,One year,0.12428024,0,73.37505172491073,C2307
7430.150000000001,71,104.65,One year,0.059491783,0,442.0328742846847,C2308
5155.650000000001,57,90.45,Two year,0.050197832,0,258.80245402716105,C2309
4586.400000000001,72,63.7,Two year,0.018786224,0,86.16113594323397,C2310
5016.0,48,104.5,Month-to-month,0.317213,0,1591.1404023170471,C2311
361.8,18,20.1,One year,0.024893265,0,9.00638335570693,C2312
4484.9,43,104.3,One year,0.3461003,0,1552.2252379387617,C2313
6714.0,72,93.25,Two year,0.015583625,0,104.62845867499709,C2314
2570.75,35,73.45,One year,0.075815804,0,194.90347891114652,C2315
82.8,4,20.7,Month-to-month,0.12908193,0,10.687984192371369,C2316
1237.25,49,25.25,Two year,0.017251603,0,21.344546189531684,C2317
7135.5,71,100.5,Two year,0.02425604,0,173.0789692159742,C2318
996.6,11,90.6,Month-to-month,0.5241771,1,522.394872379303,C2319
5632.200000000001,63,89.4,Two year,0.016838836,0,94.83968959785999,C2320
6204.25,65,95.45,Month-to-month,0.2812163,0,1744.7361894026399,C2321
1002.05,49,20.45,Two year,0.010267846,0,10.288895371183752,C2322
2859.3999999999996,29,98.6,Month-to-month,0.559042,1,1598.5246288299559,C2323
1245.75,15,83.05,Month-to-month,0.6122862,1,762.755546182394,C2324
79.8,4,19.95,Month-to-month,0.1849405,0,14.758252063393593,C2325
7858.8,72,109.15,One year,0.15524995,0,1220.07833275795,C2326
2228.2000000000003,26,85.7,Month-to-month,0.36328033,0,809.461222678423,C2327
3571.75,35,102.05,Month-to-month,0.52833414,1,1887.0774673223495,C2328
5397.900000000001,57,94.7,One year,0.1371218,0,740.1697459101678,C2329
1803.2000000000005,28,64.4,Month-to-month,0.12301077,0,221.81301953792578,C2330
670.0,25,26.8,One year,0.03302459,0,22.126475609838963,C2331
3104.35,47,66.05,One year,0.06351436,0,197.17080127857625,C2332
3716.4,57,65.2,Month-to-month,0.055096135,0,204.75927441716195,C2333
1360.8,16,85.05,Month-to-month,0.43897542,0,597.3577564001083,C2334
279.0,5,55.8,Month-to-month,0.26849204,0,74.90928000211716,C2335
1196.8000000000002,17,70.4,Month-to-month,0.359307,0,430.0186069488526,C2336
5866.0,56,104.75,One year,0.390679,0,2291.7230246067047,C2337
1436.4,72,19.95,Two year,0.01004204,0,14.424385792762042,C2338
1979.25,21,94.25,Month-to-month,0.6719028,1,1329.863568931818,C2339
2160.0,48,45.0,One year,0.045573913,0,98.43965113162994,C2340
7813.200000000001,68,114.9,Two year,0.08066903,0,630.2832694709301,C2341
3192.0,30,106.4,Month-to-month,0.35007048,0,1117.424961090088,C2342
138.3,3,46.1,Month-to-month,0.42043936,0,58.146763837337495,C2343
555.8000000000001,14,39.7,Two year,0.028913163,0,16.069935800135138,C2344
80.2,4,20.05,Month-to-month,0.17125537,0,13.734680274128914,C2345
6798.25,71,95.75,Two year,0.048080146,0,326.8608546704054,C2346
195.2,8,24.4,One year,0.04593308,0,8.96613701581955,C2347
2049.6,61,33.6,Month-to-month,0.07093331,0,145.384916639328,C2348
6512.400000000001,72,90.45,Two year,0.022486093,0,146.43842894509436,C2349
420.0,5,84.0,Month-to-month,0.82067,1,344.6814036369324,C2350
3302.6000000000004,49,67.4,Two year,0.018919086,0,62.482173700258144,C2351
157.6,8,19.7,Month-to-month,0.15610833,0,24.60267354249954,C2352
241.05,3,80.35,Month-to-month,0.6654033,1,160.3954670280218,C2353
176.4,9,19.6,Two year,0.012856363,0,2.2678624894469976,C2354
3631.4,67,54.2,Two year,0.017301489,0,62.828625947982076,C2355
2079.2000000000003,46,45.2,Month-to-month,0.18561137,0,385.9231547355652,C2356
5031.7,67,75.1,One year,0.08358057,0,420.5523461833596,C2357
1083.5,55,19.7,One year,0.031140149,0,33.74035105109215,C2358
2400.75,33,72.75,Month-to-month,0.11576982,0,277.93439158424735,C2359
1243.1,62,20.05,Two year,0.011654285,0,14.48744141338393,C2360
45.95,1,45.95,Month-to-month,0.58116454,1,26.704510560631753,C2361
1920.8,49,39.2,Month-to-month,0.17261192,0,331.5529798269272,C2362
44.75,1,44.75,Month-to-month,0.64602834,1,28.90976820886135,C2363
1157.1,14,82.65,Month-to-month,0.58680904,1,678.9967391610145,C2364
1690.2,18,93.9,Month-to-month,0.37963748,0,641.663268327713,C2365
70.15,1,70.15,Month-to-month,0.7656959,1,53.71356945633889,C2366
85.55,1,85.55,Month-to-month,0.855561,1,73.1932450890541,C2367
8434.800000000001,72,117.15,Two year,0.032708123,0,275.8864786326886,C2368
6352.0,64,99.25,Two year,0.05396218,0,342.76775801181793,C2369
7765.95,69,112.55,Two year,0.06978945,0,541.9813550781458,C2370
25.7,1,25.7,Month-to-month,0.29497647,0,7.580895352363586,C2371
6411.3,71,90.3,Two year,0.012833249,0,82.27780818454922,C2372
3260.4,66,49.4,One year,0.061978314,0,202.0740952000022,C2373
38.8,2,19.4,Month-to-month,0.130714,0,5.071703171730041,C2374
7788.7,71,109.7,Two year,0.030105043,0,234.47914999239146,C2375
673.75,11,61.25,One year,0.15916178,0,107.23524678498507,C2376
2599.1,47,55.3,Month-to-month,0.14323202,0,372.27433734834193,C2377
2460.5,35,70.3,Month-to-month,0.47482586,0,1168.3090262413025,C2378
3403.2,32,106.35,Month-to-month,0.5432423,1,1848.76211271286,C2379
6225.0,60,103.75,Month-to-month,0.24894577,0,1549.687434732914,C2380
214.5,11,19.5,One year,0.025258817,0,5.4180161990225315,C2381
1145.5,29,39.5,One year,0.04919436,0,56.35213742032647,C2382
547.0500000000001,21,26.05,Month-to-month,0.33955878,0,185.75563070476056,C2383
4370.4,48,91.05,Month-to-month,0.45813844,0,2002.2482210397718,C2384
88.94999999999999,3,29.65,Month-to-month,0.38338885,0,34.10243795067071,C2385
2158.6,43,50.2,Month-to-month,0.13043444,0,281.555779132247,C2386
526.5,5,105.3,Month-to-month,0.6052668,1,318.67297518253326,C2387
55.45,1,55.45,Month-to-month,0.70317584,1,38.991100481152536,C2388
6066.95,71,85.45,One year,0.10976544,0,665.9414375767111,C2389
158.4,8,19.8,One year,0.0508991,0,8.062417370080949,C2390
474.0,8,59.25,Month-to-month,0.44026,0,208.6832367181778,C2391
1814.0,20,90.7,Month-to-month,0.4494492,0,815.3008694052696,C2392
3422.1,33,103.7,One year,0.2921732,0,999.8459310114383,C2393
5612.55,71,79.05,One year,0.06345749,0,356.1583299636841,C2394
2811.7000000000003,31,90.7,One year,0.25372714,0,713.4045940339566,C2395
3610.0,38,95.0,One year,0.19217075,0,693.7364222109318,C2396
88.35,1,88.35,Month-to-month,0.8890853,1,78.55068562030792,C2397
60.5,2,30.25,Month-to-month,0.4990282,0,30.191206455230713,C2398
598.2,12,49.85,Month-to-month,0.3843994,0,229.9477294921875,C2399
837.0,9,93.0,Month-to-month,0.3861895,0,323.24060359597206,C2400
600.05,11,54.55,Month-to-month,0.23305537,0,139.8448736079037,C2401
118.2,6,19.7,Month-to-month,0.100560874,0,11.886295276880265,C2402
6020.8,71,84.8,One year,0.05084327,0,306.11715178489686,C2403
3966.9,42,94.45,One year,0.08835369,0,350.49026668667796,C2404
753.6,8,94.2,Month-to-month,0.67356104,1,507.5955971717835,C2405
481.25,5,96.25,Month-to-month,0.7465544,1,359.27929282188416,C2406
141.4,2,70.7,Month-to-month,0.5848,1,82.69072070121766,C2407
938.25,45,20.85,Two year,0.010915704,0,10.24165934510529,C2408
1680.0,28,60.0,One year,0.087600745,0,147.169252038002,C2409
3459.35,43,80.45,Month-to-month,0.36589083,0,1265.744445373118,C2410
5097.0,60,84.95,Two year,0.038326748,0,195.35143310576677,C2411
1409.1,42,33.55,One year,0.063487574,0,89.46034116894006,C2412
347.55,7,49.65,Two year,0.027314767,0,9.493247354775667,C2413
505.0,25,20.2,One year,0.027990788,0,14.135348051786423,C2414
3782.0,40,94.55,Month-to-month,0.5094737,1,1926.8294632434845,C2415
2713.5,27,100.5,One year,0.21568267,0,585.2549263313413,C2416
357.5,10,35.75,Month-to-month,0.22893947,0,81.84586182236671,C2417
2334.15,27,86.45,Month-to-month,0.45357606,0,1058.7145561292768,C2418
591.8,11,53.8,One year,0.08019466,0,47.45919951051473,C2419
154.2,4,38.55,Month-to-month,0.21015102,0,32.4052867770195,C2420
2713.2,68,39.9,Month-to-month,0.18983983,0,515.0734132826328,C2421
70.05,1,70.05,Month-to-month,0.7636554,1,53.494062459468836,C2422
361.8,18,20.1,One year,0.025170006,0,9.106508119404316,C2423
6438.150000000001,57,112.95,Two year,0.16701041,0,1075.238081572205,C2424
527.8000000000001,26,20.3,Month-to-month,0.113768086,0,60.04679570496083,C2425
606.05,17,35.65,Month-to-month,0.24825451,0,150.4546444401145,C2426
35.9,1,35.9,Month-to-month,0.73164666,1,26.26611498594284,C2427
3771.5,38,99.25,Month-to-month,0.46669224,0,1760.129779562354,C2428
4894.05,59,82.95,One year,0.058548566,0,286.5396092070267,C2429
1669.5,30,55.65,Two year,0.02403244,0,40.12215864099562,C2430
48.9,2,24.45,Month-to-month,0.66081,1,32.313608694076535,C2431
1260.0,50,25.2,One year,0.04477519,0,56.41674153506756,C2432
457.2,9,50.8,One year,0.08460432,0,38.6810964345932,C2433
58.95,3,19.65,Month-to-month,0.14133774,0,8.33185962215066,C2434
837.1999999999999,14,59.8,Month-to-month,0.2173999,0,182.00719225406644,C2435
2280.0499999999997,31,73.55,Month-to-month,0.30186823,0,688.274658049643,C2436
429.8,7,61.4,Month-to-month,0.1770084,0,76.07821260988713,C2437
826.8,8,103.35,Month-to-month,0.67182183,1,555.4622912406921,C2438
338.29999999999995,17,19.9,One year,0.034677252,0,11.73131441026926,C2439
622.4,32,19.45,Month-to-month,0.09624156,0,59.90074915885925,C2440
163.0,2,81.5,Month-to-month,0.6608955,1,107.72597080469131,C2441
593.6,7,84.8,Month-to-month,0.810753,1,481.26297359466554,C2442
7887.599999999999,72,109.55,Two year,0.024554487,0,193.6759741678834,C2443
3098.4500000000003,31,99.95,Month-to-month,0.57945865,1,1795.4236662596466,C2444
2008.8,27,74.4,Month-to-month,0.23364961,0,469.3553395271301,C2445
1620.0,18,90.0,Month-to-month,0.4697937,0,761.06580555439,C2446
524.3000000000001,7,74.9,Month-to-month,0.59442496,1,311.65700809955604,C2447
1467.9,14,104.85,Month-to-month,0.72169876,1,1059.3816112518311,C2448
656.15,11,59.65,Month-to-month,0.22644524,0,148.5820460386574,C2449
7952.400000000001,72,110.45,Two year,0.03079193,0,244.86975092589856,C2450
2970.7999999999997,28,106.1,One year,0.26708645,0,793.4604146242141,C2451
1113.0,15,74.2,Month-to-month,0.5990154,1,666.7041565775871,C2452
297.8,4,74.45,Month-to-month,0.7302051,1,217.455084335804,C2453
1743.05,71,24.55,Two year,0.036996704,0,64.48710420113056,C2454
446.75,5,89.35,Month-to-month,0.71046686,1,317.4010704755783,C2455
1153.85,47,24.55,Two year,0.018983059,0,21.90360220186412,C2456
5167.05,57,90.65,One year,0.19083959,0,986.077696493268,C2457
5252.5,50,105.05,Two year,0.2698726,0,1417.505861967802,C2458
163.6,8,20.45,Month-to-month,0.10743183,0,17.575847220420837,C2459
938.4,48,19.55,Two year,0.010468952,0,9.82406489253044,C2460
1379.0,70,19.7,One year,0.023803705,0,32.82530967704952,C2461
70.45,1,70.45,Month-to-month,0.22836529,0,16.08833448216319,C2462
685.2,8,85.65,Month-to-month,0.74218273,1,508.54360771179205,C2463
77.15,1,77.15,Month-to-month,0.87913704,1,67.82542257308961,C2464
35.25,1,35.25,Month-to-month,0.7398391,1,26.0793274641037,C2465
1233.0,60,20.55,Two year,0.011142947,0,13.739253379404545,C2466
4799.55,49,97.95,One year,0.2665669,0,1279.4011764094234,C2467
194.2,4,48.55,Month-to-month,0.60925645,1,118.3176018834114,C2468
580.0,29,20.0,One year,0.020548094,0,11.917894557118416,C2469
1691.75,67,25.25,Two year,0.016545525,0,27.990891615394503,C2470
5215.200000000001,53,98.4,Month-to-month,0.5111718,1,2665.8632640838628,C2471
4750.3,67,70.9,Two year,0.047361955,0,224.9834950581193,C2472
119.1,6,19.85,Month-to-month,0.11894661,0,14.1665414750576,C2473
4998.45,47,106.35,Month-to-month,0.51971626,1,2597.775753879547,C2474
5273.5,53,99.5,Two year,0.07051253,0,371.84784376621246,C2475
5844.3,69,84.7,Two year,0.0153978085,0,89.9894123014994,C2476
258.15,3,86.05,Month-to-month,0.5224891,1,134.880553650856,C2477
178.2,4,44.55,Month-to-month,0.2764865,0,49.26989184021949,C2478
4247.599999999999,56,75.85,Two year,0.019278912,0,81.88910607472062,C2479
5537.15,59,93.85,Month-to-month,0.4120987,0,2281.8523486465215,C2480
1525.0,61,25.0,Two year,0.015607533,0,23.801487893797457,C2481
90.0,2,45.0,Month-to-month,0.54778254,1,49.30042862892151,C2482
4632.2,46,100.7,Month-to-month,0.38261122,0,1772.3316706538199,C2483
246.0,12,20.5,Month-to-month,0.088392,0,21.744431242346764,C2484
1126.3,14,80.45,Month-to-month,0.65878075,1,741.9847627937794,C2485
2532.6,28,90.45,One year,0.23899874,0,605.2882112324238,C2486
1450.8000000000002,24,60.45,Month-to-month,0.06975495,0,101.20048247873784,C2487
1712.75,31,55.25,Month-to-month,0.12489411,0,213.91239092499018,C2488
5334.6,68,78.45,One year,0.13143544,0,701.1554928392172,C2489
3921.45,39,100.55,Two year,0.04778708,0,187.39465055298058,C2490
854.7,42,20.35,Month-to-month,0.07789588,0,66.57760841846466,C2491
707.85,13,54.45,Month-to-month,0.4246842,0,300.6127086415887,C2492
544.5,6,90.75,Month-to-month,0.78240883,1,426.02160984277725,C2493
2637.25,35,75.35,Month-to-month,0.32612348,0,860.0691371560097,C2494
769.5,38,20.25,One year,0.022447806,0,17.27358660288155,C2495
360.9,18,20.05,Two year,0.012795168,0,4.617776122223585,C2496
78.4,4,19.6,Month-to-month,0.121129565,0,9.496557891368866,C2497
1452.6,27,53.8,Month-to-month,0.12476895,0,181.23937683552504,C2498
2878.2000000000003,41,70.2,One year,0.06668417,0,191.93038257658483,C2499
3775.0,50,75.5,One year,0.06984525,0,263.6658253148198,C2500
1465.2,72,20.35,Two year,0.02182823,0,31.982723285257816,C2501
1823.5,70,26.05,One year,0.026954662,0,49.151826256886125,C2502
906.4,44,20.6,One year,0.022465978,0,20.36316229403019,C2503
151.4,2,75.7,Month-to-month,0.49476802,0,74.90787875652313,C2504
683.4000000000001,34,20.1,One year,0.021964222,0,15.010349446535113,C2505
1749.6,72,24.3,Two year,0.016632946,0,29.10100268572569,C2506
1739.5,71,24.5,Two year,0.045780655,0,79.63544936664402,C2507
7072.0,64,110.5,Two year,0.046276093,0,327.2645263671875,C2508
1818.0,72,25.25,Two year,0.015928531,0,28.95806947723031,C2509
74.25,1,74.25,Month-to-month,0.8048245,1,59.75821700692177,C2510
2612.8999999999996,29,90.1,One year,0.13556996,0,354.230748167634,C2511
1581.25,23,68.75,One year,0.058786817,0,92.95665421523154,C2512
998.4,52,19.2,Two year,0.014404808,0,14.381760478019714,C2513
2242.5,25,89.7,Month-to-month,0.5778496,1,1295.8277875185013,C2514
7366.4,64,115.1,Two year,0.05496994,0,404.9305684804916,C2515
1542.4,16,96.4,Month-to-month,0.7085887,1,1092.927240753174,C2516
69.5,1,69.5,Month-to-month,0.79317594,1,55.12572753429413,C2517
2391.6000000000004,24,99.65,Month-to-month,0.63032144,1,1507.4767632722858,C2518
182.9,2,91.45,Month-to-month,0.8252404,1,150.93646433353425,C2519
2881.5,34,84.75,Two year,0.029484397,0,84.95928938034922,C2520
3069.0,36,85.25,Month-to-month,0.5184591,1,1591.1509215831757,C2521
4173.75,53,78.75,One year,0.08949723,0,373.539067665115,C2522
951.75,47,20.25,Two year,0.010593168,0,10.082048060372472,C2523
1432.8,72,19.9,Two year,0.010004131,0,14.3339190736413,C2524
7038.0,72,97.75,Two year,0.025222335,0,177.51479380577803,C2525
19.4,1,19.4,Month-to-month,0.29029348,0,5.6316936075687405,C2526
749.6999999999999,9,83.3,Month-to-month,0.75996023,1,569.7421875536442,C2527
640.8,8,80.1,Month-to-month,0.613465,1,393.1083791255951,C2528
2821.5,45,62.7,One year,0.07534572,0,212.58794156089425,C2529
702.8000000000001,7,100.4,Month-to-month,0.768037,1,539.7764184713365,C2530
1735.95,71,24.45,Two year,0.018113734,0,31.44453688552603,C2531
4145.099999999999,41,101.1,One year,0.22375111,0,927.4707377448677,C2532
3410.2999999999997,67,50.9,Two year,0.018609606,0,63.46433841958641,C2533
7396.8,69,107.2,One year,0.09606465,0,710.5709995865822,C2534
6454.0,70,92.2,Two year,0.028615786,0,184.68628131225705,C2535
632.5,25,25.3,One year,0.048753724,0,30.836730115115643,C2536
8164.8,72,113.4,Two year,0.026697405,0,217.97896975278854,C2537
1378.6999999999998,34,40.55,Two year,0.041765064,0,57.58149373829364,C2538
1690.0,65,26.0,Two year,0.014901456,0,25.183461355045438,C2539
7836.5,70,111.95,Two year,0.09099261,0,713.0635661371052,C2540
3873.6,72,53.8,Two year,0.029176906,0,113.01966211795806,C2541
2523.5,35,72.1,One year,0.12398189,0,312.8683071434498,C2542
1275.95,13,98.15,Month-to-month,0.582084,1,742.7100799411536,C2543
946.2,12,78.85,One year,0.14483047,0,137.0385862827301,C2544
4386.5,62,70.75,One year,0.033785313,0,148.19927708804607,C2545
1903.75,25,76.15,Month-to-month,0.10774093,0,205.1117977965623,C2546
2033.2,52,39.1,Two year,0.018098323,0,36.797509662061934,C2547
559.6,8,69.95,Month-to-month,0.40497333,0,226.6230744123459,C2548
40.1,2,20.05,Month-to-month,0.14844309,0,5.952567826211452,C2549
1122.8,56,20.05,Two year,0.011897211,0,13.358188469335436,C2550
233.4,12,19.45,Month-to-month,0.13672715,0,31.912117803096773,C2551
1264.3,47,26.9,One year,0.03537566,0,44.72544494383037,C2552
38.4,2,19.2,Month-to-month,0.19800843,0,7.603523826599121,C2553
900.0,18,50.0,Month-to-month,0.21198197,0,190.78377038240433,C2554
480.0,8,60.0,Month-to-month,0.36852777,0,176.89332962036133,C2555
3804.75,45,84.55,Month-to-month,0.26091212,0,992.7053898721933,C2556
136.35000000000002,3,45.45,Month-to-month,0.36980906,0,50.42346550673247,C2557
761.9,38,20.05,One year,0.020548094,0,15.655592867359518,C2558
8319.6,72,115.55,Two year,0.042241976,0,351.43634074330333,C2559
4310.2,46,93.7,Month-to-month,0.3285825,0,1416.256271892786,C2560
7029.0,71,99.0,Two year,0.025645768,0,180.26410516910255,C2561
3336.2999999999997,66,50.55,Two year,0.024045086,0,80.22161886859685,C2562
2648.75,25,105.95,Month-to-month,0.64277923,1,1702.561488300562,C2563
1476.0,18,82.0,One year,0.18927024,0,279.36287873983383,C2564
325.0,13,25.0,Two year,0.028067822,0,9.1220420319587,C2565
5950.75,65,91.55,Two year,0.023772834,0,141.46619114512578,C2566
5745.0,60,95.75,Month-to-month,0.32076502,0,1842.7950310707092,C2567
290.25,15,19.35,Two year,0.019646494,0,5.702394801657647,C2568
1789.2,72,24.85,Two year,0.012317065,0,22.037692965567114,C2569
2821.5,30,94.05,Month-to-month,0.5068498,1,1430.0767823159695,C2570
4216.8,42,100.4,Two year,0.0820203,0,345.8631911158562,C2571
1775.0,71,25.0,Two year,0.011284334,0,20.029692235402763,C2572
54.75,1,54.75,Month-to-month,0.6692445,1,36.64113789796829,C2573
3730.35,39,95.65,Month-to-month,0.5295598,1,1975.4433666855095,C2574
673.75,35,19.25,Month-to-month,0.08251967,0,55.597629556432366,C2575
5737.25,53,108.25,Month-to-month,0.32801348,0,1881.8953364640474,C2576
94.6,1,94.6,Month-to-month,0.90624356,1,85.73064103126525,C2577
3065.9,31,98.9,Month-to-month,0.5031757,1,1542.6863046467304,C2578
967.2,48,20.15,Two year,0.012066869,0,11.671075759828092,C2579
3039.0,30,101.3,Month-to-month,0.5262738,1,1599.3460387587547,C2580
200.0,10,20.0,Month-to-month,0.09556327,0,19.11265403032303,C2581
1263.6,12,105.3,Month-to-month,0.6511322,1,822.7706807613372,C2582
3981.45,57,69.85,Two year,0.018351784,0,73.06671031108125,C2583
3784.5,58,65.25,Month-to-month,0.08734658,0,330.56314565241337,C2584
732.6,37,19.8,Two year,0.011741823,0,8.602059226110578,C2585
862.4000000000001,44,19.6,Month-to-month,0.071908936,0,62.014266324043284,C2586
541.35,27,20.05,One year,0.019270431,0,10.432047957368196,C2587
395.2,8,49.4,Month-to-month,0.3503945,0,138.47590141296385,C2588
228.15,3,76.05,Month-to-month,0.73940676,1,168.69565332233907,C2589
2210.0,25,88.4,Month-to-month,0.43120098,0,952.9541683197021,C2590
5734.2,57,100.6,Month-to-month,0.42154387,0,2417.2168386876583,C2591
233.4,12,19.45,Month-to-month,0.09566493,0,22.328195437788963,C2592
1258.6,62,20.3,Two year,0.010013868,0,12.60345439184457,C2593
6997.25,65,107.65,Two year,0.09053976,0,633.5293418709189,C2594
5711.95,71,80.45,Two year,0.02301833,0,131.47955196052789,C2595
1235.85,21,58.85,One year,0.10793013,0,133.3854527134448,C2596
7781.599999999999,71,109.6,One year,0.14216128,0,1106.2422158002853,C2597
526.0500000000001,7,75.15,Month-to-month,0.59715587,1,314.13384489119056,C2598
5256.0,72,73.0,Two year,0.018312324,0,96.24957409501076,C2599
70.1,1,70.1,Month-to-month,0.72074497,1,50.524222218990325,C2600
7102.8,72,98.65,Two year,0.029092846,0,206.64066968187691,C2601
7132.8,64,111.45,One year,0.09558098,0,681.7600154399872,C2602
8272.800000000001,72,114.9,Two year,0.03490376,0,288.75183399617674,C2603
2915.95,29,100.55,Month-to-month,0.43159404,0,1258.5066525146365,C2604
265.2,13,20.4,Two year,0.012855769,0,3.4093499746173617,C2605
3234.85,31,104.35,Month-to-month,0.31563342,0,1021.0267563164234,C2606
69.75,1,69.75,Month-to-month,0.8249731,1,57.541874170303345,C2607
241.5,7,34.5,Month-to-month,0.34726626,0,83.86480101943016,C2608
6438.55,61,105.55,Month-to-month,0.41926953,0,2699.4878450348974,C2609
1173.9,39,30.1,Month-to-month,0.24384238,0,286.24656783789396,C2610
703.0,10,70.3,Month-to-month,0.51133645,1,359.4695214033127,C2611
1126.3,14,80.45,Month-to-month,0.19631284,0,221.10715704560278,C2612
80.2,1,80.2,Month-to-month,0.85999465,1,68.97157092094422,C2613
6321.45,67,94.35,One year,0.10897942,0,688.9079474397004,C2614
6577.2,72,91.35,Two year,0.012459501,0,81.94862795658409,C2615
267.6,6,44.6,Month-to-month,0.28906617,0,77.35410593748094,C2616
19.6,1,19.6,Month-to-month,0.41012394,0,8.038429307937623,C2617
497.49999999999994,25,19.9,One year,0.027620645,0,13.741271006874738,C2618
3644.85,33,110.45,Month-to-month,0.4537877,0,1653.9881502583623,C2619
1230.3,18,68.35,Month-to-month,0.14732471,0,181.25359204709528,C2620
5616.099999999999,71,79.1,Two year,0.022581028,0,126.81731034386902,C2621
1428.0,28,51.0,One year,0.11498665,0,164.20093712210655,C2622
161.1,2,80.55,Month-to-month,0.43542725,0,70.14732972979546,C2623
1133.9,17,66.7,Month-to-month,0.13952503,0,158.20742707550528,C2624
4838.400000000001,56,86.4,Month-to-month,0.17072088,0,826.0158828735352,C2625
3003.0,60,50.05,One year,0.082513936,0,247.78934939950705,C2626
848.1,33,25.7,Two year,0.017157497,0,14.551273107714952,C2627
83.4,1,83.4,Month-to-month,0.5656215,1,47.172832703590394,C2628
141.4,2,70.7,Month-to-month,0.482293,0,68.19623157978059,C2629
5332.950000000001,63,84.65,Two year,0.036689516,0,195.66335518900308,C2630
694.75,7,99.25,Month-to-month,0.86902314,1,603.7538294643164,C2631
3561.25,55,64.75,Two year,0.028207298,0,100.45324131380767,C2632
6509.75,65,100.15,One year,0.08677182,0,564.8628778066486,C2633
84.8,1,84.8,Month-to-month,0.7715604,1,65.42831945419312,C2634
1590.75,63,25.25,Two year,0.013085149,0,20.815201135352254,C2635
7910.0,70,113.0,Two year,0.05948219,0,470.5041288957,C2636
1463.4,36,40.65,Two year,0.021430254,0,31.361033678054813,C2637
5460.0,52,105.0,One year,0.37687206,0,2057.721462249756,C2638
1197.9,22,54.45,Month-to-month,0.28157288,0,337.2961509883404,C2639
2088.9,22,94.95,Month-to-month,0.28018063,0,585.2693244159221,C2640
299.5,5,59.9,Month-to-month,0.20368566,0,61.003854028880596,C2641
4009.1,47,85.3,Month-to-month,0.48134094,0,1929.7439816653728,C2642
2750.5499999999997,33,83.35,Month-to-month,0.54358745,1,1495.1644501805304,C2643
603.0,18,33.5,Month-to-month,0.20277673,0,122.27436822652817,C2644
19.8,1,19.8,Month-to-month,0.28146976,0,5.57310129404068,C2645
4580.8,56,81.8,Two year,0.042873137,0,196.39326459169388,C2646
40.0,2,20.0,Month-to-month,0.17734043,0,7.09361732006073,C2647
2086.0,35,59.6,Month-to-month,0.124618,0,259.95315067470074,C2648
1600.0,64,25.0,Two year,0.016668009,0,26.668813824653625,C2649
1265.25,15,84.35,Month-to-month,0.47122404,0,596.2162163481116,C2650
2168.3999999999996,24,90.35,Month-to-month,0.45991266,0,997.2746070384977,C2651
55.55,1,55.55,Month-to-month,0.62076503,1,34.483497437834735,C2652
5274.5,70,75.35,Two year,0.04142293,0,218.48524225316942,C2653
90.75,1,90.75,Month-to-month,0.8661667,1,78.60462900996208,C2654
358.4,4,89.6,Month-to-month,0.7372148,1,264.21778564453126,C2655
2312.7,39,59.3,One year,0.07875701,0,182.14133795276283,C2656
1916.9,29,66.1,Month-to-month,0.16775104,0,321.56197631061076,C2657
263.2,14,18.8,Two year,0.016257988,0,4.279102517664432,C2658
5273.45,61,86.45,Two year,0.030467799,0,160.67041428526863,C2659
677.3000000000001,13,52.1,Month-to-month,0.18368344,0,124.40879397243262,C2660
3128.4,66,47.4,Two year,0.021426922,0,67.03198187872768,C2661
98.5,2,49.25,Month-to-month,0.73887473,1,72.77916124463081,C2662
6439.85,59,109.15,One year,0.22568017,0,1453.3464585095644,C2663
5886.900000000001,62,94.95,One year,0.07352281,0,432.82145148888236,C2664
3087.15,33,93.55,One year,0.2020015,0,623.6089219249785,C2665
5247.0,66,79.5,Two year,0.060885135,0,319.4643037877977,C2666
8283.6,72,115.05,Two year,0.027932122,0,231.37852869629862,C2667
19.75,1,19.75,Month-to-month,0.33990917,0,6.71320603042841,C2668
1807.85,19,95.15,Month-to-month,0.5124761,1,926.4798931896686,C2669
4852.650000000001,51,95.15,One year,0.08063954,0,391.3154693573714,C2670
6640.200000000001,63,105.4,Month-to-month,0.35432076,0,2352.760740709305,C2671
542.7,27,20.1,One year,0.02670539,0,14.493015067465604,C2672
2229.7,22,101.35,Month-to-month,0.6106813,1,1361.6360843420027,C2673
80.2,4,20.05,Month-to-month,0.16487455,0,13.222939205169679,C2674
869.4,42,20.7,Two year,0.010252457,0,8.913486213237046,C2675
590.1500000000001,29,20.35,One year,0.020046486,0,11.830433469731362,C2676
280.2,4,70.05,Month-to-month,0.4962312,0,139.04398176670074,C2677
591.0,30,19.7,One year,0.020468181,0,12.09669497050345,C2678
298.6,4,74.65,Month-to-month,0.7287671,1,217.6098551630974,C2679
6066.95,71,85.45,Two year,0.01182651,0,71.75084247728809,C2680
1858.4,46,40.4,Two year,0.022292254,0,41.4279257491231,C2681
201.6,4,50.4,Month-to-month,0.34195486,0,68.938099193573,C2682
557.5500000000001,7,79.65,Month-to-month,0.5767377,1,321.5601056903601,C2683
7258.8,69,105.2,One year,0.13888668,0,1008.1505982220173,C2684
7246.8,72,100.65,Two year,0.022847412,0,165.57062639817596,C2685
1517.15,19,79.85,Month-to-month,0.538599,1,817.1354945182801,C2686
2548.0,28,91.0,Month-to-month,0.24741116,0,630.4036399126053,C2687
393.75,5,78.75,Month-to-month,0.7795865,1,306.9621820002794,C2688
8406.0,72,116.75,Two year,0.033768397,0,283.8571437075734,C2689
643.6,8,80.45,Month-to-month,0.53893924,1,346.86129331588745,C2690
413.7,7,59.1,One year,0.1787804,0,73.96145425736904,C2691
1095.6,22,49.8,Month-to-month,0.27540356,0,301.73213946819305,C2692
1389.6,72,19.3,Two year,0.014914208,0,20.724783564358948,C2693
157.2,8,19.65,Month-to-month,0.09906594,0,15.5731653124094,C2694
4232.8,52,81.4,One year,0.09911738,0,419.5440602898598,C2695
2645.2,68,38.9,Two year,0.018856952,0,49.88040934279561,C2696
6244.45,71,87.95,Two year,0.011382526,0,71.07761314911768,C2697
39.7,2,19.85,Month-to-month,0.14658363,0,5.819370175898076,C2698
3275.8999999999996,34,96.35,Month-to-month,0.47454017,0,1554.5461560308931,C2699
845.25,35,24.15,Month-to-month,0.2345318,0,198.23800810799003,C2700
1165.1,61,19.1,One year,0.021500977,0,25.050788018666207,C2701
44.0,1,44.0,Month-to-month,0.58726776,1,25.839781284332275,C2702
50.1,1,50.1,Month-to-month,0.5490232,1,27.50606287121773,C2703
3211.8,53,60.6,One year,0.06409653,0,205.86524392515423,C2704
1846.8,72,25.65,Two year,0.011273517,0,20.81993170045316,C2705
152.8,2,76.4,Month-to-month,0.5608506,1,85.69797477722169,C2706
296.1,3,98.7,Month-to-month,0.7523984,1,222.78515785932544,C2707
1310.4,13,100.8,Month-to-month,0.686586,1,899.7023237228394,C2708
2211.9500000000003,41,53.95,Month-to-month,0.4313421,0,954.1071473374964,C2709
489.6,24,20.4,One year,0.019555483,0,9.574364483356476,C2710
2522.7999999999997,28,90.1,One year,0.18690279,0,471.51836179494853,C2711
234.8,8,29.35,Month-to-month,0.2631444,0,61.786305987834936,C2712
20.45,1,20.45,Month-to-month,0.3812473,0,7.796507526934146,C2713
5135.4,54,95.1,Two year,0.1345023,0,690.7231452137231,C2714
1035.25,41,25.25,Month-to-month,0.09011577,0,93.29235161468387,C2715
853.1,19,44.9,Month-to-month,0.18935253,0,161.53664100617172,C2716
6670.8,72,92.65,Two year,0.015904937,0,106.09865333586932,C2717
2709.4,62,43.7,Two year,0.018604023,0,50.40574095137418,C2718
4065.599999999999,56,72.6,Two year,0.02235751,0,90.89669429361818,C2719
773.25,15,51.55,Month-to-month,0.39810827,0,307.8372226729989,C2720
792.5,10,79.25,Month-to-month,0.6094,1,482.9494796693325,C2721
606.4,32,18.95,Two year,0.01591736,0,9.652287578582763,C2722
430.5,21,20.5,Month-to-month,0.0770301,0,33.161458019167185,C2723
1236.9,62,19.95,One year,0.025300633,0,31.294353158399463,C2724
49.0,2,24.5,Month-to-month,0.51722676,1,25.344111025333405,C2725
556.2,27,20.6,Two year,0.011424342,0,6.354219115152955,C2726
474.25,5,94.85,Month-to-month,0.83282334,1,394.96646715700626,C2727
1526.25,25,61.05,One year,0.12179848,0,185.89492714963853,C2728
171.4,2,85.7,Month-to-month,0.8419492,1,144.31009707450866,C2729
5225.85,49,106.65,One year,0.32706884,0,1709.2126739814878,C2730
6819.75,63,108.25,Month-to-month,0.17241779,0,1175.8462212905288,C2731
81.6,4,20.4,Month-to-month,0.112446815,0,9.1756600856781,C2732
55.3,1,55.3,Month-to-month,0.62969804,1,34.822301506996155,C2733
222.75,11,20.25,Month-to-month,0.095709704,0,21.319336535409093,C2734
3793.4,52,72.95,Month-to-month,0.3230076,0,1225.2970807492734,C2735
5367.0,60,89.45,Month-to-month,0.22821495,0,1224.8296332657337,C2736
6697.6,64,104.65,One year,0.2754776,0,1845.0386945724488,C2737
3233.6,43,75.2,Two year,0.020095658,0,64.9813182771206,C2738
6170.150000000001,61,101.15,One year,0.15222773,0,939.2679255381228,C2739
44.4,1,44.4,Month-to-month,0.56547326,1,25.10701267719269,C2740
447.5,5,89.5,Month-to-month,0.7558265,1,338.2323467731476,C2741
4537.5,66,68.75,Two year,0.044218726,0,200.6424712948501,C2742
7440.349999999999,67,111.05,Two year,0.052659553,0,391.8055017733946,C2743
4158.0,42,99.0,Two year,0.051580288,0,214.47083549201488,C2744
86.05,1,86.05,Month-to-month,0.9110175,1,78.39305393993854,C2745
651.0,31,21.0,Two year,0.01241541,0,8.082431922666728,C2746
135.79999999999998,7,19.4,Month-to-month,0.12618004,0,17.135249140858647,C2747
178.2,4,44.55,Month-to-month,0.62464654,1,111.31201422214508,C2748
2624.8,34,77.2,One year,0.08309493,0,218.10757787823678,C2749
58.349999999999994,3,19.45,One year,0.034881167,0,2.0353161010891196,C2750
472.15,19,24.85,Month-to-month,0.1798051,0,84.89497794806957,C2751
1097.4,31,35.4,Month-to-month,0.12337141,0,135.38778246939182,C2752
95.65,1,95.65,Month-to-month,0.84786284,1,81.09808061718941,C2753
124.05,3,41.35,Month-to-month,0.30801773,0,38.20959949493408,C2754
901.6,46,19.6,Month-to-month,0.09414102,0,84.8775448679924,C2755
20.95,1,20.95,Month-to-month,0.42350042,0,8.872333770990371,C2756
5827.05,69,84.45,One year,0.047197588,0,275.0227039206773,C2757
101.25,5,20.25,Month-to-month,0.11757461,0,11.90442924387753,C2758
19.65,1,19.65,Month-to-month,0.29404175,0,5.777920442819595,C2759
536.9,26,20.65,One year,0.019330572,0,10.378584287688136,C2760
347.0,10,34.7,Month-to-month,0.5766524,1,200.09838545322418,C2761
2482.5,25,99.3,Two year,0.050427984,0,125.18747138790786,C2762
5187.2,64,81.05,Month-to-month,0.16441475,0,852.852183675766,C2763
2028.0,30,67.6,Month-to-month,0.15324642,0,310.78373497724533,C2764
911.95,13,70.15,Month-to-month,0.47795275,0,435.86900902837516,C2765
7360.0,64,115.0,One year,0.08764563,0,645.0718188285828,C2766
3900.8,46,84.8,Month-to-month,0.28971997,0,1130.1396552085878,C2767
236.4,12,19.7,One year,0.027758203,0,6.562039294838906,C2768
296.25,15,19.75,Month-to-month,0.15801121,0,46.81082183495164,C2769
1573.35,17,92.55,Month-to-month,0.6342311,1,997.8674863100051,C2770
820.9499999999999,13,63.15,Month-to-month,0.18394102,0,151.00638165101407,C2771
4958.0,67,74.0,Two year,0.036124483,0,179.1051854789257,C2772
698.4000000000001,24,29.1,Month-to-month,0.29720786,0,207.56997091770174,C2773
300.29999999999995,6,50.05,Month-to-month,0.19843258,0,59.5893036648631,C2774
3182.6499999999996,53,60.05,One year,0.05561651,0,177.00788290780037,C2775
1188.8,16,74.3,Month-to-month,0.41184753,0,489.60434579849243,C2776
200.0,10,20.0,Month-to-month,0.14975427,0,29.950854182243347,C2777
970.45,13,74.65,One year,0.10971567,0,106.47357228845358,C2778
768.15,9,85.35,Month-to-month,0.79760516,1,612.6804012715817,C2779
1857.5,25,74.3,One year,0.12723309,0,236.33546099066734,C2780
310.8,7,44.4,Month-to-month,0.39127043,0,121.60684930086137,C2781
3245.2000000000003,38,85.4,Two year,0.019986277,0,64.85946756824852,C2782
4046.3,43,94.1,Month-to-month,0.3397762,0,1374.8363900512456,C2783
392.4,4,98.1,Month-to-month,0.7787996,1,305.6009604692459,C2784
2722.5,25,108.9,Two year,0.21037604,0,572.7487665787339,C2785
1517.4,27,56.2,One year,0.04968952,0,75.39887787625194,C2786
1879.2,72,26.1,Two year,0.012241645,0,23.004498879611493,C2787
6066.95,71,85.45,One year,0.04240686,0,257.2803037604317,C2788
2134.8,24,88.95,Month-to-month,0.4072789,0,869.4589858531953,C2789
5482.5,50,109.65,Two year,0.29196328,0,1600.6886784732342,C2790
4237.95,57,74.35,Two year,0.028852211,0,122.27422892739996,C2791
732.75,15,48.85,Month-to-month,0.2760442,0,202.27138017117977,C2792
320.4,4,80.1,Month-to-month,0.5567664,1,178.38795161247253,C2793
1569.4,28,56.05,Month-to-month,0.11480541,0,180.17560703605415,C2794
670.9499999999999,9,74.55,Month-to-month,0.6824987,1,457.9224983811378,C2795
4939.0,55,89.8,Month-to-month,0.19581617,0,967.1360841244459,C2796
302.85,3,100.95,Month-to-month,0.8470682,1,256.53460151553156,C2797
949.0,10,94.9,Month-to-month,0.6800593,1,645.3762887716293,C2798
1050.5,55,19.1,One year,0.021060467,0,22.12402033805847,C2799
407.0,20,20.35,Month-to-month,0.07855358,0,31.971306957304478,C2800
6575.099999999999,62,106.05,One year,0.16749589,0,1101.3022358849644,C2801
3356.8,32,104.9,Month-to-month,0.54122895,1,1816.797339439392,C2802
844.9499999999999,43,19.65,Two year,0.015541606,0,13.131879695132374,C2803
216.9,9,24.1,One year,0.15865424,0,34.412105253338815,C2804
3591.0,60,59.85,Two year,0.014397444,0,51.70122213475406,C2805
4993.799999999999,58,86.1,Two year,0.057689708,0,288.0908624432981,C2806
136.15,7,19.45,One year,0.025441103,0,3.4638061303645373,C2807
194.2,2,97.1,Month-to-month,0.45158356,0,87.69752818346024,C2808
1356.05,37,36.65,Month-to-month,0.15930657,0,216.02767545208334,C2809
6753.5,65,103.9,One year,0.20962553,0,1415.7059983685613,C2810
770.25,39,19.75,Two year,0.01069665,0,8.239094316959381,C2811
6867.3,66,104.05,One year,0.23107779,0,1586.880509054661,C2812
1669.4,68,24.55,Two year,0.016808925,0,28.06081972308457,C2813
3019.4,62,48.7,Two year,0.018227383,0,55.035761722922324,C2814
265.04999999999995,3,88.35,Month-to-month,0.66929567,1,177.39681696295736,C2815
7887.599999999999,72,109.55,Two year,0.05010155,0,395.1809734225273,C2816
846.65,41,20.65,Two year,0.011535357,0,9.766409794567153,C2817
2744.8500000000004,29,94.65,Month-to-month,0.33735758,0,925.9959552794696,C2818
220.8,4,55.2,Month-to-month,0.24607375,0,54.33308458328247,C2819
1274.65,53,24.05,One year,0.043462962,0,55.40006440132857,C2820
74.4,1,74.4,Month-to-month,0.84195423,1,62.641394805908206,C2821
3275.9,41,79.9,Month-to-month,0.19276023,0,631.4632345438004,C2822
797.55,39,20.45,Two year,0.012573423,0,10.027933405246586,C2823
1212.75,63,19.25,Two year,0.017945373,0,21.76325162826106,C2824
395.25,15,26.35,Month-to-month,0.2169557,0,85.75174298509955,C2825
569.4,13,43.8,One year,0.11637296,0,66.26276218593121,C2826
50.15,1,50.15,Month-to-month,0.49067584,0,24.607393215596677,C2827
20.45,1,20.45,Two year,0.015126657,0,0.30934013035148383,C2828
557.6,8,69.7,Month-to-month,0.49108133,0,273.82694804668427,C2829
3684.0,60,61.4,Two year,0.026966127,0,99.34321052581072,C2830
1177.1999999999998,12,98.1,Month-to-month,0.8324046,1,979.9067110061644,C2831
2830.0,40,70.75,One year,0.06276067,0,177.61270590126514,C2832
4035.9,66,61.15,Two year,0.021013124,0,84.8068668069318,C2833
850.5,42,20.25,One year,0.019580407,0,16.653136211447418,C2834
4214.1,66,63.85,One year,0.041783925,0,176.08163895718755,C2835
4836.3,49,98.7,Month-to-month,0.46472543,0,2247.5516202270987,C2836
20.5,1,20.5,Month-to-month,0.4054246,0,8.311204195022583,C2837
820.0,41,20.0,Two year,0.011741823,0,9.62829452008009,C2838
791.3000000000001,41,19.3,Two year,0.017696278,0,14.0030649157241,C2839
1941.2,23,84.4,Month-to-month,0.20270805,0,393.4968678414822,C2840
75.30000000000001,3,25.1,Month-to-month,0.47073907,0,35.44665171504021,C2841
193.0,4,48.25,Month-to-month,0.2458365,0,47.44644379615784,C2842
1032.2,52,19.85,Two year,0.009907512,0,10.226533880457282,C2843
398.4,4,99.6,Month-to-month,0.80545217,1,320.8921437263489,C2844
1036.2,11,94.2,Month-to-month,0.544948,1,564.6750987768173,C2845
124.3,2,62.15,Month-to-month,0.25220224,0,31.348738756775855,C2846
2061.7999999999997,26,79.3,Month-to-month,0.29513642,0,608.512274712324,C2847
1350.0,24,56.25,One year,0.055368822,0,74.7479097917676,C2848
243.6,12,20.3,Month-to-month,0.096942164,0,23.615111151337622,C2849
5940.0,60,99.0,Month-to-month,0.35983986,0,2137.4487483501434,C2850
5798.4,64,90.6,Two year,0.01679296,0,97.37230195999145,C2851
5669.400000000001,66,85.9,Two year,0.017319229,0,98.18963405862452,C2852
4752.0,60,79.2,One year,0.050144095,0,238.2847393155098,C2853
1195.9499999999998,17,70.35,One year,0.10593701,0,126.69536895118652,C2854
812.7,42,19.35,Two year,0.018009828,0,14.636587543599308,C2855
50.15,1,50.15,Month-to-month,0.6155162,1,30.868136715888976,C2856
2998.6,47,63.8,Two year,0.020634094,0,61.87339502759278,C2857
205.5,10,20.55,Month-to-month,0.10069407,0,20.69263092800975,C2858
6198.5,70,88.55,Two year,0.02489765,0,154.32808280736208,C2859
6793.8,67,101.4,Month-to-month,0.5021223,1,3411.318366122246,C2860
81.95,1,81.95,Month-to-month,0.87838966,1,71.98403235375882,C2861
485.44999999999993,7,69.35,Month-to-month,0.5768504,1,280.0320336103439,C2862
44.6,1,44.6,Month-to-month,0.56268483,1,25.095743596553802,C2863
255.0,4,63.75,Month-to-month,0.19155228,0,48.845831751823425,C2864
7210.5,66,109.25,Two year,0.08674614,0,625.4830519482493,C2865
1015.2,12,84.6,Month-to-month,0.59556997,1,604.6226317405701,C2866
490.7999999999999,24,20.45,One year,0.019284368,0,9.464767599105834,C2867
2229.5,26,85.75,Month-to-month,0.47801626,0,1065.737245619297,C2868
546.5999999999999,6,91.1,Month-to-month,0.7565295,1,413.51903017759315,C2869
6153.150000000001,57,107.95,Two year,0.15900199,0,978.363101861626,C2870
1205.4,14,86.1,Month-to-month,0.6940104,1,836.5601083517075,C2871
963.9,42,22.95,Two year,0.043721702,0,42.14334850944579,C2872
2367.5,25,94.7,Month-to-month,0.5620121,1,1330.563590824604,C2873
1244.8,64,19.45,Two year,0.013669777,0,17.016138073801994,C2874
1872.2,22,85.1,Month-to-month,0.5429562,1,1016.5225478768349,C2875
374.3,19,19.7,One year,0.023701578,0,8.87150078713894,C2876
6048.150000000001,61,99.15,Month-to-month,0.38174644,0,2308.859737895429,C2877
1914.0,22,87.0,Month-to-month,0.37761486,0,722.7548339366913,C2878
7206.5,70,102.95,Month-to-month,0.55769473,1,4019.0270943939686,C2879
959.4,12,79.95,Month-to-month,0.56923527,1,546.1243134856223,C2880
1984.0,31,64.0,One year,0.06771317,0,134.34293174743652,C2881
713.9000000000001,11,64.9,Month-to-month,0.38021046,0,271.43224684596066,C2882
1751.0,68,25.75,Two year,0.012403033,0,21.717710332013667,C2883
6490.8,72,90.15,Two year,0.019817196,0,128.6294547110796,C2884
7778.7,67,116.1,Two year,0.13739167,0,1068.7285953953863,C2885
6297.0,60,104.95,Month-to-month,0.21900623,0,1379.0822017639875,C2886
45.05,1,45.05,Month-to-month,0.59647024,1,26.87098416686058,C2887
71.0,1,71.0,Month-to-month,0.74542147,1,52.924924314022064,C2888
2900.0,58,50.0,One year,0.052966937,0,153.6041185259819,C2889
3315.85,47,70.55,Month-to-month,0.36388105,0,1206.5749847501515,C2890
79.7,1,79.7,Month-to-month,0.8811418,1,70.22700001001358,C2891
20.45,1,20.45,Month-to-month,0.34641996,0,7.084288187325001,C2892
1298.0,22,59.0,Month-to-month,0.12102116,0,157.08546437323093,C2893
2896.8,48,60.35,One year,0.049920004,0,144.608267185092,C2894
734.45,37,19.85,One year,0.027672777,0,20.324271032679828,C2895
259.34999999999997,13,19.95,One year,0.045687977,0,11.849176893196999,C2896
1137.35,43,26.45,Two year,0.01763458,0,20.05668946271762,C2897
380.4,6,63.4,Two year,0.04101598,0,15.602478374540805,C2898
3830.45,71,53.95,Two year,0.013455434,0,51.54036628818139,C2899
69.25,1,69.25,Month-to-month,0.82455325,1,57.100312650203705,C2900
6847.2,72,95.1,Two year,0.03979794,0,272.5044503867626,C2901
444.6,6,74.1,Month-to-month,0.5483387,1,243.79139102697374,C2902
426.0,12,35.5,Month-to-month,0.15471007,0,65.90648952126503,C2903
1773.75,25,70.95,Month-to-month,0.33440712,0,593.1546307727695,C2904
1663.2,21,79.2,One year,0.13805392,0,229.61128613948821,C2905
292.79999999999995,6,48.8,Month-to-month,0.2624887,0,76.85668931007385,C2906
1780.0,20,89.0,Month-to-month,0.46393237,0,825.7996100187302,C2907
1789.2,18,99.4,Month-to-month,0.7147131,1,1278.7646724700928,C2908
2384.35,43,55.45,One year,0.080485746,0,191.9061891056597,C2909
889.0,35,25.4,Two year,0.01831098,0,16.278461994603276,C2910
73.5,1,73.5,Month-to-month,0.65002847,1,47.77709233760834,C2911
2992.0,32,93.5,Month-to-month,0.3952048,0,1182.4527983665466,C2912
3322.7999999999997,52,63.9,Two year,0.031606913,0,105.02344923019409,C2913
2075.2,32,64.85,One year,0.10320203,0,214.16485278606413,C2914
4593.599999999999,72,63.8,Two year,0.021111377,0,96.97721947431563,C2915
2266.9500000000003,51,44.45,Month-to-month,0.08526047,0,193.28122970201076,C2916
1356.6,68,19.95,Two year,0.0118873995,0,16.126446134224533,C2917
346.8,8,43.35,Month-to-month,0.37357575,0,129.55606906414033,C2918
2432.85,49,49.65,Two year,0.027419005,0,66.70632531512528,C2919
6127.2,72,85.1,Two year,0.009623608,0,58.96576861292124,C2920
859.5,9,95.5,Month-to-month,0.8031957,1,690.3467170000076,C2921
2585.7999999999997,28,92.35,Month-to-month,0.3947627,0,1020.7773763060569,C2922
4849.2,54,89.8,Month-to-month,0.15522808,0,752.7319976091385,C2923
820.05,11,74.55,Month-to-month,0.5299905,1,434.61870481073856,C2924
5152.5,50,103.05,One year,0.17787522,0,916.5020750463009,C2925
8004.0,69,116.0,Two year,0.075472765,0,604.0840084254742,C2926
69.9,1,69.9,Month-to-month,0.81910145,1,57.25519155263901,C2927
6466.799999999999,68,95.1,Two year,0.042616237,0,275.5906811401248,C2928
1610.0,40,40.25,One year,0.044270862,0,71.27608764916658,C2929
798.25,31,25.75,Two year,0.014089351,0,11.246824107365683,C2930
3476.5499999999997,33,105.35,Month-to-month,0.49995935,0,1738.1336769640445,C2931
6248.0,55,113.6,Two year,0.16067103,0,1003.8725674152374,C2932
1632.0,68,24.0,Two year,0.017435621,0,28.454934239387512,C2933
232.8,12,19.4,Month-to-month,0.12513158,0,29.130631184577943,C2934
6113.099999999999,71,86.1,Two year,0.009984862,0,61.03846025504171,C2935
4106.0,40,102.65,Month-to-month,0.4083812,0,1676.8131820559502,C2936
5942.4,64,92.85,One year,0.1343032,0,798.0833194255829,C2937
5180.75,53,97.75,One year,0.15278846,0,791.5588154643774,C2938
1005.6,12,83.8,Month-to-month,0.55973893,1,562.873472070694,C2939
2885.8500000000004,53,54.45,Month-to-month,0.3926407,0,1133.1021925985815,C2940
7052.400000000001,72,97.95,Two year,0.030693928,0,216.46585627421737,C2941
917.7,46,19.95,Two year,0.018279165,0,16.774789747595786,C2942
984.0,40,24.6,Two year,0.02317797,0,22.80712267756462,C2943
611.4000000000001,12,50.95,Month-to-month,0.21917944,0,134.006307515502,C2944
680.4,9,75.6,Month-to-month,0.340359,0,231.5802652001381,C2945
4118.25,51,80.75,Month-to-month,0.37478623,0,1543.4633832201362,C2946
4429.6,49,90.4,Month-to-month,0.2703613,0,1197.5924334526062,C2947
4091.8,41,99.8,Month-to-month,0.6326476,1,2588.667343080044,C2948
3374.0,56,60.25,One year,0.04156773,0,140.2495265826583,C2949
80.8,4,20.2,Month-to-month,0.20858641,0,16.853781902790068,C2950
1283.0,20,64.15,One year,0.08226186,0,105.54196685552597,C2951
526.5,26,20.25,Month-to-month,0.08041101,0,42.336396496742964,C2952
2117.0,20,105.85,Month-to-month,0.5972982,1,1264.480299770832,C2953
528.15,7,75.45,Month-to-month,0.5419637,1,286.238126295805,C2954
656.9499999999999,7,93.85,Month-to-month,0.8468443,1,556.3343730866908,C2955
5049.0,51,99.0,Month-to-month,0.4488537,0,2266.262338131666,C2956
321.2,4,80.3,Month-to-month,0.71923274,1,231.01755545139312,C2957
19.55,1,19.55,Month-to-month,0.24628347,0,4.814841869473457,C2958
2720.25,27,100.75,Month-to-month,0.43545353,0,1184.542476207018,C2959
2216.5,22,100.75,Month-to-month,0.693714,1,1537.6171311736107,C2960
645.0,12,53.75,Month-to-month,0.16856317,0,108.72324608266354,C2961
93.0,3,31.0,Month-to-month,0.42857796,0,39.85775023698807,C2962
870.4000000000001,34,25.6,One year,0.028085973,0,24.446030998229983,C2963
1400.4,24,58.35,One year,0.05635311,0,78.91689639240504,C2964
4080.0,51,80.0,Month-to-month,0.30815244,0,1257.2619438171387,C2965
648.9,14,46.35,Month-to-month,0.62662256,1,406.6153776526451,C2966
6711.25,59,113.75,Two year,0.13278225,0,891.1348796263337,C2967
271.20000000000005,3,90.4,Month-to-month,0.5383174,1,145.9916740894318,C2968
7104.5,65,109.3,Two year,0.114917174,0,816.4290625527501,C2969
351.25,5,70.25,Month-to-month,0.5291142,1,185.8513581007719,C2970
5327.7,59,90.3,Two year,0.031738225,0,169.09174330718815,C2971
4698.0,72,65.25,Two year,0.019137615,0,89.90851685777307,C2972
6209.3,62,100.15,Month-to-month,0.39223516,0,2435.505778205395,C2973
2646.0,28,94.5,Month-to-month,0.41636115,0,1101.6916111707687,C2974
181.95,3,60.65,Month-to-month,0.19548799,0,35.569039957970375,C2975
457.9,19,24.1,Month-to-month,0.15090023,0,69.09721523076296,C2976
19.5,1,19.5,Month-to-month,0.38836953,0,7.573205843567848,C2977
2062.8,24,85.95,Month-to-month,0.27664068,0,570.6544017434121,C2978
3049.5,57,53.5,One year,0.07422826,0,226.3590695410967,C2979
1832.4,72,25.45,Two year,0.011721842,0,21.47910326421261,C2980
1373.5,67,20.5,Two year,0.009646891,0,13.250004355795681,C2981
1084.2,52,20.85,One year,0.020286093,0,21.994181526079775,C2982
6382.900000000001,71,89.9,Two year,0.012833249,0,81.913343917951,C2983
676.0,26,26.0,One year,0.03145987,0,21.266873255372047,C2984
3962.0,35,113.2,Two year,0.062944844,0,249.38747337460518,C2985
3797.75,55,69.05,Two year,0.03524472,0,133.8506285212934,C2986
663.3000000000001,33,20.1,Two year,0.011918684,0,7.905662789661438,C2987
7894.8,72,109.65,Two year,0.046576053,0,367.70862246751784,C2988
19.2,1,19.2,Month-to-month,0.28679255,0,5.506416893005371,C2989
339.0,10,33.9,Month-to-month,0.35480815,0,120.27996343374252,C2990
3330.0,37,90.0,Month-to-month,0.33948314,0,1130.4788625240326,C2991
408.0,12,34.0,Month-to-month,0.16045688,0,65.46640741825104,C2992
20.4,1,20.4,One year,0.042504795,0,0.8670978158712387,C2993
2393.2000000000003,62,38.6,Two year,0.01693551,0,40.5300638742745,C2994
25.25,1,25.25,Month-to-month,0.51098925,1,12.902478531002998,C2995
1090.8,18,60.6,Month-to-month,0.17127734,0,186.82932708263397,C2996
6206.55,69,89.95,Month-to-month,0.40890613,0,2537.8963534578684,C2997
149.5,2,74.75,Month-to-month,0.5678568,1,84.89458990097046,C2998
391.4,19,20.6,Month-to-month,0.07388724,0,28.919464333355425,C2999
1013.4,12,84.45,Month-to-month,0.75826687,1,768.4276422142982,C3000
183.6,9,20.4,Month-to-month,0.09911562,0,18.197627386450765,C3001
2205.9,27,81.7,One year,0.11135974,0,245.64844564273955,C3002
2146.5,27,79.5,Month-to-month,0.41141376,0,883.0996336787939,C3003
89.15,1,89.15,Month-to-month,0.8062427,1,71.8765370965004,C3004
487.2000000000001,24,20.3,Month-to-month,0.118824385,0,57.891240423917786,C3005
1049.3,14,74.95,Month-to-month,0.64684355,1,678.7329397320747,C3006
2380.8,32,74.4,Month-to-month,0.458075,0,1090.584928894043,C3007
220.0,11,20.0,One year,0.028747046,0,6.3243502005934715,C3008
25.0,1,25.0,Month-to-month,0.3246209,0,8.115522563457489,C3009
3057.1,38,80.45,Month-to-month,0.2695399,0,824.0104058921337,C3010
177.75,9,19.75,Two year,0.013491458,0,2.398106705630198,C3011
3545.1000000000004,54,65.65,Two year,0.020078853,0,71.18154096454383,C3012
2059.0,29,71.0,One year,0.1106037,0,227.73301335424185,C3013
3924.8,44,89.2,Month-to-month,0.4821724,0,1892.4302345752717,C3014
5118.25,59,86.75,Two year,0.04162491,0,213.04670138843358,C3015
165.89999999999998,3,55.3,Month-to-month,0.56658375,1,93.9962445616722,C3016
1107.0,18,61.5,One year,0.08743308,0,96.78841667622328,C3017
1681.7,67,25.1,Two year,0.01601158,0,26.92667547315359,C3018
1213.3,22,55.15,Month-to-month,0.18705119,0,226.94921116381883,C3019
1123.65,33,34.05,One year,0.03892146,0,43.734099101275206,C3020
99.75,5,19.95,Month-to-month,0.11757461,0,11.728067329153419,C3021
39.9,2,19.95,Month-to-month,0.14912325,0,5.950017732381821,C3022
6458.400000000001,72,89.7,Two year,0.012584522,0,81.27587925195695,C3023
183.6,9,20.4,Month-to-month,0.091547996,0,16.80821202993393,C3024
1762.1,67,26.3,Two year,0.013205785,0,23.269914284721015,C3025
1359.2,16,84.95,Month-to-month,0.5862271,1,796.7999001026154,C3026
165.6,8,20.7,Month-to-month,0.105428495,0,17.458958691358564,C3027
216.25,5,43.25,Month-to-month,0.35968453,0,77.7817789465189,C3028
1112.05,23,48.35,One year,0.10312174,0,114.67653386518359,C3029
79.55,1,79.55,Month-to-month,0.87716997,1,69.77887085080147,C3030
3552.5,50,71.05,Month-to-month,0.36081555,0,1281.797258630395,C3031
330.65,17,19.45,Two year,0.013681639,0,4.5238339306786655,C3032
7534.4,68,110.8,Two year,0.058789626,0,442.9445563554764,C3033
84.5,1,84.5,Month-to-month,0.86762005,1,73.31389430165291,C3034
1732.5,25,69.3,Month-to-month,0.34001264,0,589.0718983858824,C3035
3306.4500000000003,67,49.35,One year,0.038657375,0,127.81867651082577,C3036
651.2,32,20.35,One year,0.019538695,0,12.723598179221154,C3037
7075.2,67,105.6,One year,0.13168012,0,931.6631571292877,C3038
4640.400000000001,72,64.45,Two year,0.028486134,0,132.1870584614575,C3039
7710.599999999999,71,108.6,Two year,0.115058236,0,887.168033145368,C3040
49.9,1,49.9,Month-to-month,0.5120506,1,25.551326370239256,C3041
1393.8,46,30.3,Month-to-month,0.24312216,0,338.86366721391676,C3042
60.8,2,30.4,Month-to-month,0.69541436,1,42.28119335174561,C3043
45.4,1,45.4,Month-to-month,0.6261607,1,28.427694928646087,C3044
3151.2000000000003,48,65.65,One year,0.12443755,0,392.12760195136076,C3045
6301.3,61,103.3,One year,0.20802103,0,1310.8029152676463,C3046
2692.8,32,84.15,Month-to-month,0.3542552,0,953.9384010314942,C3047
88.9,2,44.45,Month-to-month,0.47245735,0,42.001458352804185,C3048
59.25,3,19.75,Month-to-month,0.20246045,0,11.9957818351686,C3049
427.0,5,85.4,Month-to-month,0.71170706,1,303.8989127278328,C3050
6382.900000000001,71,89.9,Two year,0.0130281765,0,83.15754779074342,C3051
2036.85,37,55.05,Month-to-month,0.1158858,0,236.0419950161129,C3052
6766.5,65,104.1,Two year,0.11149022,0,754.3985724896193,C3053
7142.2,67,106.6,One year,0.11056994,0,789.7126184493303,C3054
3684.8,49,75.2,Month-to-month,0.2962091,0,1091.4712802886963,C3055
3525.0,50,70.5,Two year,0.022566797,0,79.547960171476,C3056
490.00000000000006,25,19.6,One year,0.02651321,0,12.991472687572243,C3057
949.45,17,55.85,One year,0.09852222,0,93.54192513264717,C3058
1539.2,64,24.05,Two year,0.023370663,0,35.972124034166335,C3059
952.5,25,38.1,One year,0.076130025,0,72.51384889706969,C3060
2447.2000000000003,23,106.4,Month-to-month,0.72615373,1,1777.0434113502504,C3061
822.0,24,34.25,Month-to-month,0.1506863,0,123.86413353681564,C3062
3701.85,37,100.05,Month-to-month,0.55089766,1,2039.3404947906731,C3063
1441.65,21,68.65,Month-to-month,0.38650268,0,557.2015931814909,C3064
45.8,1,45.8,Month-to-month,0.6185874,1,28.331301760673522,C3065
757.5,10,75.75,Month-to-month,0.55915296,1,423.55836778879166,C3066
506.4,6,84.4,Month-to-month,0.7193505,1,364.2791017055511,C3067
4916.400000000001,51,96.4,One year,0.15857174,0,779.6020780742169,C3068
205.5,10,20.55,Month-to-month,0.09615241,0,19.759320236742496,C3069
305.70000000000005,6,50.95,Month-to-month,0.21654427,0,66.1975834965706,C3070
4253.5,47,90.5,Two year,0.021786703,0,92.66974034626037,C3071
4843.400000000001,61,79.4,One year,0.08808833,0,426.6470349907876,C3072
3055.0,52,58.75,Two year,0.032252267,0,98.53067569434643,C3073
2080.75,35,59.45,Month-to-month,0.12377842,0,257.55194264277816,C3074
7504.7,71,105.7,One year,0.102024056,0,765.659933193773,C3075
337.5,6,56.25,Month-to-month,0.23983426,0,80.9440640732646,C3076
2398.5,45,53.3,Two year,0.021189425,0,50.82283619977534,C3077
171.1,2,85.55,Month-to-month,0.84357166,1,144.33511152267457,C3078
274.6,4,68.65,Month-to-month,0.33449432,0,91.85214096903802,C3079
48.6,2,24.3,Month-to-month,0.47108305,0,22.8946359872818,C3080
311.4,4,77.85,Month-to-month,0.5903219,1,183.82623918056487,C3081
3054.9,51,59.9,One year,0.0381383,0,116.50869322121143,C3082
1437.0,60,23.95,One year,0.033643946,0,48.346350476145744,C3083
181.35,9,20.15,One year,0.02896912,0,5.253549954481422,C3084
316.04999999999995,3,105.35,Month-to-month,0.7991314,1,252.56547689437863,C3085
1626.0500000000002,17,95.65,Month-to-month,0.31138855,0,506.33335528671745,C3086
696.4,8,87.05,Month-to-month,0.7810023,1,543.8899899482727,C3087
3726.0,46,81.0,Two year,0.018842323,0,70.20649457350373,C3088
5606.6,68,82.45,Two year,0.02103366,0,117.92731578648092,C3089
53.5,1,53.5,Month-to-month,0.6151845,1,32.91236999630928,C3090
82.0,4,20.5,One year,0.0390791,0,3.2044861912727356,C3091
25.1,1,25.1,Month-to-month,0.6070565,1,15.237118113040925,C3092
1523.2,28,54.4,One year,0.060441464,0,92.06443824768067,C3093
2285.4,39,58.6,One year,0.08041239,0,183.77447118759156,C3094
932.8,11,84.8,Month-to-month,0.44998473,0,419.7457554817199,C3095
4359.4,71,61.4,Two year,0.018000541,0,78.47155954651534,C3096
40.8,2,20.4,Month-to-month,0.13623087,0,5.558219540119171,C3097
2389.5,30,79.65,Month-to-month,0.41444677,0,990.3205596506596,C3098
342.54999999999995,17,20.15,One year,0.025539503,0,8.748556581884621,C3099
5194.75,55,94.45,Month-to-month,0.30012468,0,1559.0726556405425,C3100
4628.4,58,79.8,Month-to-month,0.18158524,0,840.4491127073765,C3101
271.0,5,54.2,Month-to-month,0.27047357,0,73.29833737015724,C3102
19.45,1,19.45,Month-to-month,0.6200314,1,12.059611049294471,C3103
666.4499999999999,9,74.05,Month-to-month,0.68003637,1,453.2102361112833,C3104
1277.9,26,49.15,Month-to-month,0.12963326,0,165.6583464726806,C3105
970.0,50,19.4,Two year,0.01298221,0,12.592743840068579,C3106
8182.8,72,113.65,Two year,0.024587927,0,201.19809221550824,C3107
4558.0,43,106.0,One year,0.2325749,0,1060.0763715207577,C3108
1453.2,56,25.95,Two year,0.016809477,0,24.42753130719066,C3109
19.1,1,19.1,Month-to-month,0.21365151,0,4.080743804574013,C3110
7444.8,72,103.4,Two year,0.1583025,0,1178.5304582834244,C3111
7239.599999999999,72,100.55,Two year,0.02603097,0,188.45381575003265,C3112
3434.4,36,95.4,Month-to-month,0.5208775,1,1788.901619052887,C3113
375.75,5,75.15,Month-to-month,0.18193042,0,68.3603563606739,C3114
1097.85,13,84.45,Month-to-month,0.6811178,1,747.7651471495627,C3115
3922.6,44,89.15,One year,0.15565436,0,610.5697763890028,C3116
7553.0,70,107.9,One year,0.15855555,0,1197.5700870007277,C3117
858.0,44,19.5,One year,0.0186215,0,15.9772474989295,C3118
2750.4,32,85.95,Month-to-month,0.4164688,0,1145.4557850837707,C3119
1721.55,69,24.95,Two year,0.016617177,0,28.607301157806067,C3120
950.4,16,59.4,Month-to-month,0.33689025,0,320.1804940223694,C3121
1326.0,68,19.5,One year,0.02824824,0,37.45716532319784,C3122
1119.2,16,69.95,Month-to-month,0.3383579,0,378.6901567697525,C3123
5633.799999999999,68,82.85,Two year,0.024391174,0,137.4149978637695,C3124
76.0,4,19.0,Month-to-month,0.07838016,0,5.956892162561417,C3125
1010.1,26,38.85,Month-to-month,0.13318528,0,134.53045370131733,C3126
887.4000000000001,29,30.6,Month-to-month,0.32323545,0,286.8391402602196,C3127
101.75,5,20.35,Month-to-month,0.1123389,0,11.430483132600784,C3128
6650.0,70,95.0,One year,0.0921071,0,612.5122301280499,C3129
1785.6,24,74.4,One year,0.05863057,0,104.69074716567992,C3130
5648.400000000001,72,78.45,Two year,0.016433565,0,92.8233482412994,C3131
74.3,1,74.3,Month-to-month,0.57450026,1,42.68536952137947,C3132
3573.5,70,51.05,One year,0.07031453,0,251.26896065473557,C3133
691.1999999999999,36,19.2,Month-to-month,0.07191563,0,49.7080810546875,C3134
3782.9,38,99.55,Month-to-month,0.5571823,1,2107.764968109131,C3135
1190.0,17,70.0,Month-to-month,0.44481963,0,529.3353587388992,C3136
4473.099999999999,41,109.1,One year,0.21239541,0,950.0659295395016,C3137
45.3,1,45.3,Month-to-month,0.693331,1,31.407894444465636,C3138
59.7,2,29.85,Month-to-month,0.53236246,1,31.782038927078247,C3139
1070.3,14,76.45,Month-to-month,0.36422732,0,389.83250565230844,C3140
190.2,2,95.1,Month-to-month,0.6933283,1,131.87104665040968,C3141
19.8,1,19.8,Month-to-month,0.3608226,0,7.144287246465683,C3142
946.4,13,72.8,Month-to-month,0.19253375,0,182.21393755674362,C3143
113.7,6,18.95,Month-to-month,0.07211621,0,8.199613197147846,C3144
306.6,4,76.65,Month-to-month,0.6016679,1,184.47137231826784,C3145
495.75,5,99.15,Month-to-month,0.7721362,1,382.78652679920197,C3146
1526.25,15,101.75,Month-to-month,0.48479256,0,739.9146452173591,C3147
3546.15,47,75.45,Month-to-month,0.23365697,0,828.5826735511422,C3148
512.8,8,64.1,Month-to-month,0.15993787,0,82.01614152193069,C3149
436.0499999999999,17,25.65,Month-to-month,0.2321338,0,101.2219459980726,C3150
1126.5,15,75.1,Month-to-month,0.3427695,0,386.1298457980156,C3151
2492.1,26,95.85,One year,0.16154945,0,402.5973817706108,C3152
1251.2,23,54.4,Month-to-month,0.11748319,0,146.99496881961824,C3153
291.0,4,72.75,Month-to-month,0.4220955,0,122.82979264855385,C3154
575.6500000000001,29,19.85,One year,0.019254792,0,11.084021292068066,C3155
476.25,25,19.05,Month-to-month,0.061235264,0,29.163294453173876,C3156
404.55,9,44.95,Month-to-month,0.23635899,0,95.61902750506998,C3157
891.9,18,49.55,Month-to-month,0.20349306,0,181.49545903801916,C3158
284.54999999999995,3,94.85,Month-to-month,0.8296803,1,236.08553608059879,C3159
3191.25,69,46.25,Two year,0.022762025,0,72.63931156368926,C3160
270.90000000000003,14,19.35,One year,0.026687983,0,7.229774709418417,C3161
1322.4,19,69.6,Month-to-month,0.16449615,0,217.529713511467,C3162
3537.3,39,90.7,Month-to-month,0.43599916,0,1542.259811139107,C3163
3143.4,31,101.4,Month-to-month,0.42479506,0,1335.3007958471776,C3164
486.0,24,20.25,One year,0.019030327,0,9.248738911002874,C3165
683.1999999999999,14,48.8,Month-to-month,0.16785748,0,114.68023240566252,C3166
4758.4,64,74.35,Two year,0.030691577,0,146.04280057549477,C3167
967.5,50,19.35,One year,0.024706535,0,23.903572652488947,C3168
3575.0,52,68.75,One year,0.061559677,0,220.0758457183838,C3169
2805.6,28,100.2,One year,0.27441815,0,769.9075487852097,C3170
437.85,21,20.85,Two year,0.01359909,0,5.954361678287388,C3171
2397.5,25,95.9,Month-to-month,0.5570718,1,1335.5796524882317,C3172
328.95000000000005,17,19.35,One year,0.028012889,0,9.214839674066754,C3173
2610.0,58,45.0,One year,0.24894902,0,649.7569450736046,C3174
1385.5,17,81.5,Month-to-month,0.42653772,0,590.9680143147707,C3175
1300.5,51,25.5,Two year,0.016107861,0,20.948273168876767,C3176
3520.7999999999997,72,48.9,Two year,0.013538509,0,47.66638134643435,C3177
4373.2,52,84.1,Month-to-month,0.38349402,0,1677.0960461139678,C3178
529.2,27,19.6,Two year,0.013566157,0,7.179210204631091,C3179
60.0,3,20.0,Month-to-month,0.150507,0,9.030420184135437,C3180
5203.2,64,81.3,Two year,0.03462186,0,180.1444662809372,C3181
4284.0,45,95.2,Two year,0.0836832,0,358.49882957339287,C3182
109.35,3,36.45,Month-to-month,0.61960894,1,67.75423744618892,C3183
5914.3,71,83.3,Two year,0.014924965,0,88.270719716046,C3184
25.05,1,25.05,Month-to-month,0.69315046,1,17.36341904103756,C3185
1177.4,58,20.3,Two year,0.011862909,0,13.967389552667738,C3186
3054.8999999999996,34,89.85,Month-to-month,0.328795,0,1004.4358027607201,C3187
398.8,8,49.85,Month-to-month,0.38933307,0,155.26602804660797,C3188
297.0,15,19.8,Month-to-month,0.10035529,0,29.805521093308926,C3189
3606.9,66,54.65,Two year,0.020315487,0,73.27592983581125,C3190
352.20000000000005,12,29.35,Month-to-month,0.27205822,0,95.81890463232995,C3191
1110.6999999999998,58,19.15,Two year,0.027321907,0,30.346441838704045,C3192
57.3,3,19.1,Two year,0.01801709,0,1.0323793061077595,C3193
2388.65,43,55.55,Month-to-month,0.3186235,0,761.0800542876125,C3194
724.9499999999999,9,80.55,Month-to-month,0.4323848,0,313.4573527783155,C3195
60.75,3,20.25,One year,0.03288759,0,1.9979210430756211,C3196
1529.0,22,69.5,One year,0.12688778,0,194.01142083108425,C3197
4240.0,40,106.0,One year,0.31710514,0,1344.5258116722107,C3198
1734.0,68,25.5,Two year,0.012347347,0,21.410299876704812,C3199
5632.2,54,104.3,Month-to-month,0.5735128,1,3230.13875041008,C3200
3979.999999999999,50,79.6,Two year,0.022012515,0,87.60980967432259,C3201
55.25,1,55.25,Month-to-month,0.7008036,1,38.71939767897129,C3202
6339.599999999999,72,88.05,Two year,0.013199604,0,83.680210256204,C3203
816.0,40,20.4,One year,0.02251038,0,18.368469715118408,C3204
8467.199999999999,72,117.6,Two year,0.03426936,0,290.16551620960234,C3205
120.0,6,20.0,Month-to-month,0.11754031,0,14.104836881160736,C3206
98.25,5,19.65,Month-to-month,0.13641092,0,13.402373068034649,C3207
3386.3999999999996,48,70.55,One year,0.09282102,0,314.329091656208,C3208
93.85,1,93.85,Month-to-month,0.90624356,1,85.05095835924148,C3209
4211.2,64,65.8,One year,0.03250335,0,136.8781141281128,C3210
340.85,17,20.05,One year,0.025053237,0,8.539395706541837,C3211
3200.0,40,80.0,Month-to-month,0.36009452,0,1152.3024559020996,C3212
1451.4,41,35.4,One year,0.042479154,0,61.65424371287227,C3213
4059.6,51,79.6,One year,0.0742661,0,301.4906532257795,C3214
3290.25,41,80.25,Month-to-month,0.46083924,0,1516.2763151451945,C3215
50.45,1,50.45,Month-to-month,0.4777498,0,24.102477143704892,C3216
40.9,2,20.45,Month-to-month,0.17375629,0,7.106632117927075,C3217
5412.799999999999,68,79.6,One year,0.07816907,0,423.11354309320444,C3218
592.8,24,24.7,Two year,0.020067202,0,11.895837302505969,C3219
5411.0,70,77.3,Two year,0.02747508,0,148.66765529103577,C3220
89.25,3,29.75,Month-to-month,0.52952796,1,47.26037062704563,C3221
89.8,2,44.9,Month-to-month,0.3961542,0,35.57464671730995,C3222
89.4,3,29.8,Month-to-month,0.40089026,0,35.839589327573776,C3223
522.5500000000001,7,74.65,Month-to-month,0.43443438,0,227.01368741542103,C3224
935.35,13,71.95,Month-to-month,0.32762757,0,306.4464470729232,C3225
145.25,7,20.75,Month-to-month,0.10326218,0,14.998831441625953,C3226
675.5999999999999,12,56.3,Month-to-month,0.23196763,0,156.71732947826382,C3227
5578.25,53,105.25,One year,0.3722805,0,2076.6737453117967,C3228
1130.4,12,94.2,Month-to-month,0.780559,1,882.3438973903657,C3229
1231.65,63,19.55,Two year,0.012524234,0,15.425472967419774,C3230
1266.75,15,84.45,Month-to-month,0.13963905,0,176.88776629418135,C3231
1931.4,36,53.65,One year,0.048338912,0,93.36177546232939,C3232
119.6,4,29.9,Month-to-month,0.4860966,0,58.13715225458145,C3233
472.7999999999999,24,19.7,Two year,0.01185726,0,5.606112536787985,C3234
2665.7000000000003,61,43.7,One year,0.058633957,0,156.30053933002057,C3235
884.8,16,55.3,Month-to-month,0.2151377,0,190.35384156703947,C3236
1290.25,65,19.85,Two year,0.013452168,0,17.356659275246784,C3237
510.9,26,19.65,Two year,0.012039387,0,6.150922648329288,C3238
791.2,16,49.45,Month-to-month,0.17678382,0,139.87135444879533,C3239
5753.7,54,106.55,One year,0.2973114,0,1710.6405757516623,C3240
20.1,1,20.1,Month-to-month,0.38449177,0,7.728284606337548,C3241
102.25,5,20.45,Two year,0.013529157,0,1.3833563304506242,C3242
754.3000000000001,19,39.7,Month-to-month,0.45706764,0,344.7661198228598,C3243
545.0,10,54.5,Month-to-month,0.20334119,0,110.82094639539719,C3244
1927.4,23,83.8,Month-to-month,0.29178843,0,562.3930180966854,C3245
165.45,3,55.15,Month-to-month,0.42390603,0,70.13525237739086,C3246
8035.2,72,111.6,Two year,0.03007691,0,241.67398570775984,C3247
866.5,10,86.65,Month-to-month,0.7751367,1,671.655958533287,C3248
555.5,10,55.55,Month-to-month,0.20176806,0,112.08215486258268,C3249
226.05,11,20.55,One year,0.027892407,0,6.305078609101475,C3250
3949.75,37,106.75,Month-to-month,0.467636,0,1847.045248299837,C3251
1055.7,17,62.1,One year,0.07278511,0,76.83923986852169,C3252
3762.0,36,104.5,Month-to-month,0.35185084,0,1323.6628505587578,C3253
1730.6,17,101.8,Month-to-month,0.6322296,1,1094.13659106493,C3254
7299.599999999999,66,110.6,One year,0.06732608,0,491.45342676937577,C3255
5178.900000000001,61,84.9,One year,0.10369202,0,537.0105894081295,C3256
2050.4,22,93.2,Month-to-month,0.4367053,0,895.4205292224884,C3257
24.4,1,24.4,Month-to-month,0.71267134,1,17.38918068408966,C3258
423.2999999999999,6,70.55,Month-to-month,0.44699597,0,189.21339561939234,C3259
2431.9500000000003,31,78.45,Month-to-month,0.41304362,0,1004.5014272868634,C3260
5780.0,68,85.0,Two year,0.016306149,0,94.24954030662775,C3261
2973.3,34,87.45,Month-to-month,0.409031,0,1216.17188334167,C3262
4461.599999999999,52,85.8,Month-to-month,0.16438138,0,733.4039866447448,C3263
911.0,10,91.1,Month-to-month,0.6303036,1,574.2065989971161,C3264
2051.75,29,70.75,Month-to-month,0.3673365,0,753.6826876997948,C3265
1447.2,72,20.1,Two year,0.010414077,0,15.071252189576626,C3266
942.35,47,20.05,One year,0.018877342,0,17.789063557237387,C3267
1795.1999999999998,24,74.8,One year,0.071408845,0,128.1931594133377,C3268
1612.0,65,24.8,One year,0.037966445,0,61.201909482479095,C3269
403.4,4,100.85,Month-to-month,0.7866368,1,317.3292969703674,C3270
1216.1999999999998,12,101.35,Month-to-month,0.8223744,1,1000.1717495083807,C3271
81.7,1,81.7,Month-to-month,0.76749814,1,62.70459767580033,C3272
2252.25,33,68.25,Month-to-month,0.36229992,0,815.9899928569794,C3273
3573.3999999999996,34,105.1,Month-to-month,0.41268936,0,1474.7041518628596,C3274
285.59999999999997,14,20.4,Two year,0.0122412415,0,3.4960985787212846,C3275
316.6,4,79.15,Month-to-month,0.67918175,1,215.028943502903,C3276
260.0,13,20.0,One year,0.026464185,0,6.8806880339980125,C3277
5161.0,65,79.4,Two year,0.0657488,0,339.32957392185926,C3278
1315.6,23,57.2,One year,0.044334315,0,58.3262245029211,C3279
3223.0,55,58.6,Two year,0.02880868,0,92.85037380829453,C3280
4645.2,49,94.8,Two year,0.21567379,0,1001.8478864371776,C3281
6150.0,60,102.5,One year,0.18342079,0,1128.0378721654415,C3282
1404.15,69,20.35,One year,0.023916494,0,33.582345192320645,C3283
3396.0,40,84.9,Month-to-month,0.5240116,1,1779.5434341430664,C3284
4636.400000000001,67,69.2,Two year,0.04290062,0,198.9044260635972,C3285
3340.75,35,95.45,Month-to-month,0.5581763,1,1864.7274042963982,C3286
1918.05,19,100.95,One year,0.32755223,0,628.2615531519056,C3287
271.05,13,20.85,Two year,0.012512063,0,3.391394588397816,C3288
3628.5,41,88.5,Month-to-month,0.2986842,0,1083.7756544798613,C3289
140.0,4,35.0,Month-to-month,0.2216418,0,31.029851138591766,C3290
1323.6,24,55.15,Month-to-month,0.115957566,0,153.48143383562564,C3291
254.75,5,50.95,Month-to-month,0.39686722,0,101.1019231826067,C3292
320.0,5,64.0,Month-to-month,0.40291795,0,128.933744430542,C3293
69.1,1,69.1,Month-to-month,0.7680787,1,53.074237120151516,C3294
5774.400000000001,72,80.2,Two year,0.014917893,0,86.14188327491284,C3295
1183.1999999999998,24,49.3,Month-to-month,0.21550944,0,254.99077470302578,C3296
3542.7,42,84.35,Two year,0.030332653,0,107.459489258565,C3297
80.2,4,20.05,Month-to-month,0.12300074,0,9.864659428596497,C3298
7969.6,68,117.2,One year,0.306419,0,2442.0367438793182,C3299
663.3000000000001,33,20.1,One year,0.019524131,0,12.950356072559954,C3300
69.6,1,69.6,Month-to-month,0.84159136,1,58.57475852966308,C3301
3206.9500000000003,31,103.45,One year,0.46444744,0,1489.4597135931256,C3302
311.8,4,77.95,Month-to-month,0.6330315,1,197.37921779155732,C3303
7586.55,69,109.95,Two year,0.06277772,0,476.2663146380335,C3304
3600.5,38,94.75,Month-to-month,0.51401263,1,1850.7024914324284,C3305
240.0,3,80.0,Month-to-month,0.6595387,1,158.28928470611572,C3306
3823.2,48,79.65,Two year,0.032464143,0,124.11691109240054,C3307
378.0,15,25.2,Two year,0.020086322,0,7.592629708349705,C3308
497.49999999999994,25,19.9,One year,0.02053959,0,10.218445640057324,C3309
78.45,1,78.45,Month-to-month,0.83335054,1,65.37634980082512,C3310
2150.3999999999996,48,44.8,Month-to-month,0.19183919,0,412.5309906005859,C3311
20.3,1,20.3,Month-to-month,0.36211812,0,7.350997936725617,C3312
19.2,1,19.2,Month-to-month,0.22381148,0,4.2971803665161135,C3313
2961.85,37,80.05,One year,0.1314394,0,389.3037948854267,C3314
7085.099999999999,66,107.35,One year,0.10901693,0,772.3958687894045,C3315
1244.1,26,47.85,One year,0.06335741,0,78.82295728325843,C3316
4460.4,63,70.8,One year,0.036506753,0,162.83472293168305,C3317
295.0,10,29.5,Month-to-month,0.2898399,0,85.5027686059475,C3318
141.5,2,70.75,Month-to-month,0.41545737,0,58.78721755743027,C3319
1063.8,18,59.1,Month-to-month,0.29629442,0,315.19800501465795,C3320
1635.2,64,25.55,Two year,0.014248696,0,23.299467954039574,C3321
760.0500000000001,9,84.45,Month-to-month,0.805047,1,611.8759538143873,C3322
567.0,28,20.25,Month-to-month,0.06966697,0,39.50117017328739,C3323
75.55,1,75.55,Month-to-month,0.67827356,1,51.243567353487016,C3324
342.6,4,85.65,Month-to-month,0.83268917,1,285.27930829524996,C3325
2665.7000000000003,38,70.15,One year,0.102759,0,273.92467600107193,C3326
6289.8,66,95.3,One year,0.16470648,0,1035.9708398133516,C3327
70.25,1,70.25,Month-to-month,0.77317005,1,54.31519629061222,C3328
905.4,18,50.3,Month-to-month,0.20523882,0,185.8232268333435,C3329
4987.8,51,97.8,Month-to-month,0.58724266,1,2929.0489540457725,C3330
0.0,0,19.85,Two year,0.016419705,0,0.0,C3331
46.3,1,46.3,Month-to-month,0.57942307,1,26.82728813886642,C3332
232.2,12,19.35,Two year,0.024275126,0,5.636684242263436,C3333
4358.3,41,106.3,Month-to-month,0.5993599,1,2612.190381008387,C3334
300.0,12,25.0,Month-to-month,0.1319814,0,39.5944207906723,C3335
1116.5,55,20.3,Two year,0.011897211,0,13.283236040268093,C3336
527.4499999999999,7,75.35,Month-to-month,0.6676632,1,352.1589635908603,C3337
1072.8000000000002,12,89.4,Month-to-month,0.5816529,1,623.9972093582154,C3338
5984.0,68,88.0,Two year,0.018825628,0,112.6525571346283,C3339
415.75,5,83.15,Month-to-month,0.7904994,1,328.65012104809284,C3340
2146.2,49,43.8,Month-to-month,0.16670802,0,357.7887575805187,C3341
2482.0,40,62.05,One year,0.10326033,0,256.2921411842108,C3342
321.6,16,20.1,One year,0.037043836,0,11.913297647237778,C3343
741.5,10,74.15,Month-to-month,0.5948634,1,441.0912220478058,C3344
7297.2,72,101.35,One year,0.14170213,0,1034.0287862241269,C3345
168.1,2,84.05,Month-to-month,0.84648794,1,142.29462260603904,C3346
480.7,23,20.9,Two year,0.011870642,0,5.706217702012509,C3347
7518.900000000001,71,105.9,One year,0.122051306,0,917.6915652014316,C3348
1094.5,11,99.5,Month-to-month,0.82846653,1,906.7566221356392,C3349
44.15,1,44.15,Month-to-month,0.60233814,1,26.593228670954705,C3350
862.4,16,53.9,Month-to-month,0.20035896,0,172.78956456184386,C3351
85.45,1,85.45,Month-to-month,0.9051959,1,77.34898895919324,C3352
1020.6,12,85.05,Month-to-month,0.5368182,1,547.8766613602638,C3353
2381.4,54,44.1,One year,0.03784301,0,90.11934715658427,C3354
6133.6,68,90.2,Two year,0.021675598,0,132.94944713413716,C3355
203.4,4,50.85,Month-to-month,0.35364094,0,71.93056796193123,C3356
59.2,1,59.2,Month-to-month,0.47910252,0,28.36286931037903,C3357
1443.15,27,53.45,Month-to-month,0.07815553,0,112.79015669748188,C3358
418.95,21,19.95,Month-to-month,0.09751729,0,40.854868319258095,C3359
1081.6,13,83.2,Month-to-month,0.6294984,1,680.8654933929442,C3360
4777.6,64,74.65,Month-to-month,0.104171306,0,497.68883104324345,C3361
54.9,1,54.9,Month-to-month,0.5088793,1,27.937473785877227,C3362
3277.5,57,57.5,Two year,0.024281338,0,79.58208482712507,C3363
2181.9,21,103.9,Month-to-month,0.7274392,1,1587.1996444165707,C3364
373.35,19,19.65,Two year,0.011974405,0,4.470643944712356,C3365
2907.7999999999997,31,93.8,One year,0.3681581,0,1070.530129098892,C3366
4641.0,52,89.25,Two year,0.028460132,0,132.0834724176675,C3367
4330.900000000001,46,94.15,One year,0.24313165,0,1052.9788737013937,C3368
611.6,11,55.6,Month-to-month,0.32367447,0,197.95930596590043,C3369
2581.1000000000004,53,48.7,Month-to-month,0.14157538,0,365.4202163115144,C3370
211.75,11,19.25,Month-to-month,0.0869156,0,18.404377732425928,C3371
5979.3,57,104.9,Month-to-month,0.39537275,0,2364.052274358273,C3372
150.9,2,75.45,Month-to-month,0.6737716,1,101.67213742733001,C3373
109.7,2,54.85,Month-to-month,0.3546576,0,38.90593766570091,C3374
1412.9,71,19.9,Two year,0.008996505,0,12.711162324622274,C3375
19.4,1,19.4,Month-to-month,0.35405535,0,6.868673694133758,C3376
1703.4,68,25.05,Two year,0.014987199,0,25.529194156453016,C3377
6080.400000000001,72,84.45,Two year,0.010711175,0,65.12823083885014,C3378
38.6,2,19.3,Month-to-month,0.12130346,0,4.682313613593578,C3379
95.1,1,95.1,Month-to-month,0.90579987,1,86.14156723022461,C3380
3273.85,41,79.85,One year,0.087883435,0,287.7171842958778,C3381
1839.6,72,25.55,Two year,0.011177872,0,20.562813897058366,C3382
453.0,6,75.5,Month-to-month,0.72094506,1,326.5881122946739,C3383
295.0,4,73.75,Month-to-month,0.5476856,1,161.56725883483887,C3384
1152.6,12,96.05,Month-to-month,0.7919493,1,912.8007310867309,C3385
3967.2,58,68.4,One year,0.052947618,0,210.05379039645194,C3386
144.54999999999998,7,20.65,Month-to-month,0.10810868,0,15.627109256014226,C3387
3584.75,65,55.15,Month-to-month,0.07831455,0,280.7380839046091,C3388
70.6,1,70.6,Month-to-month,0.7442417,1,52.543465042114256,C3389
1117.2,56,19.95,One year,0.022543458,0,25.185551577061414,C3390
76.0,4,19.0,Month-to-month,0.08518687,0,6.474202036857605,C3391
2557.8,58,44.1,One year,0.07346112,0,187.8988599255681,C3392
6671.2,62,107.6,Two year,0.09275716,0,618.8015523254871,C3393
1600.3,26,61.55,One year,0.0636656,0,101.88405748903752,C3394
5623.400000000001,62,90.7,Month-to-month,0.086719416,0,487.65796439498666,C3395
5756.5,58,99.25,One year,0.14487404,0,833.9673900306225,C3396
6235.6,68,91.7,Two year,0.029473202,0,183.78310028091073,C3397
6142.7,61,100.7,One year,0.1362759,0,837.1019856140017,C3398
3294.9,42,78.45,Two year,0.02455872,0,80.91852404884995,C3399
1517.4,18,84.3,Month-to-month,0.39467615,0,598.8815883278847,C3400
1094.8,56,19.55,Two year,0.01760344,0,19.272246342152357,C3401
355.8,4,88.95,Month-to-month,0.8296211,1,295.17917904853823,C3402
81.8,4,20.45,Month-to-month,0.11751808,0,9.612979128956795,C3403
1946.0,35,55.6,One year,0.045896772,0,89.3151188865304,C3404
5555.2,64,86.8,Month-to-month,0.096025094,0,533.4386043548584,C3405
649.4499999999999,31,20.95,One year,0.022012878,0,14.296263753063975,C3406
1343.35,67,20.05,Two year,0.013330729,0,17.907834462216123,C3407
202.8,4,50.7,Month-to-month,0.27531394,0,55.833667767047885,C3408
7955.5,70,113.65,Two year,0.09668593,0,769.1849247589707,C3409
160.2,3,53.4,Month-to-month,0.43383458,0,69.50030012726783,C3410
5400.700000000001,53,101.9,Month-to-month,0.5836949,1,3152.3609127104287,C3411
119.0,2,59.5,Two year,0.023042565,0,2.7420652601867914,C3412
2546.2,29,87.8,Month-to-month,0.39937595,0,1016.8910319983959,C3413
1969.3,47,41.9,Two year,0.018216444,0,35.873643522523345,C3414
5644.0,68,83.0,One year,0.30139267,0,1701.060254573822,C3415
838.1999999999999,12,69.85,Month-to-month,0.2067674,0,173.31243060529232,C3416
450.4,8,56.3,Month-to-month,0.20337865,0,91.60174286365509,C3417
5915.7,54,109.55,Month-to-month,0.29497895,0,1745.006953498721,C3418
6358.35,69,92.15,Two year,0.032564715,0,207.05785276517273,C3419
1807.0,26,69.5,Month-to-month,0.12967052,0,234.31462179124355,C3420
6984.0,72,97.0,Two year,0.022111744,0,154.42841792106628,C3421
4084.5,70,58.35,Two year,0.019703778,0,80.48007922712713,C3422
50.6,1,50.6,Month-to-month,0.4475698,0,22.647031247615814,C3423
895.0,10,89.5,Month-to-month,0.6818798,1,610.2824375033379,C3424
1971.2000000000005,28,70.4,One year,0.07710117,0,151.98182830810552,C3425
69.8,1,69.8,Month-to-month,0.81910145,1,57.17328140735626,C3426
1980.3,21,94.3,Month-to-month,0.6364938,1,1260.4486762404442,C3427
4783.8,51,93.8,Month-to-month,0.35907295,0,1717.7331947743894,C3428
1036.15,53,19.55,One year,0.02105353,0,21.81461539529264,C3429
5085.35,53,95.95,One year,0.10583817,0,538.2241486806423,C3430
2425.2,24,101.05,Month-to-month,0.69010794,1,1673.6497800350187,C3431
6636.0,70,94.8,Two year,0.037697732,0,250.16215252876282,C3432
6572.75,61,107.75,One year,0.17304835,0,1137.403524287045,C3433
600.6,11,54.6,One year,0.07935112,0,47.65828249007463,C3434
142.6,2,71.3,Month-to-month,0.49947265,0,71.22479959130287,C3435
487.5,25,19.5,One year,0.030014118,0,14.631882612593472,C3436
2308.2999999999997,41,56.3,One year,0.0746678,0,172.35567464381455,C3437
1704.6,18,94.7,Month-to-month,0.6265227,1,1067.9706282734871,C3438
7498.8,72,104.15,Two year,0.14658478,0,1099.2099409461023,C3439
6429.05,71,90.55,Two year,0.011171055,0,71.81927131717093,C3440
2067.2,34,60.8,One year,0.052878153,0,109.30971701145171,C3441
2865.2,29,98.8,Month-to-month,0.39659178,0,1136.314775419235,C3442
3926.0,40,98.15,One year,0.13131136,0,515.5283876657486,C3443
1272.6,36,35.35,One year,0.04597564,0,58.508599993586536,C3444
4744.900000000001,46,103.15,One year,0.34646145,0,1643.9249108225108,C3445
6249.5,58,107.75,One year,0.23546827,0,1471.5589433312416,C3446
3174.6000000000004,39,81.4,One year,0.073355116,0,232.87315109521154,C3447
245.8,4,61.45,Month-to-month,0.18143295,0,44.59621849954129,C3448
4976.400000000001,52,95.7,One year,0.10919814,0,543.4136145293713,C3449
7336.0,70,104.8,One year,0.17432557,0,1278.8523849248886,C3450
4611.75,65,70.95,One year,0.06269581,0,289.1373958121985,C3451
44.95,1,44.95,Month-to-month,0.59647024,1,26.811337143182755,C3452
6835.5,70,97.65,One year,0.19552001,0,1336.4770527631044,C3453
1033.85,29,35.65,Month-to-month,0.21999376,0,227.44054383561013,C3454
90.55,1,90.55,Month-to-month,0.8661667,1,78.43139566779136,C3455
5711.75,67,85.25,Two year,0.01747983,0,99.84041609056294,C3456
19.5,1,19.5,Month-to-month,0.39830586,0,7.766964331269264,C3457
2308.7999999999997,26,88.8,Month-to-month,0.49648607,0,1146.2870332717894,C3458
753.0,30,25.1,Two year,0.019714434,0,14.84496857598424,C3459
4802.4,48,100.05,Month-to-month,0.33629715,0,1615.0334544181821,C3460
3063.5,55,55.7,Month-to-month,0.103431925,0,316.86370278149843,C3461
596.4,7,85.2,Month-to-month,0.8026514,1,478.70129814147947,C3462
3372.55,37,91.15,Month-to-month,0.36507326,0,1231.2278353065253,C3463
2599.35,31,83.85,Month-to-month,0.41294712,0,1073.3940919071435,C3464
183.6,4,45.9,Month-to-month,0.42734182,0,78.4599579334259,C3465
1807.2,72,25.1,Two year,0.014179456,0,25.6251129694283,C3466
457.0,5,91.4,Month-to-month,0.7616662,1,348.0814436674118,C3467
19.7,1,19.7,Month-to-month,0.3287467,0,6.476310113072395,C3468
1372.5,15,91.5,Month-to-month,0.5221196,1,716.6091258823872,C3469
410.4,8,51.3,Month-to-month,0.22186467,0,91.05326077938079,C3470
738.5,35,21.1,One year,0.022199403,0,16.3942594807595,C3471
5866.0,56,104.75,Month-to-month,0.4458075,0,2615.1067174077034,C3472
4458.3,42,106.15,Month-to-month,0.5179462,1,2309.159470707178,C3473
5573.75,65,85.75,Month-to-month,0.17534073,0,977.305376958102,C3474
40.6,2,20.3,One year,0.038161024,0,1.5493375927209854,C3475
6548.75,65,100.75,One year,0.19782192,0,1295.486266836524,C3476
1334.7,18,74.15,Month-to-month,0.46513957,0,620.8217812120914,C3477
1806.65,23,78.55,One year,0.10758169,0,194.36246015504003,C3478
181.2,4,45.3,Month-to-month,0.33355856,0,60.440810966491696,C3479
1389.5,70,19.85,Two year,0.010073055,0,13.996509341523051,C3480
202.8,4,50.7,Month-to-month,0.4483029,0,90.91582707166673,C3481
855.0,19,45.0,Month-to-month,0.21883135,0,187.10080035030842,C3482
1400.4,18,77.8,Month-to-month,0.29057094,0,406.91555074453356,C3483
3171.1,38,83.45,Month-to-month,0.35720864,0,1132.7443163484334,C3484
146.5,2,73.25,Month-to-month,0.63474286,1,92.98982840776443,C3485
4455.599999999999,47,94.8,One year,0.07878322,0,351.0265219062566,C3486
1045.2,52,20.1,Two year,0.010216839,0,10.678639788553118,C3487
539.1,9,59.9,Month-to-month,0.22200787,0,119.68444308042527,C3488
2342.6,26,90.1,One year,0.11375741,0,266.48810668736695,C3489
408.4,8,51.05,Month-to-month,0.377115,0,154.01377058029175,C3490
3121.8,44,70.95,One year,0.08270604,0,258.19172077327966,C3491
87.6,3,29.2,Month-to-month,0.3954957,0,34.645424437522884,C3492
93.2,2,46.6,Month-to-month,0.5089446,1,47.43363401889801,C3493
768.15,9,85.35,Month-to-month,0.7296787,1,560.5026860564947,C3494
75.35,1,75.35,Month-to-month,0.8401144,1,63.30262114703655,C3495
1857.5,25,74.3,Month-to-month,0.2568606,0,477.1185901761055,C3496
138.6,2,69.3,Month-to-month,0.5485338,1,76.02678430080414,C3497
3233.6,43,75.2,Month-to-month,0.35147798,0,1136.5391981124878,C3498
20.9,1,20.9,Month-to-month,0.42350042,0,8.85115875005722,C3499
5469.4,58,94.3,One year,0.22881074,0,1251.457475015521,C3500
4510.55,59,76.45,Two year,0.026432518,0,119.22519368585199,C3501
2376.0,44,54.0,One year,0.111672245,0,265.33325403928757,C3502
6880.5,66,104.25,One year,0.23254457,0,1600.0229218751192,C3503
1356.6,68,19.95,Two year,0.009415751,0,12.773408244922756,C3504
224.55,9,24.95,Month-to-month,0.45061475,0,101.18554219901563,C3505
1610.25,19,84.75,Month-to-month,0.44843015,0,722.0846502408385,C3506
79.0,4,19.75,Month-to-month,0.12590335,0,9.946364894509315,C3507
7955.5,70,113.65,Two year,0.059318837,0,471.9110059905797,C3508
44.9,1,44.9,Month-to-month,0.59647024,1,26.78151363134384,C3509
602.0,8,75.25,Month-to-month,0.64210826,1,386.54917347431183,C3510
1303.8000000000002,53,24.6,Two year,0.020455532,0,26.66992232948542,C3511
1275.0,51,25.0,One year,0.035593625,0,45.381872076541185,C3512
230.45,11,20.95,Month-to-month,0.1250063,0,28.80770257040858,C3513
6636.0,60,110.6,Two year,0.069294944,0,459.8412510752678,C3514
943.5,17,55.5,Month-to-month,0.21695925,0,204.70105516165495,C3515
129.89999999999998,3,43.3,Month-to-month,0.47021577,0,61.08102821409701,C3516
7665.0,70,109.5,One year,0.14458267,0,1108.226195499301,C3517
19.45,1,19.45,Month-to-month,0.30145723,0,5.863343051075935,C3518
3648.55,43,84.85,Month-to-month,0.5351421,1,1952.4927954226732,C3519
313.6,16,19.6,Month-to-month,0.10452021,0,32.77753758430481,C3520
3046.65,57,53.45,One year,0.05748971,0,175.15103042889388,C3521
732.6,37,19.8,One year,0.019928547,0,14.599653255566954,C3522
8071.2,72,112.1,Two year,0.022759765,0,183.69861838817596,C3523
932.8,11,84.8,Month-to-month,0.71750355,1,669.2873092651367,C3524
4752.5,50,95.05,Month-to-month,0.46480864,0,2209.00307521224,C3525
251.75,5,50.35,Month-to-month,0.34990847,0,88.08945760130882,C3526
74.6,1,74.6,Month-to-month,0.80932623,1,60.375736868381495,C3527
315.2,16,19.7,Month-to-month,0.108157694,0,34.09130525588989,C3528
148.4,2,74.2,Month-to-month,0.57851285,1,85.85130655765533,C3529
1173.0,17,69.0,Month-to-month,0.17220157,0,201.99244612455368,C3530
309.6,16,19.35,One year,0.027102904,0,8.39105920046568,C3531
891.75,15,59.45,Month-to-month,0.3578873,0,319.14599787443876,C3532
198.0,10,19.8,One year,0.031278886,0,6.193219408392906,C3533
4839.2,46,105.2,One year,0.20679162,0,1000.7060289263725,C3534
6988.8,64,109.2,Two year,0.06718908,0,469.57105979919436,C3535
79.15,1,79.15,Month-to-month,0.84873676,1,67.17751479148865,C3536
1341.25,25,53.65,One year,0.061694536,0,82.74779689032584,C3537
7114.2,71,100.2,Two year,0.022770094,0,161.9910009842366,C3538
361.2,8,45.15,Month-to-month,0.28210127,0,101.89498000144958,C3539
7822.8,72,108.65,Two year,0.04478752,0,350.36380113065246,C3540
1991.85,49,40.65,Month-to-month,0.16575135,0,330.1518322862685,C3541
1605.15,29,55.35,One year,0.07653848,0,122.85574248544873,C3542
7603.2,72,105.6,Two year,0.052991666,0,402.9062341690063,C3543
2907.7999999999997,31,93.8,Month-to-month,0.3689319,0,1072.7801483869553,C3544
4785.0,50,95.7,Month-to-month,0.5120337,1,2450.0812590122223,C3545
5907.2,71,83.2,Two year,0.026575653,0,156.9876967072487,C3546
6303.5,70,90.05,Two year,0.02724805,0,171.75807784777135,C3547
6933.150000000001,71,97.65,One year,0.064928494,0,450.15899090655154,C3548
4151.05,61,68.05,Two year,0.01678903,0,69.69210415910929,C3549
3078.4,32,96.2,Month-to-month,0.39579576,0,1218.4176753997804,C3550
79.6,1,79.6,Month-to-month,0.83147895,1,66.18572468757628,C3551
6942.799999999999,68,102.1,Two year,0.05926439,0,411.4608184218406,C3552
1450.8,62,23.4,Two year,0.017062614,0,24.75444001480937,C3553
497.35,7,71.05,Month-to-month,0.57652307,1,286.7337466597557,C3554
1705.0,20,85.25,Month-to-month,0.6014515,1,1025.4748350381851,C3555
116.7,6,19.45,One year,0.025675442,0,2.9963240895420316,C3556
1961.85,33,59.45,Month-to-month,0.19860266,0,389.6286314450204,C3557
2581.6,28,92.2,One year,0.21212043,0,547.610098683834,C3558
535.95,27,19.85,Two year,0.012064756,0,6.466105921519921,C3559
307.3,7,43.9,Month-to-month,0.24957378,0,76.69402323514224,C3560
2093.0,26,80.5,Month-to-month,0.45528376,0,952.9089118242264,C3561
449.0,5,89.8,Month-to-month,0.83831567,1,376.4037339091301,C3562
2715.0,30,90.5,Month-to-month,0.4313908,0,1171.226000636816,C3563
5698.35,63,90.45,One year,0.13031441,0,742.577116701007,C3564
50.75,1,50.75,Month-to-month,0.622072,1,31.570153057575226,C3565
4483.799999999999,53,84.6,One year,0.14517494,0,650.9353756159543,C3566
1255.1,14,89.65,Month-to-month,0.54724663,1,686.8492515385151,C3567
2082.15,21,99.15,Month-to-month,0.53766024,1,1119.4892710626125,C3568
339.15,17,19.95,One year,0.02706939,0,9.180583557486534,C3569
328.0,16,20.5,Two year,0.012185612,0,3.9968806579709053,C3570
2173.5,35,62.1,Month-to-month,0.16957219,0,368.56515377014875,C3571
2544.0,32,79.5,Month-to-month,0.4254981,0,1082.467161655426,C3572
547.4,28,19.55,Month-to-month,0.13407397,0,73.39209265708924,C3573
20.35,1,20.35,Month-to-month,0.4395453,0,8.944746927917004,C3574
3050.3,59,51.7,Month-to-month,0.25919476,0,790.6217810481787,C3575
1677.6,72,23.3,One year,0.028730247,0,48.197862651944156,C3576
2354.4,36,65.4,One year,0.14739501,0,347.02682275772094,C3577
2604.0,40,65.1,Month-to-month,0.105830595,0,275.5828691124916,C3578
3248.0,40,81.2,Month-to-month,0.43244857,0,1404.592942237854,C3579
656.1,9,72.9,Month-to-month,0.20575781,0,134.9977002337575,C3580
4693.5,63,74.5,Two year,0.021324882,0,100.08833499904722,C3581
241.5,3,80.5,Month-to-month,0.6860813,1,165.68863159418106,C3582
2412.0,40,60.3,One year,0.12458616,0,300.5018118917942,C3583
600.0,8,75.0,Month-to-month,0.43856275,0,263.13765048980713,C3584
3065.1000000000004,34,90.15,One year,0.07100412,0,217.63473586142067,C3585
200.0,5,40.0,Month-to-month,0.25654456,0,51.3089120388031,C3586
895.0500000000001,9,99.45,Month-to-month,0.85544735,1,765.6681523472072,C3587
621.4499999999999,9,69.05,Month-to-month,0.21866165,0,135.88728302344677,C3588
1850.7,31,59.7,Month-to-month,0.14776897,0,273.4760407447815,C3589
992.5,50,19.85,One year,0.026394082,0,26.196126616559923,C3590
172.5,2,86.25,Month-to-month,0.52177584,1,90.00633269548416,C3591
45.65,1,45.65,Month-to-month,0.693331,1,31.650560295581815,C3592
560.8,8,70.1,Month-to-month,0.45472774,0,255.01131608486173,C3593
366.75,9,40.75,Month-to-month,0.39599913,0,145.23268224298954,C3594
140.4,2,70.2,Month-to-month,0.59930366,1,84.14223425388336,C3595
166.05,3,55.35,Month-to-month,0.26338202,0,43.73458402454853,C3596
2392.5,25,95.7,Month-to-month,0.36123028,0,864.2434544116259,C3597
46.3,1,46.3,Month-to-month,0.6425615,1,29.750597232580184,C3598
3658.5,45,81.3,Month-to-month,0.082263954,0,300.96267564967275,C3599
4294.2,51,84.2,Month-to-month,0.40941724,0,1758.1195197880268,C3600
1100.0,55,20.0,Month-to-month,0.08477021,0,93.24723109602928,C3601
2513.7000000000003,38,66.15,Month-to-month,0.12528355,0,314.92527018338444,C3602
91.7,2,45.85,Month-to-month,0.46349669,0,42.50264601707459,C3603
744.8000000000001,38,19.6,Month-to-month,0.09225712,0,68.71310276389123,C3604
1693.1999999999998,34,49.8,Month-to-month,0.2065954,0,349.8073413312435,C3605
7122.5,70,101.75,One year,0.21347618,0,1520.4840993881226,C3606
716.9499999999999,13,55.15,One year,0.065350145,0,46.85278653055429,C3607
2934.75,39,75.25,Month-to-month,0.42549533,0,1248.7224095016718,C3608
6340.95,61,103.95,One year,0.3300166,0,2092.6188422441483,C3609
1201.8000000000002,12,100.15,Month-to-month,0.7899132,1,949.3176567077638,C3610
4085.65,41,99.65,Two year,0.058958124,0,240.88226082976908,C3611
1547.7,21,73.7,Month-to-month,0.51159483,1,791.7953213989734,C3612
2752.75,55,50.05,One year,0.107176274,0,295.02948842197657,C3613
4157.25,69,60.25,Two year,0.021499261,0,89.37780387327075,C3614
2749.5,26,105.75,Month-to-month,0.58056223,1,1596.2558621764183,C3615
6023.7,69,87.3,One year,0.08947321,0,538.9597767345607,C3616
870.3000000000001,18,48.35,Month-to-month,0.6240557,1,543.1156614482403,C3617
2549.75,47,54.25,Month-to-month,0.12675169,0,323.18512438982725,C3618
6141.599999999999,72,85.3,Two year,0.011109774,0,68.23178800418972,C3619
1650.0,33,50.0,Month-to-month,0.1589743,0,262.3076029121876,C3620
48.8,2,24.4,Month-to-month,0.5128251,1,25.025863504409788,C3621
6548.400000000001,72,90.95,Two year,0.015579244,0,102.01912220790983,C3622
2673.25,37,72.25,Month-to-month,0.371291,0,992.5536966845393,C3623
5958.2,62,96.1,Month-to-month,0.24595095,0,1465.424963232875,C3624
1409.35,71,19.85,Two year,0.0094033815,0,13.25265571232885,C3625
1271.9,23,55.3,Month-to-month,0.10910653,0,138.7725996144116,C3626
321.6,16,20.1,One year,0.027369644,0,8.802077668905259,C3627
625.5,9,69.5,Month-to-month,0.17321195,0,108.34407290071249,C3628
427.5499999999999,17,25.15,Two year,0.024000753,0,10.261521824263033,C3629
83.8,4,20.95,Month-to-month,0.196161,0,16.438291960954665,C3630
49.55,1,49.55,Month-to-month,0.59336764,1,29.401366373896597,C3631
1911.6,24,79.65,Month-to-month,0.34142107,0,652.6605130434036,C3632
71.25,1,71.25,Month-to-month,0.7679819,1,54.71870943903923,C3633
8193.6,72,113.8,Two year,0.034240752,0,280.5550293445587,C3634
1767.6,72,24.55,Two year,0.03773371,0,66.69810809791088,C3635
216.7,11,19.7,Month-to-month,0.08919485,0,19.32852380722761,C3636
182.25,9,20.25,Month-to-month,0.108229615,0,19.724847296252847,C3637
100.3,2,50.15,Month-to-month,0.3742964,0,37.54192861616611,C3638
6030.0,60,100.5,One year,0.21336497,0,1286.590791195631,C3639
2781.1000000000004,29,95.9,Month-to-month,0.5190411,1,1443.50526162982,C3640
3648.05,49,74.45,Two year,0.020281855,0,73.98922119457275,C3641
3123.0,30,104.1,Month-to-month,0.5471821,1,1708.849645614624,C3642
1009.65,53,19.05,One year,0.016433,0,16.591579020023346,C3643
975.0,39,25.0,Two year,0.016614994,0,16.199619183316827,C3644
171.45000000000002,9,19.05,Month-to-month,0.076834835,0,13.173332479968668,C3645
3194.1000000000004,39,81.9,One year,0.18186018,0,580.8795968145133,C3646
557.6,8,69.7,Month-to-month,0.49108133,0,273.82694804668427,C3647
4597.650000000001,51,90.15,One year,0.18481407,0,849.7103891417385,C3648
1799.85,71,25.35,Two year,0.010546885,0,18.982811742648483,C3649
1750.15,71,24.65,Two year,0.017017322,0,29.78286550519988,C3650
1368.5,70,19.55,Two year,0.015609154,0,21.361126628238708,C3651
25.25,1,25.25,Month-to-month,0.7048036,1,17.796290546655655,C3652
2280.0,38,60.0,Two year,0.021069994,0,48.03958676755428,C3653
2517.2000000000003,28,89.9,Month-to-month,0.32138962,0,809.001940226555,C3654
620.8,32,19.4,Month-to-month,0.11632313,0,72.21339807510375,C3655
2440.2,49,49.8,Two year,0.041216757,0,100.57713079378009,C3656
891.7,37,24.1,Two year,0.0266042,0,23.72296494562179,C3657
542.5,10,54.25,Month-to-month,0.21875603,0,118.6751489713788,C3658
7363.3,67,109.9,One year,0.09745872,0,717.6177945017815,C3659
248.5,7,35.5,One year,0.1074801,0,26.708805169910192,C3660
4465.05,51,87.55,One year,0.16139533,0,720.6382015027106,C3661
406.35,9,45.15,Month-to-month,0.37772658,0,153.48919768184425,C3662
795.6,9,88.4,Month-to-month,0.6659078,1,529.7962458372116,C3663
203.2,4,50.8,Month-to-month,0.25506955,0,51.83013334274292,C3664
7029.0,71,99.0,Two year,0.04503701,0,316.5651350095868,C3665
4220.0,50,84.4,Month-to-month,0.42402557,0,1789.387885928154,C3666
2317.2,24,96.55,Two year,0.1418822,0,328.7694247305393,C3667
1314.5,22,59.75,One year,0.07796422,0,102.48396255075932,C3668
4906.0,44,111.5,Month-to-month,0.30708635,0,1506.5656259059906,C3669
800.25,33,24.25,Month-to-month,0.08162096,0,65.3171743825078,C3670
75.1,1,75.1,Month-to-month,0.82745534,1,62.14189617037773,C3671
3788.1,54,70.15,One year,0.115253516,0,436.5918422229588,C3672
4273.5,42,101.75,Month-to-month,0.6209981,1,2653.8353143036366,C3673
45.8,1,45.8,Month-to-month,0.63760865,1,29.202476048469542,C3674
20.5,1,20.5,Month-to-month,0.4054246,0,8.311204195022583,C3675
2112.0,30,70.4,One year,0.060647395,0,128.08729720115662,C3676
30.55,1,30.55,Month-to-month,0.4107169,0,12.547401028871537,C3677
1358.4,16,84.9,Month-to-month,0.16633555,0,225.9502151012421,C3678
20.1,1,20.1,Month-to-month,0.44228294,0,8.889887192845345,C3679
365.85,9,40.65,Month-to-month,0.34496,0,126.20361749678851,C3680
4646.0,46,101.0,Month-to-month,0.5965436,1,2771.541612505913,C3681
69.1,1,69.1,Month-to-month,0.82509774,1,57.01425381302833,C3682
3869.5,71,54.5,Two year,0.013213231,0,51.12859823787585,C3683
3240.0499999999997,43,75.35,Month-to-month,0.3629806,0,1176.075306546688,C3684
2222.5,50,44.45,One year,0.035867434,0,79.71537205390632,C3685
975.0,13,75.0,Month-to-month,0.5448876,1,531.2654122710228,C3686
1900.0,19,100.0,One year,0.22134416,0,420.55390030145645,C3687
4020.05,41,98.05,Month-to-month,0.36684722,0,1474.7441550344229,C3688
71.15,1,71.15,Month-to-month,0.7679819,1,54.64191125035286,C3689
1299.6,24,54.15,Month-to-month,0.37587127,0,488.4823036551475,C3690
2556.0,40,63.9,One year,0.05337011,0,136.41400292515755,C3691
207.45,3,69.15,Month-to-month,0.38609865,0,80.09616558104753,C3692
2392.05,37,64.65,One year,0.048147574,0,115.17140454724432,C3693
7286.25,67,108.75,Two year,0.115822315,0,843.9103442430496,C3694
3163.2,32,98.85,Month-to-month,0.5128667,1,1622.2998690605164,C3695
294.9,6,49.15,Month-to-month,0.41328013,0,121.8763101696968,C3696
2867.2,32,89.6,Month-to-month,0.3331442,0,955.191015625,C3697
4911.75,59,83.25,Month-to-month,0.22761908,0,1118.0080247148871,C3698
2107.5,30,70.25,One year,0.06805986,0,143.43615844845772,C3699
388.0,20,19.4,Month-to-month,0.17332718,0,67.25094497203827,C3700
661.5,27,24.5,Two year,0.038538072,0,25.492934798821807,C3701
1583.0,20,79.15,Month-to-month,0.5190812,1,821.7055005431175,C3702
180.9,9,20.1,One year,0.028798826,0,5.209707630425692,C3703
4964.0,68,73.0,One year,0.06676339,0,331.41348573565483,C3704
4236.599999999999,69,61.4,Two year,0.016152093,0,68.42995799593626,C3705
2191.7999999999997,26,84.3,Month-to-month,0.28399238,0,622.4544982731342,C3706
1373.1,69,19.9,Two year,0.009415751,0,12.92876814175397,C3707
224.4,11,20.4,Two year,0.012374072,0,2.7767418321222066,C3708
50.75,1,50.75,Month-to-month,0.5694479,1,28.899479657411575,C3709
204.5,10,20.45,One year,0.027299657,0,5.582779951393604,C3710
4166.25,55,75.75,One year,0.08110672,0,337.91088201105595,C3711
2877.6000000000004,44,65.4,One year,0.06182173,0,177.89820721149448,C3712
3698.4,46,80.4,Month-to-month,0.422956,0,1564.260432815552,C3713
4122.75,69,59.75,Two year,0.01751397,0,72.20571945933625,C3714
863.5,11,78.5,Month-to-month,0.57008725,1,492.27034386992455,C3715
1122.0,11,102.0,Month-to-month,0.80718666,1,905.6634360551834,C3716
1419.5500000000002,29,48.95,Month-to-month,0.13309386,0,188.93339425176384,C3717
5680.05,57,99.65,Month-to-month,0.3331391,0,1892.2466979816556,C3718
511.0,28,18.25,One year,0.01793845,0,9.166547939181328,C3719
2291.1,42,54.55,Month-to-month,0.12474805,0,285.810260027647,C3720
41.3,2,20.65,Month-to-month,0.17527807,0,7.238984191417694,C3721
934.95,23,40.65,One year,0.04499905,0,42.07186351697892,C3722
368.1,18,20.45,Month-to-month,0.07642103,0,28.130581093579533,C3723
1537.6,62,24.8,One year,0.03269402,0,50.2703241944313,C3724
70.8,1,70.8,Month-to-month,0.7674501,1,54.33546667098999,C3725
1424.8,16,89.05,Month-to-month,0.36927477,0,526.1426855325699,C3726
289.79999999999995,3,96.6,Month-to-month,0.8234533,1,238.63676841259,C3727
5949.599999999999,67,88.8,One year,0.08892275,0,529.0547724545002,C3728
1243.1,62,20.05,Two year,0.012891789,0,16.02578286482021,C3729
5956.5,57,104.5,Month-to-month,0.41131595,0,2450.0034428983927,C3730
139.6,2,69.8,Month-to-month,0.54683435,1,76.33807520866394,C3731
1774.45,23,77.15,Two year,0.02208023,0,39.18026340538636,C3732
876.2499999999999,25,35.05,Two year,0.02151054,0,18.848610303830352,C3733
7783.2,72,108.1,Two year,0.07081046,0,551.1319688022137,C3734
168.1,2,84.05,Month-to-month,0.82304025,1,138.35306551456452,C3735
161.6,8,20.2,One year,0.04054569,0,6.5521836340427395,C3736
253.0,5,50.6,Month-to-month,0.40153635,0,101.58869540691376,C3737
1722.0,35,49.2,Month-to-month,0.19753055,0,340.14761182665825,C3738
590.4000000000001,24,24.6,One year,0.05755585,0,33.98097419142724,C3739
143.3,2,71.65,Month-to-month,0.5419741,1,77.66489244103433,C3740
7552.8,72,104.9,Two year,0.03089236,0,233.3238097563386,C3741
4366.5,41,106.5,Month-to-month,0.28877217,0,1260.9236618578434,C3742
197.4,4,49.35,Month-to-month,0.26180848,0,51.680994898080826,C3743
1963.0,26,75.5,One year,0.0666004,0,130.73657976090908,C3744
659.75,7,94.25,Month-to-month,0.7531957,1,496.9208650738001,C3745
68.95,1,68.95,Month-to-month,0.8267282,1,57.002911096811296,C3746
234.0,4,58.5,Month-to-month,0.22051144,0,51.59967613220215,C3747
3787.2,48,78.9,Two year,0.02444033,0,92.56041596531867,C3748
187.7,2,93.85,Month-to-month,0.86215085,1,161.82571415305136,C3749
950.4,12,79.2,One year,0.17329304,0,164.6977044582367,C3750
6567.0,60,109.45,Month-to-month,0.13119736,0,861.5730837285519,C3751
3256.0,55,59.2,Two year,0.029846206,0,97.17924773693085,C3752
29.15,1,29.15,Month-to-month,0.47030383,0,13.709356746077537,C3753
20.05,1,20.05,Month-to-month,0.37813076,0,7.581521813571453,C3754
304.2,4,76.05,Month-to-month,0.7287652,1,221.6903706908226,C3755
24.45,1,24.45,Month-to-month,0.6345752,1,15.515363350510597,C3756
2793.0,42,66.5,Two year,0.026014885,0,72.65957362018526,C3757
49.55,1,49.55,Month-to-month,0.37030664,0,18.34869405478239,C3758
625.4499999999999,7,89.35,Month-to-month,0.77687,1,485.8933491826057,C3759
220.8,3,73.6,Month-to-month,0.49581638,0,109.47625665664674,C3760
5950.8,72,82.65,Two year,0.0187272,0,111.44182238951326,C3761
735.0,15,49.0,Month-to-month,0.44835058,0,329.5376752316952,C3762
321.4,4,80.35,Month-to-month,0.68912834,1,221.48584824800488,C3763
277.2,11,25.2,One year,0.06852753,0,18.995830526947973,C3764
127.25,5,25.45,Month-to-month,0.13753782,0,17.501687865704298,C3765
55.8,1,55.8,Month-to-month,0.6830153,1,38.11225301027298,C3766
7984.8,72,110.9,Two year,0.038501814,0,307.42928448915484,C3767
4276.25,55,77.75,Month-to-month,0.24378753,0,1042.4964126944542,C3768
1048.0,40,26.2,Month-to-month,0.09245776,0,96.89572870731354,C3769
1134.3,57,19.9,Two year,0.011935788,0,13.538764562923461,C3770
79.05,1,79.05,Month-to-month,0.8816838,1,69.69710648059845,C3771
95.0,1,95.0,Month-to-month,0.8037316,1,76.35450392961502,C3772
25.2,1,25.2,Month-to-month,0.5269646,1,13.27950804233551,C3773
4204.2,52,80.85,One year,0.13384499,0,562.7110924869776,C3774
4034.4,41,98.4,Month-to-month,0.6334915,1,2555.758172607422,C3775
2423.05,43,56.35,One year,0.12966383,0,314.1819312512875,C3776
907.1,47,19.3,Two year,0.016870575,0,15.303298605792225,C3777
151.2,3,50.4,Month-to-month,0.40255252,0,60.865940308570856,C3778
5240.400000000001,66,79.4,Two year,0.09576555,0,501.8498061150313,C3779
3038.75,55,55.25,Two year,0.023037007,0,70.00370525987819,C3780
553.9000000000001,29,19.1,One year,0.017802337,0,9.860714566521349,C3781
1008.6,12,84.05,Month-to-month,0.6760806,1,681.8948775529861,C3782
6943.2,66,105.2,Month-to-month,0.48694277,0,3380.9410274505613,C3783
3549.0,35,101.4,Month-to-month,0.5876278,1,2085.4911620020866,C3784
898.0,10,89.8,Month-to-month,0.76799995,1,689.6639524698257,C3785
2045.25,27,75.75,Month-to-month,0.34685162,0,709.3982698693871,C3786
5527.4,58,95.3,Month-to-month,0.27114317,0,1498.716747969389,C3787
5926.5,54,109.75,Two year,0.2004728,0,1188.1020606011152,C3788
178.65,9,19.85,Month-to-month,0.11065755,0,19.76897137798369,C3789
38.6,2,19.3,One year,0.02786139,0,1.075449664145708,C3790
414.6,6,69.1,Month-to-month,0.5768504,1,239.16218175888062,C3791
2372.5,26,91.25,Month-to-month,0.5579003,1,1323.6184844374657,C3792
182.25,9,20.25,Month-to-month,0.1132798,0,20.64524302817881,C3793
438.0,8,54.75,Month-to-month,0.2132139,0,93.38769069314003,C3794
977.4,12,81.45,Month-to-month,0.5838954,1,570.6993495583534,C3795
736.5,15,49.1,Month-to-month,0.4511569,0,332.27706733345985,C3796
3448.6,43,80.2,One year,0.11819104,0,407.59362417310473,C3797
4212.599999999999,42,100.3,Month-to-month,0.5905523,1,2487.760494339466,C3798
2022.75,31,65.25,Month-to-month,0.10048609,0,203.25824313797057,C3799
6002.7,66,90.95,Two year,0.023323847,0,140.00605627242476,C3800
1538.1,18,85.45,Month-to-month,0.52768403,1,811.6308110296726,C3801
20.0,1,20.0,Month-to-month,0.37813076,0,7.562615275382996,C3802
5740.099999999999,61,94.1,Two year,0.06230333,0,357.6273488339036,C3803
798.5,10,79.85,Month-to-month,0.5604972,1,447.5570336282253,C3804
71.65,1,71.65,Month-to-month,0.76595515,1,54.880686506629,C3805
1323.9,18,73.55,Month-to-month,0.40234116,0,532.6594580143691,C3806
2511.6000000000004,24,104.65,Month-to-month,0.6728309,1,1689.8820374250415,C3807
57.900000000000006,3,19.3,Month-to-month,0.11951589,0,6.919969937950373,C3808
1007.5,50,20.15,One year,0.019472646,0,19.61869043763727,C3809
44.55,1,44.55,Month-to-month,0.57911843,1,25.799726083874702,C3810
108.9,2,54.45,Month-to-month,0.287272,0,31.283921483159066,C3811
334.04999999999995,17,19.65,One year,0.032881964,0,10.984220073558388,C3812
7245.0,69,105.0,Two year,0.07876595,0,570.6593156978488,C3813
6386.400000000001,72,88.7,Two year,0.01109928,0,70.88444088622929,C3814
222.75,3,74.25,Month-to-month,0.73215824,1,163.0882487744093,C3815
3757.500000000001,50,75.15,Two year,0.03188344,0,119.8020292259753,C3816
1073.25,53,20.25,Two year,0.011253768,0,12.078106126980856,C3817
6327.799999999999,58,109.1,Two year,0.16846429,0,1066.0083223372696,C3818
1414.5,46,30.75,One year,0.07043346,0,99.62812941893935,C3819
8128.8,72,112.9,Month-to-month,0.22134638,0,1799.2804401397705,C3820
74.2,1,74.2,Month-to-month,0.8434573,1,62.5845302939415,C3821
564.3,6,94.05,Month-to-month,0.7573804,1,427.38977435231203,C3822
5677.2,72,78.85,Two year,0.013760402,0,78.1205534812063,C3823
221.2,4,55.3,Month-to-month,0.3612558,0,79.90978180170059,C3824
1006.2,52,19.35,Two year,0.016877394,0,16.982034013420343,C3825
0.0,0,25.35,Two year,0.022692395,0,0.0,C3826
40.9,2,20.45,One year,0.035339907,0,1.4454021885991095,C3827
1257.75,65,19.35,Two year,0.02108774,0,26.52310450281948,C3828
4343.0,43,101.0,Month-to-month,0.62352914,1,2707.987038433552,C3829
400.8,4,100.2,Month-to-month,0.8639562,1,346.27365016937256,C3830
2226.25,25,89.05,One year,0.19553126,0,435.30147636309266,C3831
4011.15,51,78.65,One year,0.10802838,0,433.3180447116494,C3832
897.0,12,74.75,Month-to-month,0.15889071,0,142.52496622502804,C3833
3995.7,57,70.1,One year,0.07316568,0,292.348097538203,C3834
477.6,24,19.9,One year,0.019243175,0,9.190540458261967,C3835
3734.4,64,58.35,One year,0.034810342,0,129.99574077129364,C3836
422.6,4,105.65,One year,0.48933652,0,206.7936135351658,C3837
2613.0,26,100.5,Month-to-month,0.5600733,1,1463.4715749621391,C3838
300.75,15,20.05,Month-to-month,0.09466579,0,28.47073577530682,C3839
1641.6,64,25.65,Two year,0.016563542,0,27.190710854530334,C3840
3474.0,36,96.5,Month-to-month,0.52023226,1,1807.2868720293045,C3841
2565.0,27,95.0,Month-to-month,0.46591508,0,1195.0721901655197,C3842
70.85,1,70.85,Month-to-month,0.7379995,1,52.28726449310779,C3843
3008.25,35,85.95,One year,0.10915067,0,328.3525044377893,C3844
295.6,4,73.9,Month-to-month,0.58281296,1,172.27951242923737,C3845
363.6,8,45.45,Month-to-month,0.42504156,0,154.54510989189149,C3846
200.0,10,20.0,Month-to-month,0.10638454,0,21.27690762281418,C3847
98.4,2,49.2,Month-to-month,0.3314864,0,32.618262147903444,C3848
6348.1,58,109.45,Two year,0.2747147,0,1743.9164399385454,C3849
4245.75,51,83.25,Two year,0.021065535,0,89.43899532733485,C3850
885.5,46,19.25,Two year,0.0211999,0,18.77251203171909,C3851
19.65,1,19.65,Month-to-month,0.3449661,0,6.778584131598472,C3852
3348.7999999999997,46,72.8,Month-to-month,0.2906662,0,973.3829463481902,C3853
5482.5,50,109.65,Month-to-month,0.23353882,0,1280.3765879943967,C3854
3445.0,53,65.0,Month-to-month,0.064690664,0,222.85933889448643,C3855
6960.099999999999,61,114.1,Month-to-month,0.30505863,0,2123.238558974862,C3856
103.25,5,20.65,Month-to-month,0.16152474,0,16.67742969840765,C3857
4086.65,47,86.95,One year,0.09154294,0,374.10394292511046,C3858
5116.5,54,94.75,One year,0.11762473,0,601.8269303888083,C3859
481.65,19,25.35,Month-to-month,0.18679246,0,89.96858983486891,C3860
2741.7000000000003,26,105.45,Two year,0.11167381,0,306.1760837472976,C3861
1778.0,70,25.4,Two year,0.01256218,0,22.3355559296906,C3862
1743.35,17,102.55,Month-to-month,0.7026048,1,1224.886026930809,C3863
3006.0,30,100.2,Month-to-month,0.54355377,1,1633.9226313829422,C3864
24.0,1,24.0,Month-to-month,0.30192518,0,7.246204376220703,C3865
486.4,19,25.6,Two year,0.015680546,0,7.627017545700073,C3866
1911.0,26,73.5,Two year,0.03211223,0,61.36647079512477,C3867
1555.05,21,74.05,Month-to-month,0.3666188,0,570.1105837315321,C3868
4912.5,50,98.25,One year,0.292681,0,1437.7954546362162,C3869
3699.2,68,54.4,One year,0.11767946,0,435.3198652267456,C3870
304.65,3,101.55,Month-to-month,0.8079926,1,246.1549387514591,C3871
927.9,9,103.1,Month-to-month,0.54574037,1,506.3924855947494,C3872
1744.2,51,34.2,Two year,0.017182933,0,29.970472029224037,C3873
393.75,9,43.75,Month-to-month,0.42813087,0,168.57652813196182,C3874
4589.95,41,111.95,One year,0.35414264,0,1625.4969923868775,C3875
2214.3,22,100.65,Month-to-month,0.6839991,1,1514.579254049063,C3876
1174.95,21,55.95,One year,0.24098256,0,283.14246157854797,C3877
8239.55,71,116.05,Two year,0.036286972,0,298.9883239585906,C3878
45.75,1,45.75,Month-to-month,0.64902335,1,29.692818447947502,C3879
2132.0,26,82.0,One year,0.14336197,0,305.6477217078209,C3880
4625.650000000001,71,65.15,Two year,0.018047454,0,83.48120483467356,C3881
179.2,4,44.8,Month-to-month,0.30357552,0,54.400732421875,C3882
957.6,12,79.8,Month-to-month,0.59266776,1,567.5386455059052,C3883
1599.3,18,88.85,Month-to-month,0.60577834,1,968.8212936043739,C3884
224.85,3,74.95,Month-to-month,0.7346246,1,165.180346763134,C3885
7693.2,72,106.85,One year,0.08224192,0,632.7035590767861,C3886
824.45,11,74.95,Month-to-month,0.35778663,0,294.97718349546193,C3887
80.15,1,80.15,Month-to-month,0.8280863,1,66.3711182743311,C3888
250.9,13,19.3,One year,0.023451418,0,5.883960697054863,C3889
7866.0,72,109.25,One year,0.22698542,0,1785.4673511385918,C3890
2356.2000000000003,42,56.1,One year,0.048503023,0,114.28282194659116,C3891
334.9,17,19.7,Month-to-month,0.09897044,0,33.14520136415958,C3892
359.09999999999997,7,51.3,Month-to-month,0.30527467,0,109.62413232922553,C3893
8064.799999999999,68,118.6,Two year,0.07678623,0,619.2655677378177,C3894
1352.4,56,24.15,Two year,0.01915591,0,25.906453006714585,C3895
771.4,38,20.3,One year,0.019799285,0,15.273168168962002,C3896
8316.0,72,115.5,Two year,0.029857403,0,248.2941605821252,C3897
1202.4,48,25.05,One year,0.029601391,0,35.59271302521229,C3898
5673.2,52,109.1,Month-to-month,0.31855723,0,1807.2388920903206,C3899
687.75,35,19.65,One year,0.019343905,0,13.303770767524838,C3900
7457.099999999999,67,111.3,Two year,0.057115123,0,425.91318130642173,C3901
29.9,1,29.9,Month-to-month,0.5198939,1,15.544827151298522,C3902
4271.799999999999,53,80.6,Month-to-month,0.19065365,0,814.4342704117297,C3903
707.2,34,20.8,Month-to-month,0.06575331,0,46.500741481781006,C3904
105.6,3,35.2,Month-to-month,0.44554362,0,47.04940595626831,C3905
78.8,1,78.8,Month-to-month,0.83349127,1,65.67911174297332,C3906
1709.05,19,89.95,Month-to-month,0.2929337,0,500.6383442044258,C3907
6963.0,60,116.05,Two year,0.060614876,0,422.06138471513987,C3908
215.05,11,19.55,Two year,0.0134257665,0,2.8872110837604854,C3909
5000.8,47,106.4,Month-to-month,0.51971626,1,2598.997087097168,C3910
889.1999999999999,18,49.4,Month-to-month,0.21383187,0,190.13930035829543,C3911
6915.0,60,115.25,Two year,0.05172616,0,357.6863874681294,C3912
1785.6,72,24.8,Two year,0.011879466,0,21.211973673105238,C3913
776.0999999999999,39,19.9,One year,0.02032111,0,15.77121367547661,C3914
4793.75,59,81.25,One year,0.050019108,0,239.77909781970084,C3915
139.9,2,69.95,Month-to-month,0.47735113,0,66.78142295479775,C3916
69.1,1,69.1,Month-to-month,0.7895462,1,54.55764184594154,C3917
1804.0,20,90.2,Month-to-month,0.49793705,0,898.2784444093704,C3918
561.3,6,93.55,Month-to-month,0.82998455,1,465.87032550573343,C3919
6134.400000000001,71,86.4,Two year,0.01976368,0,121.23831966519357,C3920
1591.1999999999998,24,66.3,Month-to-month,0.10507488,0,167.19515304565428,C3921
6341.55,67,94.65,Month-to-month,0.3836306,0,2432.8126539543273,C3922
80.85,1,80.85,Month-to-month,0.8621266,1,69.70293470621108,C3923
3938.4,48,82.05,One year,0.21259047,0,837.2663106322289,C3924
2667.7,37,72.1,One year,0.08591469,0,229.19460870176553,C3925
381.7000000000001,11,34.7,Month-to-month,0.17332685,0,66.15885862112047,C3926
61.650000000000006,3,20.55,Month-to-month,0.20992154,0,12.941662868857385,C3927
1727.1,18,95.95,Month-to-month,0.4837194,0,835.4317904412746,C3928
2240.0,50,44.8,One year,0.069329225,0,155.29746294021606,C3929
7329.8,67,109.4,One year,0.12383332,0,907.6734765216709,C3930
1776.25,25,71.05,Month-to-month,0.10027234,0,178.10874847695231,C3931
157.1,2,78.55,Month-to-month,0.794292,1,124.78326897621155,C3932
177.29999999999998,9,19.7,Month-to-month,0.1059973,0,18.793321580439805,C3933
402.5,10,40.25,One year,0.053100497,0,21.372949853539467,C3934
1389.5,70,19.85,Two year,0.010700671,0,14.868582357652485,C3935
614.25,9,68.25,Month-to-month,0.15289178,0,93.91377887874842,C3936
80.6,4,20.15,Month-to-month,0.15401603,0,12.41369224488735,C3937
101.9,2,50.95,Month-to-month,0.3266833,0,33.289029559493066,C3938
78.65,1,78.65,Month-to-month,0.80441433,1,63.26718720495701,C3939
477.85,19,25.15,Month-to-month,0.2237205,0,106.9048437125981,C3940
141.75,7,20.25,Month-to-month,0.14748588,0,20.906123779714108,C3941
42.9,1,42.9,Month-to-month,0.6612163,1,28.36618006825447,C3942
44.0,1,44.0,Month-to-month,0.66766536,1,29.377275943756104,C3943
182.25,9,20.25,One year,0.031025397,0,5.654378541279584,C3944
102.75,3,34.25,Month-to-month,0.31283095,0,32.14338060468435,C3945
526.5,9,58.5,Month-to-month,0.28666452,0,150.928867533803,C3946
279.0,5,55.8,Month-to-month,0.23230042,0,64.8118159621954,C3947
4978.400000000001,56,88.9,One year,0.1272846,0,633.6736592650415,C3948
1037.7,18,57.65,Month-to-month,0.1313517,0,136.3036533460021,C3949
4713.8,49,96.2,Month-to-month,0.5967269,1,2812.8512347221376,C3950
5540.5,70,79.15,Two year,0.026482126,0,146.72421768587083,C3951
7779.599999999999,72,108.05,Two year,0.06817978,0,530.4114068001509,C3952
446.4,6,74.4,Month-to-month,0.45057747,0,201.1377815723419,C3953
1611.6,17,94.8,Month-to-month,0.65462786,1,1054.9982585191726,C3954
1331.1,29,45.9,Month-to-month,0.32966566,0,438.8179611682892,C3955
631.8,6,105.3,Month-to-month,0.8055177,1,508.9260661125183,C3956
6463.799999999999,63,102.6,Two year,0.09780469,0,632.1899417594075,C3957
1181.6,16,73.85,Month-to-month,0.4281816,0,505.93936514854425,C3958
3619.65,59,61.35,One year,0.08053228,0,291.49867668002844,C3959
172.64999999999998,3,57.55,Month-to-month,0.34588033,0,59.716238906979555,C3960
234.0,8,29.25,Month-to-month,0.29812074,0,69.76025247573853,C3961
591.85,7,84.55,Month-to-month,0.83521736,1,494.3233925521374,C3962
1332.8000000000002,68,19.6,Two year,0.010180185,0,13.568150058388712,C3963
7599.0,68,111.75,Two year,0.048975147,0,372.1621443852782,C3964
5538.0,52,106.5,One year,0.45709866,0,2531.4123948812485,C3965
7754.400000000001,72,107.7,Two year,0.040752895,0,316.01425035595895,C3966
617.6,32,19.3,One year,0.01888202,0,11.661535209417343,C3967
1443.6,72,20.05,Two year,0.01015254,0,14.6562069889158,C3968
69.95,1,69.95,Month-to-month,0.66672194,1,46.63719970583916,C3969
2675.4,42,63.7,One year,0.065792836,0,176.02215410023928,C3970
618.75,25,24.75,Two year,0.023562722,0,14.579434180632234,C3971
2290.5,45,50.9,Month-to-month,0.15078661,0,345.37672667205334,C3972
2597.2,43,60.4,One year,0.08132667,0,211.22162977755067,C3973
2932.25,37,79.25,One year,0.106550656,0,312.4331618156284,C3974
1716.0,20,85.8,Month-to-month,0.48800427,0,837.4153225421906,C3975
97.8,4,24.45,Month-to-month,0.51297474,1,50.168929481506346,C3976
6936.299999999999,63,110.1,Two year,0.04570523,0,317.0251802176237,C3977
272.1,3,90.7,Month-to-month,0.64444244,1,175.3527876734734,C3978
1669.8,66,25.3,Two year,0.016918879,0,28.25114415809512,C3979
2959.6,28,105.7,Month-to-month,0.6017077,1,1780.8140997886658,C3980
681.6,8,85.2,Month-to-month,0.7595349,1,517.6989847183228,C3981
1728.85,71,24.35,Two year,0.012988371,0,22.454944932321084,C3982
24.25,1,24.25,Month-to-month,0.71267134,1,17.28227998316288,C3983
1807.2,72,25.1,Two year,0.011949146,0,21.594496951997282,C3984
872.8,16,54.55,Month-to-month,0.25234443,0,220.24621806144714,C3985
6375.599999999999,66,96.6,Two year,0.045367118,0,289.2425973370671,C3986
841.5,11,76.5,Month-to-month,0.6024894,1,506.9948400557041,C3987
4138.650000000001,51,81.15,One year,0.07733235,0,320.05152052491906,C3988
308.0,8,38.5,Month-to-month,0.3345826,0,103.05143988132477,C3989
1300.6,14,92.9,Month-to-month,0.53020203,1,689.5807616949081,C3990
374.0,4,93.5,Month-to-month,0.7714879,1,288.5364714860916,C3991
5929.0,70,84.7,Two year,0.02332375,0,138.2865144815296,C3992
4620.0,70,66.0,Two year,0.053831812,0,248.70297141373158,C3993
5481.0,54,101.5,One year,0.39715528,0,2176.8081164360046,C3994
2097.2000000000003,28,74.9,Month-to-month,0.29916045,0,627.3992972016335,C3995
498.0,24,20.75,Two year,0.010972506,0,5.464308170601726,C3996
4240.05,69,61.45,Two year,0.02704589,0,114.67592881545426,C3997
2289.0,42,54.5,Month-to-month,0.099245295,0,227.1724800914526,C3998
139.2,2,69.6,Month-to-month,0.5485338,1,76.3559045791626,C3999
3890.25,39,99.75,Month-to-month,0.5817409,1,2263.117597594857,C4000
4938.75,45,109.75,Two year,0.20039171,0,989.6845567971468,C4001
5821.2,72,80.85,Two year,0.012733188,0,74.1224366504699,C4002
771.4,38,20.3,Two year,0.011452681,0,8.834598420374094,C4003
4881.599999999999,72,67.8,Two year,0.01829478,0,89.30779601633547,C4004
24.05,1,24.05,Month-to-month,0.39241046,0,9.437471494078636,C4005
1425.6,72,19.8,Two year,0.012344598,0,17.598458679020403,C4006
1413.5,55,25.7,Two year,0.013815073,0,19.52760610450059,C4007
2863.65,51,56.15,One year,0.105367124,0,301.7345648735762,C4008
5462.1,63,86.7,Two year,0.020382792,0,111.33284685909749,C4009
20.4,1,20.4,Month-to-month,0.3687424,0,7.522345089912414,C4010
451.95,23,19.65,Two year,0.014750246,0,6.666373660974204,C4011
50.55,1,50.55,Month-to-month,0.52883714,1,26.732717648148537,C4012
108.7,2,54.35,Month-to-month,0.3376197,0,36.69926052987576,C4013
5621.2,52,108.1,Month-to-month,0.24052319,0,1352.0289517283438,C4014
1960.2,36,54.45,One year,0.03947038,0,77.36983556225896,C4015
45.35,1,45.35,Month-to-month,0.58218396,1,26.402042454481126,C4016
1652.0,28,59.0,One year,0.04788906,0,79.11272922158241,C4017
486.15,7,69.45,One year,0.10849842,0,52.74650534726679,C4018
1407.7,14,100.55,Month-to-month,0.6646873,1,935.6802782654762,C4019
4676.400000000001,72,64.95,Two year,0.027533023,0,128.7554272927344,C4020
20.5,1,20.5,Month-to-month,0.44965833,0,9.21799585223198,C4021
188.5,10,18.85,Month-to-month,0.067671046,0,12.755992107093334,C4022
831.6,42,19.8,One year,0.023761831,0,19.760338845849038,C4023
175.35,7,25.05,Month-to-month,0.26925588,0,47.21401795148849,C4024
299.2,4,74.8,Month-to-month,0.5397363,1,161.48909225463868,C4025
8229.6,72,114.3,Two year,0.024796039,0,204.06148145198824,C4026
489.0,20,24.45,Month-to-month,0.40313387,0,197.13246202468872,C4027
6879.6,63,109.2,Two year,0.10468652,0,720.2013898283244,C4028
2522.7999999999997,56,45.05,Two year,0.025430368,0,64.15573304519057,C4029
255.0,5,51.0,Month-to-month,0.27313653,0,69.6498142182827,C4030
7952.400000000001,72,110.45,Two year,0.02949403,0,234.54832736179233,C4031
5756.200000000001,68,84.65,Month-to-month,0.27300462,0,1571.4692009389403,C4032
4023.35,67,60.05,One year,0.035598364,0,143.2246767023578,C4033
357.2,8,44.65,Month-to-month,0.22208776,0,79.32974637150764,C4034
4849.0,52,93.25,Month-to-month,0.21025628,0,1019.5326945185661,C4035
364.5,18,20.25,Month-to-month,0.085978344,0,31.339106418192387,C4036
1501.55,59,25.45,Two year,0.012980683,0,19.491144221369176,C4037
1236.0,60,20.6,Two year,0.010721337,0,13.251572594046593,C4038
658.6999999999999,7,94.1,Month-to-month,0.8468443,1,557.8163506388663,C4039
2053.2,59,34.8,One year,0.038715623,0,79.49091779887675,C4040
2794.5,46,60.75,Two year,0.02034835,0,56.86346291843802,C4041
256.75,5,51.35,Month-to-month,0.40045914,0,102.81788433343172,C4042
3778.95,59,64.05,Two year,0.025527513,0,96.46719394633546,C4043
5936.0,70,84.8,Two year,0.019043002,0,113.0392615199089,C4044
994.0,14,71.0,Month-to-month,0.43260336,0,430.00773906707764,C4045
2206.6,44,50.15,Month-to-month,0.18611678,0,410.6852973639965,C4046
6054.4,64,94.6,Two year,0.04378922,0,265.11744818687436,C4047
3465.5,58,59.75,Two year,0.02051711,0,71.10204756259918,C4048
4611.5,46,100.25,One year,0.23948435,0,1104.382102407515,C4049
5736.200000000001,58,98.9,Month-to-month,0.48794442,0,2798.9468058228495,C4050
7034.400000000001,72,97.7,Two year,0.048575852,0,341.7019737750292,C4051
1209.0,30,40.3,Month-to-month,0.43136257,0,521.5173463225365,C4052
662.75,11,60.25,Month-to-month,0.1582742,0,104.89622839540243,C4053
1912.5,34,56.25,Month-to-month,0.30949688,0,591.9127821922302,C4054
2494.8,54,46.2,Two year,0.021290526,0,53.11560375094414,C4055
151.8,3,50.6,Month-to-month,0.6639324,1,100.78493574857713,C4056
1792.8,72,24.9,Two year,0.012228764,0,21.923727493733168,C4057
3394.0,40,84.85,Month-to-month,0.44218674,0,1500.7818058133125,C4058
131.4,2,65.7,Month-to-month,0.42151403,0,55.38694410324097,C4059
3420.9,54,63.35,Two year,0.021504745,0,73.56558178514243,C4060
701.4,14,50.1,Month-to-month,0.16287744,0,114.24223673343658,C4061
70.5,1,70.5,Month-to-month,0.72074497,1,50.81252020597458,C4062
948.5,10,94.85,Month-to-month,0.6779082,1,642.9959107637405,C4063
50.15,1,50.15,Month-to-month,0.40079746,0,20.099992443621158,C4064
19.75,1,19.75,Month-to-month,0.3557828,0,7.0267104357481,C4065
3620.400000000001,56,64.65,One year,0.037224174,0,134.76639790534978,C4066
5412.799999999999,68,79.6,Two year,0.030573018,0,165.48563126325604,C4067
273.0,14,19.5,One year,0.027068336,0,7.3896556086838245,C4068
6769.4,68,99.55,Two year,0.056101963,0,379.77662781774995,C4069
4070.0,55,74.0,Month-to-month,0.37114233,0,1510.5492740869522,C4070
622.4,16,38.9,Month-to-month,0.49909338,0,310.6357219219208,C4071
715.9499999999999,9,79.55,Month-to-month,0.6094,1,436.29991163313383,C4072
916.3,14,65.45,Month-to-month,0.27163002,0,248.89458636343477,C4073
5724.6,58,98.7,Month-to-month,0.4956755,0,2837.5439913868904,C4074
2453.8999999999996,53,46.3,Month-to-month,0.13956535,0,342.47940899133675,C4075
6954.5,70,99.35,Two year,0.05061257,0,351.985110104084,C4076
1341.2,14,95.8,Month-to-month,0.6056632,1,812.3154574871063,C4077
1485.0,22,67.5,One year,0.076670215,0,113.85526858270168,C4078
781.5,10,78.15,Month-to-month,0.5108966,1,399.2657109797001,C4079
756.9000000000001,29,26.1,Two year,0.017160384,0,12.988694637827576,C4080
69.6,1,69.6,Month-to-month,0.8267282,1,57.54028444290161,C4081
4133.15,49,84.35,One year,0.22361192,0,924.2216115787625,C4082
6813.6,68,100.2,Month-to-month,0.5347836,1,3643.8015489578247,C4083
78.05,1,78.05,Month-to-month,0.83150595,1,64.89903973042965,C4084
1210.5,30,40.35,One year,0.07376778,0,89.29589921236038,C4085
5702.400000000001,72,79.2,Two year,0.015636029,0,89.16289018392564,C4086
209.0,10,20.9,Month-to-month,0.10825138,0,22.624537989497185,C4087
515.1999999999999,7,73.6,Month-to-month,0.6313747,1,325.2842540740966,C4088
672.75,9,74.75,Month-to-month,0.67399335,1,453.42902559041977,C4089
49.9,1,49.9,Month-to-month,0.3793726,0,18.93069257736206,C4090
1378.0,20,68.9,Month-to-month,0.15983303,0,220.24991384148598,C4091
20.25,1,20.25,Month-to-month,0.44576883,0,9.026818871498108,C4092
2204.0,29,76.0,Month-to-month,0.34301126,0,755.996817111969,C4093
74.0,1,74.0,Month-to-month,0.48950848,0,36.223627507686615,C4094
246.9,3,82.3,Month-to-month,0.43704215,0,107.90570607483387,C4095
1788.0,20,89.4,Month-to-month,0.35976255,0,643.2554383277893,C4096
6345.6,64,99.15,Month-to-month,0.22714607,0,1441.3781282901764,C4097
20.2,1,20.2,Month-to-month,0.42498732,0,8.584743785858153,C4098
176.7,6,29.45,Month-to-month,0.26341307,0,46.54508975744247,C4099
990.0,50,19.8,Two year,0.018279165,0,18.0963733792305,C4100
354.9,6,59.15,Month-to-month,0.24181727,0,85.82094761431216,C4101
313.25,7,44.75,Month-to-month,0.31168413,0,97.63505423069,C4102
6537.599999999999,72,90.8,Two year,0.054237816,0,354.58514903783794,C4103
396.4,8,49.55,Month-to-month,0.23075782,0,91.47239890694618,C4104
7148.900000000001,67,106.7,Two year,0.065743834,0,469.9960933119059,C4105
2245.2,24,93.55,Month-to-month,0.6738024,1,1512.8210941314696,C4106
6800.400000000001,72,94.45,Two year,0.045666464,0,310.5502195626498,C4107
641.85,33,19.45,One year,0.027751908,0,17.81256196126342,C4108
50.1,2,25.05,Month-to-month,0.67993236,1,34.06461102962494,C4109
4756.5,70,67.95,Two year,0.027065756,0,128.73826745990664,C4110
1435.5,22,65.25,One year,0.08193492,0,117.61757973209023,C4111
5867.55,59,99.45,Month-to-month,0.17478852,0,1025.5803790010511,C4112
732.6,36,20.35,One year,0.021043135,0,15.416200593486428,C4113
1017.45,51,19.95,Two year,0.010224209,0,10.40262161702849,C4114
4102.200000000001,53,77.4,One year,0.06760432,0,277.3264343708754,C4115
394.0,20,19.7,One year,0.028614037,0,11.273930475115776,C4116
6281.1,63,99.7,Two year,0.03546323,0,222.74808655232192,C4117
2992.0,40,74.8,Month-to-month,0.25525692,0,763.7287077903748,C4118
670.25,35,19.15,One year,0.021115156,0,14.15243323566392,C4119
2052.7000000000003,26,78.95,One year,0.12604748,0,258.7376562967897,C4120
2579.85,27,95.55,Month-to-month,0.4744693,0,1224.059634143114,C4121
3331.05,53,62.85,One year,0.03617738,0,120.50865547936411,C4122
2432.7,34,71.55,Month-to-month,0.38868913,0,945.5640478760004,C4123
1804.05,19,94.95,Month-to-month,0.6405997,1,1155.6739386320114,C4124
3702.3,43,86.1,Month-to-month,0.1946198,0,720.5409026473761,C4125
117.3,6,19.55,Month-to-month,0.09815852,0,11.513994799554348,C4126
1388.8,56,24.8,Two year,0.016757442,0,23.272735011577605,C4127
2240.1,57,39.3,Month-to-month,0.45568556,0,1020.781213849783,C4128
2857.7,34,84.05,Month-to-month,0.30041343,0,858.4914581596851,C4129
362.5,10,36.25,Month-to-month,0.2974356,0,107.82040916383266,C4130
20.25,1,20.25,Month-to-month,0.44576883,0,9.026818871498108,C4131
310.7,13,23.9,Month-to-month,0.43187913,0,134.18484661877156,C4132
5521.599999999999,56,98.6,Month-to-month,0.37681854,0,2080.6412378311156,C4133
5700.75,55,103.65,Month-to-month,0.41419134,0,2361.201255507767,C4134
3344.4,36,92.9,Two year,0.0231268,0,77.3452686265111,C4135
935.3,47,19.9,One year,0.022975491,0,21.488977068848907,C4136
241.2,12,20.1,Month-to-month,0.1065578,0,25.701741689443587,C4137
85.45,1,85.45,Month-to-month,0.87696797,1,74.93691274225712,C4138
1932.0,24,80.5,Month-to-month,0.4965514,0,959.3372941017151,C4139
6293.700000000001,63,99.9,One year,0.14217488,0,894.8060716912152,C4140
1394.75,35,39.85,Month-to-month,0.32148272,0,448.38802091777325,C4141
4053.5,67,60.5,One year,0.034970168,0,141.75157608650625,C4142
2120.0,25,84.8,Month-to-month,0.5294119,1,1122.353253364563,C4143
2180.85,21,103.85,Month-to-month,0.5189,1,1131.643015292287,C4144
881.4,13,67.8,Month-to-month,0.13521715,0,119.18039167821406,C4145
2632.0,35,75.2,Month-to-month,0.48747894,0,1283.0445744991302,C4146
1764.35,71,24.85,Two year,0.012709657,0,22.42428285209462,C4147
561.1500000000001,29,19.35,Month-to-month,0.08303417,0,46.594625984877354,C4148
3503.85,71,49.35,Two year,0.051473416,0,180.3551300112158,C4149
623.0,7,89.0,Month-to-month,0.7464994,1,465.06913816928864,C4150
3135.0,57,55.0,Month-to-month,0.34743354,0,1089.2041392624378,C4151
4949.75,65,76.15,Two year,0.045263726,0,224.0441290764138,C4152
548.1,27,20.3,One year,0.01982493,0,10.866043878346682,C4153
449.4,6,74.9,Month-to-month,0.7435815,1,334.1655143380165,C4154
8449.199999999999,72,117.35,Two year,0.042370163,0,357.99398041069503,C4155
19.75,1,19.75,Month-to-month,0.41221392,0,8.141224950551987,C4156
497.2000000000001,11,45.2,Month-to-month,0.21101442,0,104.91636952161791,C4157
982.8,39,25.2,Two year,0.015678212,0,15.408546799421309,C4158
5295.25,59,89.75,Month-to-month,0.15523633,0,822.0151955410838,C4159
1950.0,26,75.0,One year,0.06278054,0,122.42204658687115,C4160
99.9,2,49.95,Month-to-month,0.40460137,0,40.41967639625073,C4161
4730.400000000001,72,65.7,Two year,0.017653657,0,83.50885965675117,C4162
4358.25,65,67.05,One year,0.04290519,0,186.9915403816849,C4163
7984.8,72,110.9,Two year,0.028656213,0,228.81412647217513,C4164
527.7,6,87.95,Month-to-month,0.6996618,1,369.2115272819996,C4165
633.6,32,19.8,One year,0.023275977,0,14.747659027576447,C4166
3785.0,50,75.7,One year,0.07728806,0,292.53531232476234,C4167
3791.15,61,62.15,Two year,0.01626186,0,61.651153299957514,C4168
1518.75,15,101.25,Month-to-month,0.6115286,1,928.7590239197016,C4169
8290.800000000001,72,115.15,Two year,0.027865356,0,231.02609215155246,C4170
170.54999999999998,9,18.95,Month-to-month,0.0998016,0,17.021162876486777,C4171
19.5,1,19.5,Month-to-month,0.31612,0,6.164339974522591,C4172
1038.6,12,86.55,Month-to-month,0.7240179,1,751.9650097489356,C4173
1058.2,37,28.6,Month-to-month,0.22341312,0,236.41576853692533,C4174
1244.4,61,20.4,One year,0.02342644,0,29.151861454546452,C4175
356.40000000000003,18,19.8,One year,0.03226398,0,11.498882228136063,C4176
958.65,21,45.65,Month-to-month,0.19031355,0,182.4440826460719,C4177
3835.2,68,56.4,Two year,0.019174267,0,73.53714728951454,C4178
879.5999999999999,12,73.3,Month-to-month,0.50484884,1,444.0650377750396,C4179
48.7,2,24.35,Month-to-month,0.63236284,1,30.796070432662965,C4180
6283.7,62,101.35,Month-to-month,0.4218947,0,2651.059722211957,C4181
2860.8500000000004,29,98.65,Month-to-month,0.6214385,1,1777.842342066765,C4182
33.6,1,33.6,Month-to-month,0.3225696,0,10.838338851928711,C4183
399.5,5,79.9,Month-to-month,0.7732287,1,308.90486761927605,C4184
20.7,1,20.7,Month-to-month,0.36504543,0,7.556440365314484,C4185
6451.099999999999,62,104.05,Two year,0.1488669,0,960.3553022131323,C4186
729.0,36,20.25,Two year,0.0126230465,0,9.202200916595757,C4187
2892.4,28,103.3,Month-to-month,0.66410977,1,1920.8710885763169,C4188
5085.3,69,73.7,One year,0.07476039,0,380.1790230050683,C4189
1058.2,11,96.2,Month-to-month,0.60411394,1,639.273367524147,C4190
6851.25,63,108.75,Month-to-month,0.23867671,0,1635.2338225208223,C4191
463.45,23,20.15,One year,0.026198903,0,12.141881641093642,C4192
197.5,10,19.75,Month-to-month,0.099322475,0,19.616188909858465,C4193
1842.45,71,25.95,Two year,0.0140222125,0,25.835225375555456,C4194
3152.25,45,70.05,Month-to-month,0.14094111,0,444.2816241905093,C4195
1683.5,70,24.05,Two year,0.020376613,0,34.30402859766036,C4196
1864.5,22,84.75,Month-to-month,0.5209864,1,971.379102140665,C4197
1198.6,52,23.05,Two year,0.021591714,0,25.879827983304857,C4198
5728.25,55,104.15,One year,0.5441425,1,3116.9841877818108,C4199
3896.75,65,59.95,Two year,0.03000647,0,116.92771259089932,C4200
1407.6,72,19.55,Two year,0.010671,0,15.02049959488213,C4201
196.0,10,19.6,One year,0.035207566,0,6.900682911276817,C4202
140.35,7,20.05,One year,0.028502522,0,4.000328967813402,C4203
427.75,5,85.55,Month-to-month,0.73928916,1,316.2309401333332,C4204
1886.4,24,78.6,Two year,0.024426106,0,46.07740704417229,C4205
8409.6,72,116.8,Two year,0.030448522,0,256.05989413261415,C4206
914.55,21,43.55,Month-to-month,0.21430953,0,195.9967792622745,C4207
4195.2,69,60.8,One year,0.08580964,0,359.9886041879654,C4208
2415.6,44,54.9,Month-to-month,0.11427935,0,276.0532030016184,C4209
3977.2,61,65.2,One year,0.07560673,0,300.7031007170677,C4210
2470.8,24,102.95,Month-to-month,0.66798043,1,1650.446052646637,C4211
90.6,1,90.6,Month-to-month,0.8197517,1,74.26950219869613,C4212
304.79999999999995,6,50.8,Month-to-month,0.27058583,0,82.47456250190734,C4213
360.2,4,90.05,Month-to-month,0.82138354,1,295.86234961748124,C4214
7790.400000000001,72,108.2,Two year,0.099908024,0,778.32347073555,C4215
6624.0,72,92.0,Two year,0.013362841,0,88.51545712351799,C4216
1051.4,14,75.1,Month-to-month,0.6104788,1,641.8574296832085,C4217
175.35,7,25.05,Month-to-month,0.14963175,0,26.23792798742652,C4218
3607.2,48,75.15,One year,0.14999978,0,541.0792152285576,C4219
1072.5,55,19.5,One year,0.0191068,0,20.492042717523873,C4220
19.3,1,19.3,Month-to-month,0.21349089,0,4.120374147593975,C4221
5049.0,45,112.2,One year,0.15633138,0,789.3171135932207,C4222
210.9,3,70.3,Month-to-month,0.53065705,1,111.91557247638703,C4223
1391.6,71,19.6,Two year,0.009306935,0,12.95153027586639,C4224
162.0,8,20.25,Month-to-month,0.115044236,0,18.637166261672974,C4225
227.55,3,75.85,Month-to-month,0.73066586,1,166.26301702558996,C4226
5564.85,69,80.65,Two year,0.023037547,0,128.20049478979783,C4227
68.5,1,68.5,Month-to-month,0.8066931,1,55.25847578048706,C4228
8334.0,72,115.75,Two year,0.034296844,0,285.8298991844058,C4229
808.5,11,73.5,Month-to-month,0.4757585,0,384.6507415473461,C4230
5722.599999999999,71,80.6,Two year,0.012371054,0,70.79459315799176,C4231
69.95,1,69.95,Month-to-month,0.750327,1,52.485373026132585,C4232
1965.15,33,59.55,Two year,0.026763873,0,52.59502536943182,C4233
304.8,16,19.05,One year,0.022024354,0,6.713023088872433,C4234
5356.400000000001,56,95.65,One year,0.12909113,0,691.463721805811,C4235
19.95,1,19.95,Month-to-month,0.30578217,0,6.100354273617268,C4236
350.25,5,70.05,Month-to-month,0.5059594,1,177.21227690577507,C4237
1105.8,57,19.4,One year,0.022606373,0,24.998127079010008,C4238
2021.6,56,36.1,One year,0.06341613,0,128.2020501077175,C4239
752.0,8,94.0,Month-to-month,0.7674445,1,577.118257522583,C4240
1345.3,22,61.15,Month-to-month,0.11540146,0,155.24958645254372,C4241
19.75,1,19.75,Month-to-month,0.3515508,0,6.943128056824207,C4242
2564.0,40,64.1,Month-to-month,0.10831193,0,277.7117854654789,C4243
908.5,46,19.75,Two year,0.010593168,0,9.623893525451422,C4244
1241.1,63,19.7,Two year,0.010586734,0,13.1391954802908,C4245
7493.6,68,110.2,Two year,0.0604316,0,452.85023488998416,C4246
7338.15,69,106.35,Two year,0.043183718,0,316.8885993367061,C4247
5070.8,56,90.55,Month-to-month,0.1586311,0,804.3865882217884,C4248
659.0,10,65.9,One year,0.16492197,0,108.68357768654823,C4249
6583.5,63,104.5,One year,0.10777024,0,709.5053868703544,C4250
1260.0,24,52.5,Two year,0.029880181,0,37.64902800321579,C4251
1065.9,19,56.1,Month-to-month,0.20918769,0,222.97315497994424,C4252
1952.5,22,88.75,Month-to-month,0.56744933,1,1107.9448193311691,C4253
2449.05,29,84.45,Month-to-month,0.42496118,0,1040.7511766418816,C4254
978.9,13,75.3,One year,0.19506913,0,190.9531755030155,C4255
1820.0,70,26.0,Two year,0.016510483,0,30.049078837037086,C4256
4870.6,49,99.4,Month-to-month,0.3631632,0,1768.8226965367796,C4257
4710.65,43,109.55,One year,0.21642302,0,1019.493098064512,C4258
58.8,3,19.6,Month-to-month,0.1883747,0,11.076432251930235,C4259
3072.3,42,73.15,One year,0.09452279,0,290.4023650154472,C4260
3115.0499999999997,57,54.65,One year,0.05218041,0,162.54458439946174,C4261
132.8,2,66.4,Month-to-month,0.25621012,0,34.02470374107361,C4262
8319.6,72,115.55,Two year,0.030611532,0,254.67570003792645,C4263
4804.7,46,104.45,Month-to-month,0.55655414,1,2674.075670021772,C4264
6603.3,66,100.05,Month-to-month,0.43863112,0,2896.4128571569922,C4265
6324.0,62,102.0,One year,0.14175153,0,896.4366617202759,C4266
6562.8,72,91.15,Two year,0.012846901,0,84.3116424176842,C4267
3139.5,35,89.7,One year,0.2111476,0,662.89791020751,C4268
1533.4,17,90.2,Month-to-month,0.29190752,0,447.6109897911549,C4269
6652.8,72,92.4,Two year,0.023441508,0,155.95166716575622,C4270
557.1999999999999,28,19.9,One year,0.019524131,0,10.878845776617526,C4271
1408.4,56,25.15,Two year,0.024536813,0,34.55764697566629,C4272
2475.35,31,79.85,Month-to-month,0.33408973,0,826.9890037730336,C4273
848.2500000000001,45,18.85,One year,0.021540152,0,18.271433856803927,C4274
25.75,1,25.75,Month-to-month,0.3190021,0,8.214303866028786,C4275
99.2,2,49.6,Month-to-month,0.3945109,0,39.13548078536987,C4276
125.7,6,20.95,Month-to-month,0.13824078,0,17.376866599917413,C4277
4658.4,48,97.05,One year,0.23979586,0,1117.06505112648,C4278
635.0,25,25.4,Month-to-month,0.08912348,0,56.593409813940525,C4279
1260.8,64,19.7,Two year,0.01313574,0,16.561540490388868,C4280
1750.0,50,35.0,Month-to-month,0.12709229,0,222.41150215268135,C4281
5265.0,52,101.25,One year,0.17169282,0,903.9626888930798,C4282
280.8,4,70.2,Month-to-month,0.5364445,1,150.63361144065857,C4283
2910.4,32,90.95,Month-to-month,0.4361326,0,1269.3203476905824,C4284
3323.2499999999995,45,73.85,Two year,0.023906192,0,79.44625193579121,C4285
792.4499999999999,9,88.05,Month-to-month,0.627498,1,497.26076716482635,C4286
6992.7,66,105.95,One year,0.22843805,0,1597.3987491220234,C4287
275.54999999999995,3,91.85,Month-to-month,0.7151906,1,197.07076691687104,C4288
1085.4,54,20.1,Two year,0.011253768,0,12.214839403890075,C4289
40.1,1,40.1,Month-to-month,0.5817602,1,23.328585129976272,C4290
7059.2,64,110.3,Two year,0.051092517,0,360.67229340076443,C4291
2290.9,31,73.9,Month-to-month,0.5265937,1,1206.3734733104707,C4292
1257.2,14,89.8,Month-to-month,0.6432398,1,808.6810717344284,C4293
1021.8,12,85.15,One year,0.13604505,0,139.0108357697725,C4294
4083.65,67,60.95,One year,0.041106224,0,167.8634318828583,C4295
2528.75,35,72.25,Month-to-month,0.1792942,0,453.39020509272814,C4296
3309.75,45,73.55,Two year,0.01917676,0,63.4702836885117,C4297
460.0,10,46.0,Month-to-month,0.23151188,0,106.49546295404434,C4298
1697.9499999999998,29,58.55,Month-to-month,0.121694624,0,206.63138754069803,C4299
590.4000000000001,24,24.6,One year,0.04227935,0,24.96172912716866,C4300
1303.5,66,19.75,Two year,0.013269416,0,17.296683829743415,C4301
4403.849999999999,51,86.35,One year,0.06651965,0,292.942551125586,C4302
1147.5,45,25.5,Two year,0.016320625,0,18.72791755478829,C4303
931.0,49,19.0,One year,0.016954724,0,15.784847807139158,C4304
566.95,29,19.55,Two year,0.015310293,0,8.68017065236345,C4305
4404.0,40,110.1,Month-to-month,0.20836607,0,917.6441556215286,C4306
3572.35,37,96.55,Month-to-month,0.6056385,1,2163.55270986557,C4307
1743.75,25,69.75,Month-to-month,0.3095296,0,539.7422444075346,C4308
1113.2,22,50.6,Month-to-month,0.49006778,0,545.5434527158737,C4309
4723.2,72,65.6,Two year,0.015844075,0,74.83473508358001,C4310
280.7,7,40.1,Month-to-month,0.35194397,0,98.7906723022461,C4311
2709.2999999999997,33,82.1,Two year,0.025064679,0,67.90773444268852,C4312
1819.3,23,79.1,Month-to-month,0.26132944,0,475.4366543084383,C4313
2430.0,24,101.25,Month-to-month,0.71322286,1,1733.1315529346466,C4314
79.55,1,79.55,Month-to-month,0.8314485,1,66.14172780811786,C4315
6254.85,69,90.65,Two year,0.020756606,0,129.8294571178034,C4316
61.650000000000006,3,20.55,One year,0.037107553,0,2.287680662982166,C4317
4242.0,56,75.75,One year,0.07746702,0,328.6150855869055,C4318
7150.0,65,110.0,One year,0.116471805,0,832.7734034508467,C4319
1480.35,71,20.85,One year,0.03354378,0,49.656535383313894,C4320
1124.9,14,80.35,Month-to-month,0.55272734,1,621.762986624241,C4321
140.3,2,70.15,Month-to-month,0.5576256,1,78.23487052321434,C4322
2689.6,32,84.05,One year,0.36187592,0,973.301478433609,C4323
2698.0,40,67.45,Month-to-month,0.12077154,0,325.84162083268166,C4324
20.75,1,20.75,Month-to-month,0.3288135,0,6.822879984974861,C4325
89.1,1,89.1,Month-to-month,0.88672626,1,79.00730978250503,C4326
489.30000000000007,7,69.9,Month-to-month,0.50849813,1,248.80813609957698,C4327
766.5,15,51.1,Month-to-month,0.42197645,0,323.444946706295,C4328
1604.8000000000002,17,94.4,Month-to-month,0.4842322,0,777.0958141326905,C4329
1486.75,19,78.25,Month-to-month,0.42657858,0,634.2157057970762,C4330
1814.05,71,25.55,Two year,0.009745249,0,17.678368210839107,C4331
3240.0,54,60.0,Two year,0.018244004,0,59.110572561621666,C4332
2807.0499999999997,31,90.55,Month-to-month,0.21952611,0,616.2207729130982,C4333
840.4000000000001,11,76.4,Month-to-month,0.32128918,0,270.011428308487,C4334
1529.1,18,84.95,Month-to-month,0.44716424,0,683.7588355600833,C4335
7927.2,72,110.1,Two year,0.031848736,0,252.47130087018013,C4336
7075.150000000001,71,99.65,Month-to-month,0.4055834,0,2869.563473556936,C4337
227.0,5,45.4,Month-to-month,0.25375998,0,57.60351550579071,C4338
2622.0,38,69.0,One year,0.0771316,0,202.2390530705452,C4339
243.25,5,48.65,Month-to-month,0.24706535,0,60.098646488040686,C4340
88.3,2,44.15,Month-to-month,0.54026157,1,47.70509633421898,C4341
3112.2000000000003,52,59.85,Two year,0.02457721,0,76.48919210918248,C4342
606.0,8,75.75,Month-to-month,0.6446641,1,390.66644990444183,C4343
5484.200000000001,68,80.65,Two year,0.09434977,0,517.4330181658269,C4344
1417.95,69,20.55,One year,0.021736138,0,30.82075626589358,C4345
2788.8,42,66.4,Month-to-month,0.11619523,0,324.0452620983124,C4346
5010.0,50,100.2,Two year,0.09357423,0,468.80690909922123,C4347
19.1,1,19.1,Month-to-month,0.31519657,0,6.020254558324814,C4348
80.3,1,80.3,Month-to-month,0.80014324,1,64.25150232315063,C4349
1470.15,33,44.55,Month-to-month,0.17329878,0,254.7751957565546,C4350
142.45000000000002,7,20.35,Month-to-month,0.11534226,0,16.430504852533343,C4351
5875.2,64,91.8,Month-to-month,0.1259429,0,739.9397306442261,C4352
74.9,1,74.9,Month-to-month,0.7880598,1,59.02567685246468,C4353
1191.8,59,20.2,Two year,0.014420447,0,17.186288662813602,C4354
302.1,6,50.35,Month-to-month,0.4163838,0,125.78954685330392,C4355
56.400000000000006,3,18.8,Month-to-month,0.107495904,0,6.062768983840943,C4356
306.75,15,20.45,Month-to-month,0.093820505,0,28.77943986095488,C4357
841.75,13,64.75,One year,0.2345102,0,197.39895936474204,C4358
2270.1,23,98.7,Month-to-month,0.6186883,1,1404.4842765748501,C4359
2772.9500000000003,31,89.45,Month-to-month,0.37766802,0,1047.2545446813108,C4360
1703.75,29,58.75,One year,0.060652357,0,103.33645254839212,C4361
1014.3,49,20.7,One year,0.019169085,0,19.443202639371155,C4362
4793.599999999999,56,85.6,Month-to-month,0.29186273,0,1399.0731643676756,C4363
5058.9,63,80.3,Two year,0.03665217,0,185.41966342851518,C4364
5027.4,63,79.8,Two year,0.040241387,0,202.30954770371315,C4365
1916.4,24,79.85,Month-to-month,0.42461237,0,813.7271518349648,C4366
1947.6,36,54.1,One year,0.06230148,0,121.33836104571819,C4367
727.65,9,80.85,Month-to-month,0.6217407,1,452.4096194922924,C4368
74.25,3,24.75,Month-to-month,0.52543145,1,39.01328547298908,C4369
1698.9,21,80.9,One year,0.13088353,0,222.35802874714136,C4370
318.5,13,24.5,One year,0.048468452,0,15.437201945111156,C4371
20.15,1,20.15,Month-to-month,0.41326526,0,8.327294950187206,C4372
501.25,25,20.05,One year,0.019897036,0,9.973389422520995,C4373
1391.6,71,19.6,Two year,0.012187793,0,16.960532626882195,C4374
7543.8,66,114.3,One year,0.08433456,0,636.2030517563225,C4375
4513.5,45,100.3,One year,0.23786786,0,1073.6165950745344,C4376
1760.0,22,80.0,Month-to-month,0.38012668,0,669.0229654312134,C4377
1396.95,67,20.85,One year,0.030004252,0,41.91443947982043,C4378
6116.6,68,89.95,Two year,0.038739882,0,236.95636474639178,C4379
0.0,0,20.0,Two year,0.016422492,0,0.0,C4380
4451.65,49,90.85,Month-to-month,0.48200738,0,2145.728172320127,C4381
195.0,4,48.75,Month-to-month,0.38549563,0,75.17164841294289,C4382
5040.0,63,80.0,One year,0.14100456,0,710.6629943847656,C4383
159.4,2,79.7,Month-to-month,0.6024448,1,96.02970551252365,C4384
427.35,21,20.35,One year,0.022536185,0,9.630838505364954,C4385
3165.25,55,57.55,Two year,0.01578422,0,49.96100479224697,C4386
20.25,1,20.25,Month-to-month,0.38837227,0,7.864538513123989,C4387
329.79999999999995,17,19.4,Two year,0.013765127,0,4.539739015884697,C4388
3012.0,30,100.4,Month-to-month,0.37885725,0,1141.1180520057678,C4389
1274.9,22,57.95,Month-to-month,0.10659485,0,135.8977782212198,C4390
535.5,9,59.5,Month-to-month,0.25580418,0,136.9831389784813,C4391
19.2,1,19.2,Month-to-month,0.20746294,0,3.9832883834838864,C4392
1816.5,21,86.5,Month-to-month,0.5184715,1,941.8034423589706,C4393
1131.45,19,59.55,Month-to-month,0.14298548,0,161.78091913238168,C4394
7172.55,69,103.95,Month-to-month,0.48699197,0,3492.9742668405174,C4395
25.1,1,25.1,Month-to-month,0.8161346,1,20.484977757930757,C4396
7484.400000000001,72,103.95,Two year,0.032170337,0,240.77566794902089,C4397
4826.5,70,68.95,Two year,0.037427176,0,180.64226395078003,C4398
6804.599999999999,66,103.1,Month-to-month,0.13321204,0,906.4546802848577,C4399
172.9,7,24.7,Month-to-month,0.3781552,0,65.38303436934949,C4400
5069.2,46,110.2,Month-to-month,0.23943251,0,1213.731298518181,C4401
1909.05,39,48.95,Month-to-month,0.11621494,0,221.86012827046216,C4402
1998.4,32,62.45,Month-to-month,0.101216085,0,202.27022477388383,C4403
2149.2,24,89.55,Month-to-month,0.33151633,0,712.4948867082595,C4404
501.2999999999999,6,83.55,Month-to-month,0.68863344,1,345.2119444370269,C4405
2919.3,37,78.9,Month-to-month,0.11508874,0,335.9785543061793,C4406
162.8,8,20.35,Month-to-month,0.09808696,0,15.968557187914849,C4407
5144.400000000001,72,71.45,Two year,0.025564976,0,131.5164627224207,C4408
3290.85,71,46.35,Two year,0.023339186,0,76.8057597996667,C4409
1514.4,16,94.65,Month-to-month,0.472403,0,715.4070878505707,C4410
2844.2999999999997,57,49.9,Month-to-month,0.086173795,0,245.10412558391687,C4411
1679.7,66,25.45,One year,0.029444328,0,49.45763703268022,C4412
1515.5500000000002,17,89.15,Month-to-month,0.5372528,1,814.2334564507008,C4413
435.75,21,20.75,Month-to-month,0.072472796,0,31.580020789057016,C4414
4362.599999999999,66,66.1,Two year,0.021354014,0,93.159021711722,C4415
1281.8000000000002,17,75.4,Month-to-month,0.22289422,0,285.70581317543986,C4416
70.45,1,70.45,Month-to-month,0.7299432,1,51.424499556422234,C4417
3497.3999999999996,58,60.3,One year,0.046755563,0,163.5229076720774,C4418
168.4,8,21.05,Month-to-month,0.12530793,0,21.101855832338334,C4419
1872.45,27,69.35,One year,0.051499087,0,96.42946613375098,C4420
3020.8999999999996,34,88.85,Month-to-month,0.30330634,0,916.2581260442732,C4421
2910.0,30,97.0,One year,0.26808608,0,780.1304805278778,C4422
2191.2000000000003,33,66.4,Month-to-month,0.14892168,0,326.31719273328787,C4423
24.75,1,24.75,Month-to-month,0.59452194,1,14.71441800892353,C4424
968.8,14,69.2,Month-to-month,0.1346682,0,130.46655333042145,C4425
1272.0,16,79.5,One year,0.081323646,0,103.44367772340775,C4426
4931.85,49,100.65,Two year,0.05299121,0,261.3447060137987,C4427
1962.7,19,103.3,Month-to-month,0.5129388,1,1006.7449778020382,C4428
5579.0,70,79.7,Two year,0.028770754,0,160.51203720085323,C4429
1964.8,32,61.4,Month-to-month,0.08645134,0,169.85958642959594,C4430
1256.4,18,69.8,Month-to-month,0.3770614,0,473.73993898630147,C4431
1500.35,37,40.55,Two year,0.023457227,0,35.19405094170943,C4432
302.6,4,75.65,Month-to-month,0.7197104,1,217.78436995744707,C4433
1451.2,16,90.7,Month-to-month,0.31273735,0,453.84443607330326,C4434
1368.5,17,80.5,Month-to-month,0.3701834,0,506.59599420428276,C4435
1151.4,19,60.6,Month-to-month,0.16275166,0,187.3922610372305,C4436
6069.0,60,101.15,Two year,0.04080862,0,247.6675256676972,C4437
1272.45,51,24.95,Two year,0.02071453,0,26.35820461632684,C4438
568.4,28,20.3,Two year,0.013466046,0,7.654100655391812,C4439
2580.0,43,60.0,Two year,0.04664086,0,120.33342339098454,C4440
850.5,42,20.25,Two year,0.018854082,0,16.035396426916122,C4441
235.5,3,78.5,Month-to-month,0.6769299,1,159.41698935627937,C4442
44.75,1,44.75,Month-to-month,0.56547326,1,25.304928317666054,C4443
59.55,3,19.85,Month-to-month,0.16214852,0,9.655944386869669,C4444
6174.0,63,98.0,Two year,0.030863222,0,190.54953099042177,C4445
239.7,3,79.9,Month-to-month,0.6845939,1,164.09716165065765,C4446
7323.6,68,107.7,Month-to-month,0.16320433,0,1195.2432108700275,C4447
2991.0,30,99.7,Month-to-month,0.60199726,1,1800.5737935304642,C4448
6282.0,60,104.7,Two year,0.10239688,0,643.2572194486856,C4449
879.0,15,58.6,Month-to-month,0.2256269,0,198.32604579627514,C4450
4225.5,45,93.9,Month-to-month,0.49683955,0,2099.3955316990614,C4451
6051.5,70,86.45,Two year,0.020451514,0,123.76233727578074,C4452
985.0,10,98.5,Month-to-month,0.8349037,1,822.3801612854004,C4453
77.6,4,19.4,Month-to-month,0.11500328,0,8.924254554510116,C4454
50.45,1,50.45,Month-to-month,0.54801524,1,27.64736869931221,C4455
1696.6,68,24.95,Two year,0.017200842,0,29.182949385046957,C4456
1650.0,22,75.0,Month-to-month,0.28761807,0,474.5698168873787,C4457
3596.7000000000003,38,94.65,Month-to-month,0.39572832,0,1423.3160481244327,C4458
100.25,1,100.25,Month-to-month,0.8745511,1,87.6737495213747,C4459
1407.6,18,78.2,Month-to-month,0.31467322,0,442.93401764631267,C4460
2731.8,29,94.2,Month-to-month,0.37960023,0,1036.9918997883797,C4461
1415.2,16,88.45,Month-to-month,0.564269,1,798.5534976482392,C4462
69.85,1,69.85,Month-to-month,0.81910145,1,57.21423647999763,C4463
980.4,12,81.7,Month-to-month,0.33177307,0,325.2703202605247,C4464
1551.55,31,50.05,One year,0.11590822,0,179.83739937767385,C4465
319.6,4,79.9,Month-to-month,0.67918175,1,217.06648876667023,C4466
3338.3999999999996,48,69.55,One year,0.06891442,0,230.06390274167057,C4467
381.0,15,25.4,Month-to-month,0.17619503,0,67.13030469417572,C4468
4505.0,50,90.1,One year,0.051459204,0,231.82371584698558,C4469
312.55,7,44.65,Month-to-month,0.28226745,0,88.22269189953805,C4470
3433.75,41,83.75,Month-to-month,0.38476828,0,1321.1980725452304,C4471
5463.799999999999,68,80.35,Two year,0.038496174,0,210.33539505451915,C4472
2550.6,26,98.1,Month-to-month,0.67554456,1,1723.0439546227456,C4473
3040.9500000000003,57,53.35,Two year,0.025444454,0,77.37531112069264,C4474
58.650000000000006,3,19.55,Month-to-month,0.18846312,0,11.053362084925176,C4475
20.9,1,20.9,Month-to-month,0.42350042,0,8.85115875005722,C4476
930.05,19,48.95,One year,0.09361478,0,87.06642559282481,C4477
162.60000000000002,3,54.2,Month-to-month,0.5349879,1,86.9890368461609,C4478
1442.55,59,24.45,Two year,0.043566708,0,62.84715393539518,C4479
69.4,1,69.4,Month-to-month,0.7838928,1,54.40216103792191,C4480
1686.3,42,40.15,Month-to-month,0.19757819,0,333.17610476016995,C4481
524.3000000000001,7,74.9,Month-to-month,0.74361765,1,389.8787359118462,C4482
1715.2,67,25.6,Two year,0.013065618,0,22.410148787498475,C4483
70.35,1,70.35,Month-to-month,0.7711751,1,54.25216733515262,C4484
6052.2,66,91.7,Two year,0.024912786,0,150.77716184780002,C4485
5441.2,61,89.2,Month-to-month,0.14382222,0,782.5654795050621,C4486
96.4,4,24.1,One year,0.060827862,0,5.863805942237377,C4487
3114.3,42,74.15,Month-to-month,0.31247482,0,973.1403227001429,C4488
3446.4,64,53.85,One year,0.05147091,0,177.38934170007707,C4489
6242.4,54,115.6,One year,0.17193617,0,1073.2943430304526,C4490
19.75,1,19.75,Month-to-month,0.3185705,0,6.29176726937294,C4491
1298.7,54,24.05,Two year,0.027373316,0,35.54972518589348,C4492
455.4,18,25.3,Two year,0.022329267,0,10.168748243898152,C4493
252.9,3,84.3,Month-to-month,0.54812515,1,138.62084988355636,C4494
70.1,1,70.1,Month-to-month,0.77317005,1,54.19922078251838,C4495
6462.0,72,89.75,Two year,0.014367311,0,92.84156537242234,C4496
5877.0,60,97.95,One year,0.22042577,0,1295.4422484487295,C4497
220.0,11,20.0,One year,0.029906422,0,6.579412817955017,C4498
939.6,12,78.3,Month-to-month,0.5667897,1,532.5555896043778,C4499
6337.900000000001,61,103.9,One year,0.16479504,0,1044.454490888119,C4500
807.3,39,20.7,Two year,0.011535357,0,9.312493506353348,C4501
5324.0,55,96.8,Month-to-month,0.52448004,1,2792.331758737564,C4502
1604.8000000000002,17,94.4,Month-to-month,0.61845726,1,992.500207233429,C4503
745.55,37,20.15,One year,0.020197427,0,15.058191625494509,C4504
1872.0,72,26.0,Two year,0.016156571,0,30.245100885629654,C4505
5569.2,72,77.35,Two year,0.028756347,0,160.14984522610902,C4506
528.4,8,66.05,Month-to-month,0.16278854,0,86.01746460199355,C4507
437.7999999999999,22,19.9,Month-to-month,0.07845758,0,34.348728093504896,C4508
84.3,1,84.3,Month-to-month,0.7985897,1,67.32111225128173,C4509
2589.7000000000003,38,68.15,Month-to-month,0.13209188,0,342.0783412337303,C4510
1374.4499999999998,17,80.85,One year,0.12020733,0,165.21896756999192,C4511
5285.0,70,75.5,Two year,0.048439242,0,256.0013936832547,C4512
6656.400000000001,72,92.45,Two year,0.018262427,0,121.5620210811496,C4513
2256.7999999999997,28,80.6,Month-to-month,0.42033878,0,948.6205579996108,C4514
1248.0,15,83.2,Month-to-month,0.5231332,1,652.8702564239502,C4515
6303.599999999999,72,87.55,Two year,0.011254415,0,70.94332986474036,C4516
1095.05,11,99.55,Month-to-month,0.8521342,1,933.1295861005783,C4517
650.0,8,81.25,Month-to-month,0.7117527,1,462.63926327228546,C4518
6235.8,57,109.4,One year,0.2576969,0,1606.9463090121747,C4519
19.95,1,19.95,Month-to-month,0.3622641,0,7.227168729901313,C4520
2095.2999999999997,46,45.55,Month-to-month,0.17193392,0,360.25314088165754,C4521
621.0,30,20.7,One year,0.019715816,0,12.243521600961685,C4522
753.0,10,75.3,Month-to-month,0.38174644,0,287.4550701677799,C4523
2282.75,23,99.25,Month-to-month,0.628626,1,1434.9959762990475,C4524
2988.8,32,93.4,Month-to-month,0.21985136,0,657.0917439460754,C4525
958.75,13,73.75,Month-to-month,0.40744412,0,390.6370495259762,C4526
3137.55,39,80.45,Two year,0.06519877,0,204.56440600790086,C4527
3878.6,44,88.15,Month-to-month,0.24855636,0,964.0507002323866,C4528
442.8,9,49.2,Month-to-month,0.21353652,0,94.55396921038628,C4529
1316.55,67,19.65,Two year,0.0111974,0,14.741937337769196,C4530
714.15,9,79.35,Month-to-month,0.6405739,1,457.46586412489415,C4531
1196.25,15,79.75,Month-to-month,0.70069575,1,838.2072946429253,C4532
7465.650000000001,71,105.15,Two year,0.06254132,0,466.9116125263274,C4533
49.0,1,49.0,Month-to-month,0.34819326,0,17.06146964430809,C4534
3001.5,30,100.05,Month-to-month,0.5586243,1,1676.7109180390835,C4535
69.35,1,69.35,Month-to-month,0.82509774,1,57.22052824795246,C4536
846.5999999999999,17,49.8,Month-to-month,0.35115668,0,297.28924679160116,C4537
257.4,3,85.8,Month-to-month,0.59299976,1,152.638137280941,C4538
5339.900000000001,67,79.7,Two year,0.13289738,0,709.6587035179139,C4539
20.95,1,20.95,Month-to-month,0.38132438,0,7.9887457743287085,C4540
50.55,1,50.55,Month-to-month,0.6854126,1,34.64760620892048,C4541
2537.6,32,79.3,Month-to-month,0.35337648,0,896.7281504631043,C4542
799.5,41,19.5,One year,0.022280166,0,17.812992657534778,C4543
80.55,1,80.55,Month-to-month,0.87716997,1,70.65604081749916,C4544
44.15,1,44.15,Month-to-month,0.55890757,1,24.675769147276878,C4545
1014.0,12,84.5,Month-to-month,0.63725984,1,646.1814787387848,C4546
6541.0,62,105.5,Month-to-month,0.24399902,0,1595.9975850135088,C4547
1854.6,22,84.3,Month-to-month,0.38168475,0,707.8725379407406,C4548
1575.9,17,92.7,Month-to-month,0.39009857,0,614.7563392639161,C4549
1890.0,72,26.25,Two year,0.015304149,0,28.924841852858663,C4550
5429.2,56,96.95,Month-to-month,0.22355461,0,1213.722695159912,C4551
184.05,9,20.45,Month-to-month,0.114215925,0,21.02144105806947,C4552
8337.6,72,115.8,Two year,0.03555331,0,296.42927801012996,C4553
2164.0,20,108.2,Month-to-month,0.3665787,0,793.2763028144836,C4554
383.8,19,20.2,Two year,0.012570937,0,4.82472568359226,C4555
135.5,2,67.75,Month-to-month,0.6008549,1,81.4158353805542,C4556
2909.7,53,54.9,One year,0.08281757,0,240.97428161054847,C4557
2301.75,27,85.25,Month-to-month,0.6119083,1,1408.4599677622318,C4558
120.9,6,20.15,Month-to-month,0.16337262,0,19.7517498716712,C4559
813.15,9,90.35,One year,0.39841944,0,323.97476746737954,C4560
446.0,8,55.75,Month-to-month,0.2560805,0,114.21190667152405,C4561
8136.599999999999,71,114.6,Two year,0.024950275,0,203.01040917299687,C4562
800.5,10,80.05,Month-to-month,0.64529335,1,516.5573306679726,C4563
20.0,1,20.0,Month-to-month,0.37813076,0,7.562615275382996,C4564
4742.8,71,66.8,One year,0.05797052,0,274.9425827726722,C4565
6820.4,68,100.3,One year,0.18318127,0,1249.3695404350758,C4566
3581.8999999999996,34,105.35,Month-to-month,0.4132294,0,1480.14640892148,C4567
2215.2000000000003,26,85.2,One year,0.14007038,0,310.2839030742646,C4568
1073.6,22,48.8,Month-to-month,0.21971841,0,235.88968665599822,C4569
132.65,7,18.95,Month-to-month,0.10432374,0,13.838543755933642,C4570
1396.0,20,69.8,Month-to-month,0.34114975,0,476.2450473308563,C4571
6369.0,60,106.15,Month-to-month,0.41354105,0,2633.8429395854473,C4572
1479.6,72,20.55,Two year,0.021165242,0,31.316092682629822,C4573
7614.0,72,105.75,One year,0.11123899,0,846.9736980646849,C4574
101.0,4,25.25,Month-to-month,0.12590872,0,12.716780468821526,C4575
316.0,16,19.75,Month-to-month,0.1371032,0,43.3246111869812,C4576
6500.7,62,104.85,One year,0.28249717,0,1836.429337334633,C4577
609.5,10,60.95,Month-to-month,0.17386293,0,105.96945834159851,C4578
2515.65,31,81.15,Month-to-month,0.47664052,0,1199.0607303768397,C4579
1356.1,71,19.1,Two year,0.013506426,0,18.316063681058584,C4580
1206.4,58,20.8,Two year,0.012616654,0,15.220731297135353,C4581
6310.5,70,90.15,Two year,0.018742774,0,118.2762733194977,C4582
6397.099999999999,71,90.1,Two year,0.023098484,0,147.76330996006726,C4583
5112.9,69,74.1,Two year,0.04996863,0,255.48460871279238,C4584
85.05,1,85.05,Month-to-month,0.9227815,1,78.48256887495518,C4585
8550.0,72,118.75,Two year,0.0335493,0,286.84652633965015,C4586
2233.4,26,85.9,Month-to-month,0.28012192,0,625.6243016958236,C4587
3135.0,33,95.0,Month-to-month,0.3137917,0,983.7369552254677,C4588
201.5,10,20.15,Two year,0.013668196,0,2.754141549579799,C4589
5774.099999999999,57,101.3,Two year,0.07055134,0,407.37051113024353,C4590
212.0,10,21.2,Month-to-month,0.21279028,0,45.11153948307037,C4591
943.8,39,24.2,One year,0.037554894,0,35.44430861994624,C4592
223.3,11,20.3,Month-to-month,0.13813467,0,30.845472534000876,C4593
2158.7999999999997,21,102.8,Month-to-month,0.6103288,1,1317.577799463272,C4594
5800.4,68,85.3,Two year,0.01981213,0,114.91827559173106,C4595
1612.8,18,89.6,One year,0.11395091,0,183.78002471923827,C4596
599.7,6,99.95,Month-to-month,0.7524858,1,451.2657412827015,C4597
1012.5,18,56.25,Month-to-month,0.13849184,0,140.22298716008663,C4598
2649.4,52,50.95,One year,0.06545198,0,173.4084748506546,C4599
6487.599999999999,56,115.85,Two year,0.102697924,0,666.2630503118038,C4600
4664.25,45,103.65,Month-to-month,0.40350083,0,1882.028723783791,C4601
1748.7,67,26.1,Two year,0.0160788,0,28.116997495293617,C4602
105.3,3,35.1,Month-to-month,0.33348054,0,35.115500539541245,C4603
6441.5,65,99.1,Month-to-month,0.34610495,0,2229.4350335747004,C4604
4236.75,63,67.25,Two year,0.016069163,0,68.0810248022899,C4605
275.0,11,25.0,Two year,0.020014446,0,5.503972712904215,C4606
59.55,1,59.55,Month-to-month,0.3080412,0,18.34385257512331,C4607
4279.0,55,77.8,Two year,0.039201617,0,167.74372017383575,C4608
1377.5,25,55.1,One year,0.055743225,0,76.78629232570529,C4609
8481.6,72,117.8,One year,0.18053854,0,1531.2556394577027,C4610
1738.8,72,24.15,Two year,0.022107953,0,38.44130903407931,C4611
2941.25,65,45.25,Two year,0.022238342,0,65.4085236764513,C4612
4293.0,54,79.5,Month-to-month,0.4619444,0,1983.1273146271706,C4613
141.75,7,20.25,Month-to-month,0.10803761,0,15.314331689849496,C4614
4662.0,72,64.75,Two year,0.018602805,0,86.72627789899707,C4615
1146.6,21,54.6,Month-to-month,0.2309128,0,264.764621758461,C4616
41.4,2,20.7,Month-to-month,0.23167217,0,9.591227746009826,C4617
379.0,4,94.75,Month-to-month,0.74528545,1,282.46318608522415,C4618
238.95,3,79.65,Month-to-month,0.73188287,1,174.88341183364392,C4619
8337.6,72,115.8,Two year,0.03832679,0,319.5534334123135,C4620
296.70000000000005,6,49.45,Month-to-month,0.35174802,0,104.36363737285139,C4621
4357.599999999999,52,83.8,Month-to-month,0.32418305,0,1412.660044813156,C4622
6579.15,69,95.35,Month-to-month,0.24489878,0,1611.2258162029086,C4623
757.6,8,94.7,Month-to-month,0.69648015,1,527.6533654212952,C4624
592.4,8,74.05,Month-to-month,0.47847062,0,283.44599735736847,C4625
5644.799999999999,63,89.6,Month-to-month,0.25430313,0,1435.4902942657468,C4626
6996.0,60,116.6,One year,0.115130134,0,805.4504169523716,C4627
650.4000000000001,12,54.2,Month-to-month,0.1694681,0,110.22205538749697,C4628
250.9,13,19.3,Month-to-month,0.105915904,0,26.57430032491684,C4629
1431.1,22,65.05,Month-to-month,0.105232894,0,150.5987952053547,C4630
462.5,5,92.5,Month-to-month,0.8436296,1,390.1786893606186,C4631
19.45,1,19.45,Month-to-month,0.2860536,0,5.563742479681968,C4632
1731.6,72,24.05,Two year,0.019781169,0,34.25307146161794,C4633
37.5,2,18.75,Month-to-month,0.11658977,0,4.37211636453867,C4634
806.0,40,20.15,Two year,0.011030339,0,8.89045299589634,C4635
880.0,44,20.0,One year,0.022644714,0,19.927347898483276,C4636
5041.0,71,71.0,One year,0.034676414,0,174.80380288884044,C4637
151.1,2,75.55,Month-to-month,0.72073233,1,108.90265525579453,C4638
2433.6,26,93.6,Month-to-month,0.6693992,1,1629.0498976707458,C4639
70.0,1,70.0,Month-to-month,0.7488236,1,52.41765081882477,C4640
24.4,1,24.4,Month-to-month,0.53143114,1,12.966919779777527,C4641
4862.0,65,74.8,Two year,0.07091703,0,344.7986127883196,C4642
195.75,3,65.25,Month-to-month,0.22467895,0,43.980904173105955,C4643
657.15,13,50.55,Month-to-month,0.16551767,0,108.76993874385953,C4644
3445.2000000000003,33,104.4,Month-to-month,0.53293484,1,1836.0671262502672,C4645
70.7,1,70.7,Month-to-month,0.7674501,1,54.25872166156769,C4646
181.0,4,45.25,Month-to-month,0.2791237,0,50.521388560533524,C4647
140.6,2,70.3,Month-to-month,0.55482644,1,78.00859724283218,C4648
7844.400000000001,72,108.95,Two year,0.041761592,0,327.59463252425195,C4649
978.65,37,26.45,Month-to-month,0.078403,0,76.7290993887931,C4650
1293.0,15,86.2,Month-to-month,0.32145593,0,415.642511934042,C4651
451.95,23,19.65,One year,0.022955822,0,10.374883674737065,C4652
1536.0,30,51.2,Month-to-month,0.13681722,0,210.1512451171875,C4653
800.1,42,19.05,One year,0.031936005,0,25.55199740678072,C4654
2392.0,32,74.75,One year,0.06661458,0,159.34208285808563,C4655
1667.6,22,75.8,Month-to-month,0.37933123,0,632.5727610111236,C4656
1054.2,42,25.1,Month-to-month,0.19265734,0,203.0993642359972,C4657
355.6,8,44.45,Month-to-month,0.22617155,0,80.42660429477692,C4658
6779.5,65,104.3,Two year,0.11856742,0,803.8278376683593,C4659
39.0,2,19.5,Month-to-month,0.16843897,0,6.569119870662689,C4660
6230.0,70,89.0,Two year,0.020553177,0,128.0462940968573,C4661
443.2999999999999,22,20.15,Month-to-month,0.07569678,0,33.556383140385144,C4662
299.6,4,74.9,Month-to-month,0.7326829,1,219.51179196834565,C4663
149.8,2,74.9,Month-to-month,0.6311781,1,94.55047653913499,C4664
2422.0499999999997,67,36.15,Two year,0.015511145,0,37.568768466124304,C4665
480.0,25,19.2,Month-to-month,0.08351457,0,40.08699417114258,C4666
385.0,20,19.25,Month-to-month,0.09586579,0,36.908330507576466,C4667
122.4,2,61.2,Month-to-month,0.25734812,0,31.499409914016724,C4668
1042.95,51,20.45,Two year,0.010979369,0,11.450933193415404,C4669
1612.3,46,35.05,Month-to-month,0.10191169,0,164.31221191957593,C4670
2506.25,25,100.25,Month-to-month,0.6484428,1,1625.1597795635462,C4671
572.0,13,44.0,Month-to-month,0.18031757,0,103.14164763689041,C4672
2570.0,25,102.8,Month-to-month,0.5875123,1,1509.9066478013992,C4673
1309.1,26,50.35,One year,0.06200418,0,81.16967041790485,C4674
4300.0,43,100.0,One year,0.43017012,0,1849.7315108776093,C4675
380.0,19,20.0,Month-to-month,0.15123755,0,57.47026801109314,C4676
998.5,10,99.85,Month-to-month,0.7302509,1,729.1555186808109,C4677
188.4,2,94.2,Month-to-month,0.846733,1,159.52449231147767,C4678
6220.8,72,86.4,Two year,0.010402696,0,64.7130925655365,C4679
1051.2,18,58.4,Month-to-month,0.21250914,0,223.38960835933688,C4680
754.65,9,83.85,Month-to-month,0.78694737,1,593.8698324501514,C4681
2384.1,27,88.3,Month-to-month,0.5004673,1,1193.1640909194946,C4682
2258.3999999999996,24,94.1,Month-to-month,0.6484713,1,1464.5075745105742,C4683
7179.45,69,104.05,One year,0.1520996,0,1091.991433545202,C4684
5009.400000000001,46,108.9,Two year,0.21160054,0,1059.991755437851,C4685
7732.8,72,107.4,Two year,0.051406223,0,397.5140437424183,C4686
2083.4,22,94.7,Month-to-month,0.45261025,0,942.9682037830353,C4687
6359.5,70,90.85,Month-to-month,0.2408086,0,1531.4223307967186,C4688
39.8,2,19.9,Month-to-month,0.18875536,0,7.512463456392288,C4689
2058.4,31,66.4,Month-to-month,0.09458858,0,194.7011284351349,C4690
5636.400000000001,56,100.65,Month-to-month,0.50010145,1,2818.7717964649205,C4691
1611.2,16,100.7,Month-to-month,0.4572792,0,736.7682556152344,C4692
1331.2,52,25.6,Two year,0.01509797,0,20.098417854309083,C4693
258.05,13,19.85,Month-to-month,0.096988454,0,25.027870673686266,C4694
726.25,35,20.75,One year,0.01994786,0,14.487133608199656,C4695
5652.2,59,95.8,Two year,0.15425366,0,871.8725462794304,C4696
6814.8,72,94.65,Month-to-month,0.31893215,0,2173.458787429333,C4697
5316.3,66,80.55,Two year,0.13305832,0,707.3779703065753,C4698
5225.85,49,106.65,Two year,0.14301442,0,747.3718863688409,C4699
91.7,2,45.85,Month-to-month,0.47726992,0,43.765651455521585,C4700
2191.35,21,104.35,Month-to-month,0.71788245,1,1573.1317164391278,C4701
2994.3,54,55.45,One year,0.15402666,0,461.2020200818777,C4702
1892.4,24,78.85,Month-to-month,0.49468464,0,936.1412062883378,C4703
61.15,1,61.15,Month-to-month,0.26926085,0,16.46530119329691,C4704
473.7000000000001,6,78.95,Month-to-month,0.5720405,1,270.97558402419094,C4705
44.45,1,44.45,Month-to-month,0.61003065,1,27.11586244106293,C4706
5350.8,49,109.2,One year,0.20272516,0,1084.7417708337307,C4707
3432.7999999999997,56,61.3,Two year,0.021524519,0,73.88936789035796,C4708
5423.599999999999,56,96.85,Month-to-month,0.24872002,0,1348.9579007744787,C4709
243.3,6,40.55,Two year,0.032251604,0,7.8468152292072775,C4710
633.6,32,19.8,One year,0.020549534,0,13.020184671878814,C4711
5412.5,50,108.25,One year,0.2859953,0,1547.9495860636234,C4712
6092.9,58,105.05,One year,0.30247393,0,1842.9434233576058,C4713
5879.25,65,90.45,Two year,0.01780363,0,104.67199085606262,C4714
5529.6,64,86.4,Two year,0.022868313,0,126.45262298583985,C4715
4415.400000000001,66,66.9,Two year,0.020072455,0,88.62791598178447,C4716
4206.6,38,110.7,One year,0.27461615,0,1155.2003052055836,C4717
400.0,20,20.0,One year,0.02597881,0,10.391523689031601,C4718
3056.4,36,84.9,Month-to-month,0.5457865,1,1668.1418585300446,C4719
6534.4,64,102.1,One year,0.2733525,0,1786.1946006774901,C4720
20.25,1,20.25,Month-to-month,0.3679651,0,7.45129331946373,C4721
4209.0,60,70.15,One year,0.051155515,0,215.31356269866228,C4722
74.35,1,74.35,Month-to-month,0.7788223,1,57.905438214540474,C4723
4002.5,50,80.05,One year,0.08355623,0,334.4338001124561,C4724
62.05,1,62.05,Month-to-month,0.21837902,0,13.55041823387146,C4725
3542.4,72,49.2,Two year,0.07031848,0,249.09619352817535,C4726
1230.0,60,20.5,Two year,0.011535694,0,14.18890348635614,C4727
1759.5,46,38.25,Two year,0.019146591,0,33.68842761218548,C4728
3791.55,69,54.95,Two year,0.031102024,0,117.92487916834654,C4729
2994.6,31,96.6,Month-to-month,0.3602024,0,1078.6621126592158,C4730
378.1,19,19.9,One year,0.023165591,0,8.758909980207681,C4731
1412.9,71,19.9,Two year,0.00929731,0,13.13616982838139,C4732
1015.2,12,84.6,Month-to-month,0.49449393,0,502.0102392911911,C4733
3120.0,39,80.0,One year,0.16113903,0,502.75376200675964,C4734
3751.0,44,85.25,One year,0.12069006,0,452.7084249705076,C4735
4550.0,56,81.25,Two year,0.042969216,0,195.50993125885725,C4736
8316.0,72,115.5,Two year,0.024587927,0,204.47320414334536,C4737
520.5,5,104.1,Month-to-month,0.67693484,1,352.3445833325386,C4738
869.0,11,79.0,Month-to-month,0.48754507,0,423.6766684651375,C4739
938.4,24,39.1,Month-to-month,0.28317845,0,265.7346562385559,C4740
1419.75,15,94.65,Month-to-month,0.4948452,0,702.5564890354872,C4741
1497.6,72,20.8,Two year,0.011944874,0,17.888643586635588,C4742
3332.0,56,59.5,Two year,0.021290546,0,70.94010021537542,C4743
1283.2,64,20.05,Two year,0.013911201,0,17.850852721929552,C4744
3415.3,34,100.45,Month-to-month,0.5174188,1,1767.1404337346555,C4745
153.0,2,76.5,Month-to-month,0.76167953,1,116.53696811199188,C4746
721.0,35,20.6,One year,0.02255523,0,16.262320963665843,C4747
446.6,22,20.3,One year,0.0214917,0,9.598193569853903,C4748
246.0,5,49.2,Month-to-month,0.37164623,0,91.42497146129608,C4749
355.95,9,39.55,One year,0.07835571,0,27.890713987872005,C4750
254.65,11,23.15,Month-to-month,0.15306242,0,38.977344769984484,C4751
470.35,23,20.45,One year,0.019443544,0,9.145270745363087,C4752
323.4,4,80.85,Month-to-month,0.59917843,1,193.77430536746976,C4753
1717.0,68,25.25,Two year,0.013492918,0,23.167339591309428,C4754
3011.25,33,91.25,Month-to-month,0.3784668,0,1139.6581959351897,C4755
2245.9500000000003,31,72.45,Month-to-month,0.08547424,0,191.97086438611151,C4756
60.1,1,60.1,Month-to-month,0.22675252,0,13.62782642841339,C4757
1103.2,56,19.7,Two year,0.011874278,0,13.099703573435546,C4758
78.95,1,78.95,Month-to-month,0.8772141,1,69.25605115294456,C4759
4956.599999999999,66,75.1,One year,0.10683054,0,529.5162412762642,C4760
1800.0,72,25.0,Two year,0.011524471,0,20.74404861778021,C4761
2351.1000000000004,34,69.15,Month-to-month,0.3071889,0,722.2318188518287,C4762
5309.9,58,91.55,Month-to-month,0.25647658,0,1361.8649979650972,C4763
90.3,2,45.15,Month-to-month,0.58058125,1,52.42648667693138,C4764
1324.6,37,35.8,Two year,0.037504297,0,49.67819147482514,C4765
8033.650000000001,71,113.15,Two year,0.027035559,0,217.19421531679112,C4766
19.85,1,19.85,One year,0.03927997,0,0.7797074297443033,C4767
1405.8,71,19.8,Two year,0.010474314,0,14.724790595658122,C4768
696.5,35,19.9,One year,0.027256558,0,18.984192450530827,C4769
118.2,6,19.7,One year,0.027410118,0,3.2398759368807077,C4770
238.2,3,79.4,Month-to-month,0.6860813,1,163.42456333637236,C4771
4077.9,69,59.1,One year,0.036876746,0,150.37968056425453,C4772
2373.8,44,53.95,One year,0.13575706,0,322.2601063191891,C4773
4830.950000000001,53,91.15,One year,0.15674594,0,757.2318010017277,C4774
2383.2,24,99.3,Month-to-month,0.5835887,1,1390.8086359977722,C4775
344.75,5,68.95,Month-to-month,0.55290335,1,190.6134313493967,C4776
103.1,2,51.55,Month-to-month,0.35402504,0,36.49998122155666,C4777
1512.8,62,24.4,Two year,0.017819364,0,26.957133290171623,C4778
1839.2,19,96.8,Month-to-month,0.5586192,1,1027.4124348163605,C4779
630.4499999999999,9,70.05,Month-to-month,0.41510212,0,261.70113421082493,C4780
1033.5,53,19.5,Two year,0.012008494,0,12.41077830735594,C4781
393.75,5,78.75,Month-to-month,0.61007905,1,240.21862596273422,C4782
4913.2,71,69.2,One year,0.03948487,0,193.9970617547631,C4783
19.55,1,19.55,Month-to-month,0.39830586,0,7.786879624426366,C4784
1451.7,18,80.65,Month-to-month,0.5241443,1,760.9002685189247,C4785
7462.8,72,103.65,Two year,0.16258292,0,1213.3238079249859,C4786
218.8,4,54.7,Month-to-month,0.18498984,0,40.47577694654465,C4787
3194.85,59,54.15,Two year,0.024460515,0,78.14767637131736,C4788
71.1,1,71.1,Month-to-month,0.7233785,1,51.43220989108085,C4789
2630.35,31,84.85,Month-to-month,0.58636767,1,1542.3521921604872,C4790
60.0,3,20.0,Month-to-month,0.19079123,0,11.44747406244278,C4791
6906.25,65,106.25,One year,0.20695549,0,1429.2863700538874,C4792
4863.25,49,99.25,One year,0.22753644,0,1106.566591322422,C4793
38.7,2,19.35,Month-to-month,0.13125272,0,5.079480300843716,C4794
1102.4,53,20.8,One year,0.02155825,0,23.76581410467625,C4795
5211.25,55,94.75,One year,0.23363027,0,1217.505743317306,C4796
8211.6,72,114.05,Two year,0.026581574,0,218.2772549584508,C4797
2696.4,36,74.9,Month-to-month,0.40406018,0,1089.5078827142715,C4798
198.0,10,19.8,Month-to-month,0.15833014,0,31.34936821460724,C4799
94.0,1,94.0,Month-to-month,0.9166835,1,86.16824853420258,C4800
5821.2,72,80.85,Two year,0.012108831,0,70.48792547509073,C4801
1530.2,28,54.65,Month-to-month,0.101073995,0,154.66342750489713,C4802
3484.6,38,91.7,Month-to-month,0.23022649,0,802.2472163259982,C4803
7234.599999999999,61,118.6,One year,0.1295937,0,937.558583253622,C4804
1276.6,52,24.55,Two year,0.019501,0,24.894977420568466,C4805
1303.15,67,19.45,One year,0.030349832,0,39.550383607484406,C4806
3949.1,34,116.15,Two year,0.058771383,0,232.09406867362557,C4807
4352.4,54,80.6,Two year,0.029404249,0,127.97905353158711,C4808
20.3,1,20.3,Month-to-month,0.40270394,0,8.174889999628068,C4809
1347.75,15,89.85,Month-to-month,0.5156864,1,695.0163358747959,C4810
184.0,4,46.0,Month-to-month,0.3409604,0,62.7367160320282,C4811
596.25,9,66.25,Month-to-month,0.20612325,0,122.90098646655679,C4812
4590.8,46,99.8,Month-to-month,0.40388823,0,1854.1700658798218,C4813
1980.0,22,90.0,Month-to-month,0.6051468,1,1198.1907141208649,C4814
2677.1,38,70.45,One year,0.08844584,0,236.77836433053017,C4815
4125.0,55,75.0,One year,0.065690696,0,270.9741219878197,C4816
19.9,1,19.9,Month-to-month,0.37695253,0,7.501355326175689,C4817
5139.2,64,80.3,One year,0.05572651,0,286.3896778345108,C4818
1046.75,53,19.75,Two year,0.010216839,0,10.69447588850744,C4819
4889.4,58,84.3,Two year,0.03818159,0,186.68507484421133,C4820
3026.7999999999997,56,54.05,One year,0.07830261,0,237.00633068680762,C4821
7552.8,72,104.9,Two year,0.052977968,0,400.13199676573277,C4822
53.95,1,53.95,Month-to-month,0.38298067,0,20.661807389557364,C4823
7002.0,72,97.25,One year,0.09741182,0,682.0775552541018,C4824
1827.1,22,83.05,Month-to-month,0.4606507,0,841.6549163550138,C4825
844.0,8,105.5,Month-to-month,0.83413374,1,704.0088801383972,C4826
1296.0,16,81.0,Month-to-month,0.44426084,0,575.7620429992676,C4827
1602.9,39,41.1,Month-to-month,0.11091756,0,177.78975813612342,C4828
540.0,12,45.0,Month-to-month,0.22810356,0,123.17592412233353,C4829
4025.7,54,74.55,Two year,0.030212207,0,121.62528077792376,C4830
723.6,18,40.2,One year,0.068282254,0,49.40903902351857,C4831
2256.0,32,70.5,One year,0.05958527,0,134.42436808347702,C4832
809.75,41,19.75,One year,0.023944737,0,19.389251101296395,C4833
1651.55,67,24.65,Two year,0.014719378,0,24.309789071418344,C4834
6776.25,65,104.25,Month-to-month,0.36314243,0,2460.743896588683,C4835
1958.75,25,78.35,Month-to-month,0.112817146,0,220.9805845003575,C4836
69.8,1,69.8,Month-to-month,0.8020253,1,55.98136720657348,C4837
7349.900000000001,67,109.7,One year,0.10186984,0,748.733110921085,C4838
516.25,7,73.75,Month-to-month,0.61557037,1,317.78820164501667,C4839
1438.35,43,33.45,Month-to-month,0.16665933,0,239.71444063335656,C4840
2270.3999999999996,24,94.6,Month-to-month,0.496627,0,1127.5419475078581,C4841
490.95,9,54.55,Month-to-month,0.28405756,0,139.45805789530277,C4842
1393.8,69,20.2,Two year,0.009415751,0,13.123674194142222,C4843
751.1,37,20.3,One year,0.022580668,0,16.960339982807636,C4844
788.0,20,39.4,Two year,0.02805419,0,22.106702350080013,C4845
484.05000000000007,7,69.15,Month-to-month,0.4445607,0,215.18961003720764,C4846
2821.25,37,76.25,Month-to-month,0.4899249,0,1382.2006458044052,C4847
469.5,5,93.9,Month-to-month,0.8527797,1,400.3800627887249,C4848
2105.35,41,51.35,One year,0.13976954,0,294.2637994326651,C4849
5402.7,54,100.05,One year,0.22484487,0,1214.76939509511,C4850
211.2,3,70.4,Month-to-month,0.5575126,1,117.74665718078613,C4851
1400.7,69,20.3,Two year,0.011533628,0,16.155153044778853,C4852
5005.85,53,94.45,One year,0.14790793,0,740.4048995383084,C4853
835.1999999999999,18,46.4,One year,0.08643686,0,72.19206569194793,C4854
6659.2,64,104.05,Two year,0.06767143,0,450.63760724067686,C4855
2825.65,31,91.15,Month-to-month,0.43954468,0,1241.9994186401368,C4856
498.0,20,24.9,Month-to-month,0.18103679,0,90.15631905198097,C4857
3397.2000000000003,57,59.6,One year,0.0314627,0,106.88508163690568,C4858
6835.5,63,108.5,Two year,0.11999167,0,820.2030436657369,C4859
527.15,13,40.55,Two year,0.022478722,0,11.849658321216703,C4860
2829.6000000000004,48,58.95,One year,0.11612168,0,328.5779044389725,C4861
141.9,2,70.95,Month-to-month,0.56505,1,80.1805958390236,C4862
1182.75,57,20.75,Two year,0.011737214,0,13.882190333213657,C4863
8033.650000000001,71,113.15,One year,0.13030642,0,1046.8361928075553,C4864
341.59999999999997,7,48.8,Month-to-month,0.4104271,0,140.20189514160154,C4865
1008.8,16,63.05,Month-to-month,0.28112426,0,283.59815752506256,C4866
3428.8999999999996,34,100.85,Month-to-month,0.43840262,0,1503.2387537926434,C4867
3681.5,37,99.5,Month-to-month,0.55767894,1,2053.0950099229813,C4868
1288.8,16,80.55,Month-to-month,0.34546712,0,445.23802478313445,C4869
3091.2000000000003,48,64.4,One year,0.05490218,0,169.71362199783326,C4870
4361.6,58,75.2,One year,0.07827541,0,341.4060383796692,C4871
6112.8,72,84.9,Two year,0.011454334,0,70.01805013194681,C4872
135.1,7,19.3,Month-to-month,0.09380778,0,12.673430977016686,C4873
3188.2000000000003,38,83.9,Month-to-month,0.27234125,0,868.2783776283264,C4874
5637.6,48,117.45,Month-to-month,0.3954831,0,2229.575560498238,C4875
1044.0,10,104.4,Month-to-month,0.71960574,1,751.268396615982,C4876
2239.5,30,74.65,One year,0.12374818,0,277.1340563893318,C4877
1830.55,31,59.05,Month-to-month,0.18908033,0,346.1209939613938,C4878
3178.6,46,69.1,One year,0.08120627,0,258.1222484305501,C4879
1027.5,50,20.55,Two year,0.010979369,0,11.281301937997341,C4880
2143.4,28,76.55,Month-to-month,0.22203435,0,475.90842587053777,C4881
4125.0,66,62.5,Two year,0.023496578,0,96.9233822543174,C4882
235.2,8,29.4,Month-to-month,0.5297794,1,124.60410890579223,C4883
3890.9,41,94.9,Month-to-month,0.3142938,0,1222.885753363371,C4884
8038.8,72,111.65,Two year,0.034441177,0,276.865732075274,C4885
139.29999999999998,7,19.9,One year,0.031154241,0,4.33978582881391,C4886
777.1,38,20.45,Month-to-month,0.06418071,0,49.87482929155231,C4887
4666.2,44,106.05,One year,0.29131117,0,1359.3162030637263,C4888
5332.150000000001,47,113.45,One year,0.1440306,0,767.992767982185,C4889
4905.15,53,92.55,Month-to-month,0.2572079,0,1261.6433320865035,C4890
262.4,4,65.6,Month-to-month,0.28283912,0,74.21698493957518,C4891
1687.0,20,84.35,Month-to-month,0.5979956,1,1008.8185421824455,C4892
89.3,2,44.65,Month-to-month,0.48258632,0,43.09495875239372,C4893
4052.7,57,71.1,One year,0.060145885,0,243.75322713553905,C4894
3746.6,44,85.15,Month-to-month,0.24511449,0,918.3459496945143,C4895
1192.8000000000002,24,49.7,Month-to-month,0.19996895,0,238.52296231985096,C4896
453.0,15,30.2,Month-to-month,0.20937698,0,94.84777007997036,C4897
75.75,3,25.25,Month-to-month,0.5114243,1,38.740390956401825,C4898
336.2,4,84.05,Month-to-month,0.6795787,1,228.47436617612837,C4899
3170.9,37,85.7,Month-to-month,0.49991995,0,1585.1961725056171,C4900
74.7,1,74.7,Month-to-month,0.7833097,1,58.513234448432925,C4901
1352.4,24,56.35,Month-to-month,0.10046074,0,135.86310199499133,C4902
454.0,5,90.8,Month-to-month,0.83605474,1,379.56885302066803,C4903
3549.15,33,107.55,Month-to-month,0.40931293,0,1452.7129985824229,C4904
1151.3000000000002,58,19.85,Two year,0.015365535,0,17.690340898372234,C4905
6904.8,72,95.9,Two year,0.031180333,0,215.2939656883478,C4906
1693.35,71,23.85,Two year,0.014392654,0,24.371801347704604,C4907
2972.2000000000003,28,106.15,Month-to-month,0.6126912,1,1821.0408548474313,C4908
4276.349999999999,51,83.85,Two year,0.021065535,0,90.08360069906338,C4909
2560.5,30,85.35,One year,0.1655477,0,423.88488261401653,C4910
6105.599999999999,72,84.8,Two year,0.01876395,0,114.56517369747161,C4911
3270.6,36,90.85,Month-to-month,0.37587377,0,1229.3327661931514,C4912
1065.4,14,76.1,Two year,0.022606231,0,24.08467879742384,C4913
5367.599999999999,72,74.55,Two year,0.013500955,0,72.46772582083939,C4914
862.4000000000001,22,39.2,Month-to-month,0.31851673,0,274.68882904052737,C4915
159.1,2,79.55,Month-to-month,0.65593797,1,104.35973097681999,C4916
294.0,15,19.6,Month-to-month,0.11285946,0,33.1806805729866,C4917
997.05,51,19.55,Two year,0.010910651,0,10.878464295621962,C4918
2740.5,70,39.15,Two year,0.020683069,0,56.68194999732077,C4919
1427.1,71,20.1,Two year,0.009333832,0,13.32031191755086,C4920
3898.05,39,99.95,Month-to-month,0.4113038,0,1603.282732464373,C4921
3647.8,61,59.8,Month-to-month,0.07452126,0,271.83864665925506,C4922
2587.0,52,49.75,Month-to-month,0.122235306,0,316.22273560613394,C4923
35.75,1,35.75,Month-to-month,0.7648624,1,27.343831449747086,C4924
6944.0,64,108.5,One year,0.117380545,0,815.0905013084412,C4925
3729.3,62,60.15,Two year,0.01819332,0,67.84834618717433,C4926
571.5,30,19.05,Two year,0.016209722,0,9.263855874538422,C4927
184.0,4,46.0,Month-to-month,0.37168238,0,68.3895571231842,C4928
5292.0,63,84.0,One year,0.09732704,0,515.054688513279,C4929
44.55,1,44.55,Month-to-month,0.5579209,1,24.855374899506568,C4930
1551.75,15,103.45,Month-to-month,0.6502292,1,1008.9931853413582,C4931
2177.55,27,80.65,One year,0.06239515,0,135.8685625942424,C4932
228.8,4,57.2,Month-to-month,0.36334175,0,83.13259210586548,C4933
7974.0,72,110.75,Two year,0.04375026,0,348.8645734414458,C4934
1111.5,45,24.7,One year,0.032752037,0,36.403889179229736,C4935
4367.25,45,97.05,Month-to-month,0.26263866,0,1147.008680395782,C4936
2748.6,36,76.35,One year,0.090271495,0,248.12023193389177,C4937
1519.8000000000002,17,89.4,Month-to-month,0.47098297,0,715.7999159932137,C4938
18.9,1,18.9,Month-to-month,0.21924733,0,4.143774466216564,C4939
1191.2,16,74.45,Month-to-month,0.46472836,0,553.58441696167,C4940
59.400000000000006,3,19.8,Month-to-month,0.19135645,0,11.366573148965836,C4941
203.6,4,50.9,Month-to-month,0.47732213,0,97.18278595209121,C4942
5992.400000000001,71,84.4,Two year,0.010583832,0,63.42255444936455,C4943
244.0,10,24.4,Month-to-month,0.10191688,0,24.86771857738495,C4944
401.0,20,20.05,Two year,0.011872118,0,4.760719453915954,C4945
324.0,4,81.0,Month-to-month,0.6817337,1,220.8817276954651,C4946
2557.1,26,98.35,Month-to-month,0.6725445,1,1719.7634881973265,C4947
222.0,4,55.5,Month-to-month,0.3142444,0,69.76225447654724,C4948
255.0,5,51.0,Month-to-month,0.40098047,0,102.2500205039978,C4949
366.6,4,91.65,Month-to-month,0.8419955,1,308.67554211616516,C4950
2444.7,29,84.3,Month-to-month,0.60026246,1,1467.4616435229777,C4951
200.4,2,100.2,Month-to-month,0.49828404,0,99.85612199306489,C4952
562.5999999999999,29,19.4,Two year,0.013059214,0,7.347113659977912,C4953
90.85,1,90.85,Month-to-month,0.80102813,1,72.77340583205222,C4954
69.4,1,69.4,Month-to-month,0.74378264,1,51.61851518154145,C4955
755.6,8,94.45,Month-to-month,0.7401219,1,559.2361084222794,C4956
265.2,13,20.4,Month-to-month,0.16097786,0,42.69132723212242,C4957
5590.25,59,94.75,Month-to-month,0.22302952,0,1246.7907970324159,C4958
20.15,1,20.15,Month-to-month,0.39687732,0,7.997077970206737,C4959
4785.0,50,95.7,Month-to-month,0.5631283,1,2694.568879902363,C4960
798.3000000000001,18,44.35,Month-to-month,0.20666072,0,164.97725096046926,C4961
1267.35,17,74.55,Month-to-month,0.16536379,0,209.57379748821256,C4962
3459.2,47,73.6,Two year,0.030206598,0,104.4906649827957,C4963
1948.7,26,74.95,Month-to-month,0.39160803,0,763.1265672892332,C4964
287.70000000000005,6,47.95,Month-to-month,0.62091863,1,178.6382902979851,C4965
951.9,19,50.1,Month-to-month,0.1799757,0,171.31887202709913,C4966
190.8,3,63.6,Month-to-month,0.4109271,0,78.40488821268082,C4967
3604.0,68,53.0,Two year,0.07674973,0,276.60601657629013,C4968
39.7,2,19.85,Month-to-month,0.18735945,0,7.4381702542305,C4969
170.45000000000002,7,24.35,One year,0.15500244,0,26.420166747272017,C4970
351.90000000000003,18,19.55,Month-to-month,0.10985676,0,38.65859454497696,C4971
1778.55,71,25.05,Two year,0.011501099,0,20.455279596196487,C4972
1219.4,13,93.8,Month-to-month,0.5554106,1,677.2677143573761,C4973
110.55,3,36.85,Month-to-month,0.5142946,1,56.8552707195282,C4974
7470.0,72,103.75,Two year,0.1220354,0,911.6044311225414,C4975
3745.5,66,56.75,Two year,0.030771615,0,115.25508392136544,C4976
499.2000000000001,24,20.8,One year,0.01917743,0,9.573372745513918,C4977
44.1,1,44.1,Month-to-month,0.6637519,1,29.27145879864693,C4978
1369.2,56,24.45,Two year,0.022109864,0,30.272826171666384,C4979
563.2,22,25.6,One year,0.04014881,0,22.611809539794923,C4980
710.5,14,50.75,Month-to-month,0.57477784,1,408.37965643405914,C4981
6368.400000000001,61,104.4,One year,0.23642272,0,1505.6344345808031,C4982
1572.0,40,39.3,Month-to-month,0.38344333,0,602.7729080915451,C4983
2505.2999999999997,42,59.65,Month-to-month,0.098352976,0,246.40371113196014,C4984
5997.599999999999,72,83.3,Two year,0.013821742,0,82.89727721661329,C4985
954.6,12,79.55,Month-to-month,0.5748839,1,548.784150159359,C4986
1735.95,71,24.45,Two year,0.012436247,0,21.588703727396204,C4987
499.2,26,19.2,One year,0.018255118,0,9.112955045700073,C4988
208.6,7,29.8,Month-to-month,0.23251313,0,48.50223885774612,C4989
273.0,6,45.5,Month-to-month,0.26467243,0,72.25557294487953,C4990
6174.1,58,106.45,One year,0.3217239,0,1986.3555815309287,C4991
1532.55,51,30.05,Month-to-month,0.22262235,0,341.1798822753131,C4992
4726.8,72,65.65,Two year,0.01876065,0,88.67783799692988,C4993
1728.9,18,96.05,Month-to-month,0.55654645,1,962.2131568193436,C4994
525.6999999999999,7,75.1,Month-to-month,0.66031533,1,347.1277715027332,C4995
3480.35,47,74.05,Two year,0.021174893,0,73.69603809788823,C4996
89.4,2,44.7,Month-to-month,0.5543579,1,49.55959503650666,C4997
6866.5,62,110.75,One year,0.08939607,0,613.8380938060582,C4998
315.2,16,19.7,Two year,0.012216634,0,3.850683073699474,C4999
297.0,6,49.5,Month-to-month,0.24426843,0,72.54772438108921,C5000
1045.0,19,55.0,Month-to-month,0.18536809,0,193.70965495705605,C5001
3032.55,69,43.95,Two year,0.02398541,0,72.73695542654023,C5002
817.8499999999999,11,74.35,Month-to-month,0.5691973,1,465.51800943017,C5003
7113.6,64,111.15,Month-to-month,0.2441257,0,1736.612537097931,C5004
4083.3,39,104.7,One year,0.26178,0,1068.9262485712768,C5005
835.5,15,55.7,Month-to-month,0.23144223,0,193.36998146027327,C5006
515.0,25,20.6,Month-to-month,0.06629031,0,34.1395104303956,C5007
117.9,6,19.65,Two year,0.0133187175,0,1.5702767908573152,C5008
7642.8,66,115.8,One year,0.17489779,0,1336.7088290691377,C5009
5407.650000000001,61,88.65,Two year,0.021802237,0,117.89886830477045,C5010
4063.5,43,94.5,Month-to-month,0.36064026,0,1465.461686745286,C5011
241.2,12,20.1,Month-to-month,0.09917315,0,23.920564010739326,C5012
796.9499999999999,23,34.65,Month-to-month,0.34784794,0,277.21741461753845,C5013
3713.3,71,52.3,Month-to-month,0.14482135,0,537.7651033818722,C5014
2210.0,34,65.0,Month-to-month,0.10070059,0,222.54829734563828,C5015
99.25,5,19.85,Month-to-month,0.12952231,0,12.855089139193296,C5016
1453.45,41,35.45,One year,0.060525678,0,87.97104683183134,C5017
1418.4,72,19.7,Two year,0.010043617,0,14.245866832137109,C5018
1338.4,14,95.6,Month-to-month,0.6345801,1,849.3219733715058,C5019
813.85,41,19.85,Two year,0.014292262,0,11.63175707324408,C5020
1882.55,23,81.85,One year,0.05378075,0,101.24494985863566,C5021
7760.3,71,109.3,Two year,0.04013785,0,311.48175540044906,C5022
70.3,1,70.3,Month-to-month,0.77317005,1,54.35385479331016,C5023
1828.8,72,25.4,Two year,0.011351826,0,20.760218784213066,C5024
418.7999999999999,6,69.8,Month-to-month,0.53499794,1,224.05713729858394,C5025
460.0,23,20.0,One year,0.020392401,0,9.38050452619791,C5026
855.5,10,85.55,Month-to-month,0.7321999,1,626.3970206975937,C5027
7912.8,72,109.9,Two year,0.03962253,0,313.5251580834389,C5028
352.09999999999997,7,50.3,Month-to-month,0.28108937,0,98.9715655863285,C5029
567.0,6,94.5,Month-to-month,0.6650276,1,377.0706596374512,C5030
913.5,9,101.5,Month-to-month,0.63858205,1,583.3447034060955,C5031
1069.8000000000002,12,89.15,Month-to-month,0.70326996,1,752.3582015991212,C5032
19.4,1,19.4,Month-to-month,0.3645155,0,7.0716009557247155,C5033
1435.1999999999998,48,29.9,One year,0.09893895,0,141.99718018770216,C5034
1576.0,20,78.8,Month-to-month,0.37465656,0,590.4587354660034,C5035
1365.6,16,85.35,Month-to-month,0.49947378,0,682.0813945055007,C5036
159.3,2,79.65,Month-to-month,0.7115444,1,113.34902204275132,C5037
193.0,10,19.3,One year,0.027498795,0,5.307267380878329,C5038
159.2,2,79.6,Month-to-month,0.7259883,1,115.57734189033508,C5039
1936.0,20,96.8,Month-to-month,0.28177124,0,545.5091257095337,C5040
413.0,20,20.65,One year,0.022678208,0,9.366099741309881,C5041
376.2,19,19.8,One year,0.023425223,0,8.812569007650017,C5042
1721.4,19,90.6,Month-to-month,0.5790728,1,996.8158722281456,C5043
2301.2,22,104.6,Month-to-month,0.58813846,1,1353.4242267131804,C5044
2801.75,35,80.05,Month-to-month,0.28020802,0,785.0728239640594,C5045
45.15,1,45.15,Month-to-month,0.58218396,1,26.28560566306114,C5046
2852.8500000000004,39,73.15,Month-to-month,0.35727912,0,1019.2637428432704,C5047
5351.4,54,99.1,One year,0.2903203,0,1553.6200909674167,C5048
20.2,1,20.2,Month-to-month,0.4165852,0,8.415021181106567,C5049
6999.3,66,106.05,Two year,0.16130787,0,1129.0421838819982,C5050
5899.599999999999,56,105.35,Month-to-month,0.22971626,0,1355.2340254366397,C5051
821.6999999999999,18,45.65,Month-to-month,0.20389065,0,167.53694830834866,C5052
1279.2,16,79.95,Month-to-month,0.39016908,0,499.10429234504704,C5053
3702.6,68,54.45,One year,0.043333802,0,160.44773666337133,C5054
1330.3000000000002,53,25.1,Two year,0.021837614,0,29.050578538328413,C5055
6098.400000000001,72,84.7,Two year,0.013356644,0,81.45415611639619,C5056
682.65,9,75.85,Month-to-month,0.6376535,1,435.2941820114851,C5057
1464.0,30,48.8,Month-to-month,0.14658387,0,214.5987857580185,C5058
3569.4,36,99.15,Month-to-month,0.54546005,1,1946.9650858283044,C5059
633.6,18,35.2,Month-to-month,0.35644856,0,225.84580821990969,C5060
4193.75,55,76.25,One year,0.070686474,0,296.44140219315886,C5061
2180.1,39,55.9,Month-to-month,0.26850927,0,585.3770568251609,C5062
1729.35,21,82.35,Month-to-month,0.51325846,1,887.60351293087,C5063
80.8,2,40.4,Month-to-month,0.610379,1,49.31862163543701,C5064
821.6999999999999,33,24.9,One year,0.038496282,0,31.63239487968385,C5065
2389.2,44,54.3,Two year,0.028679581,0,68.52125578299164,C5066
1989.0,30,66.3,Month-to-month,0.09177612,0,182.5426980704069,C5067
1483.9,71,20.9,Two year,0.012043245,0,17.870971458405258,C5068
301.4,4,75.35,Month-to-month,0.61396194,1,185.04812722206114,C5069
2980.25,35,85.15,One year,0.3082472,0,918.6537434160709,C5070
75.35,1,75.35,Month-to-month,0.59967965,1,45.18586154282093,C5071
2402.35,23,104.45,Month-to-month,0.73834074,1,1773.7528657734395,C5072
1087.9,22,49.45,One year,0.16610365,0,180.7041566565633,C5073
953.05,49,19.45,One year,0.017865064,0,17.026298885513096,C5074
3870.3,42,92.15,Month-to-month,0.32228026,0,1247.3212823063136,C5075
3095.4,33,93.8,One year,0.38928962,0,1205.0070821285249,C5076
138.95000000000002,7,19.85,Two year,0.014547222,0,2.0213365377392623,C5077
6716.75,67,100.25,One year,0.12871084,0,864.5185088589787,C5078
1435.5,15,95.7,Month-to-month,0.2764202,0,396.801205471158,C5079
6241.05,67,93.15,Two year,0.049500093,0,308.9325545690954,C5080
3694.1,53,69.7,Two year,0.018118992,0,66.9333700016141,C5081
415.8,21,19.8,One year,0.022136543,0,9.204374556988478,C5082
2854.0,40,71.35,Month-to-month,0.10038619,0,286.50217893719673,C5083
456.5,22,20.75,One year,0.026589887,0,12.138283514417708,C5084
1583.4,39,40.6,Month-to-month,0.2095743,0,331.83994198143483,C5085
918.0,45,20.4,One year,0.029847719,0,27.400205835700035,C5086
40.7,2,20.35,Month-to-month,0.16317546,0,6.641241371631623,C5087
1125.75,57,19.75,Two year,0.011038665,0,12.42677681799978,C5088
435.2,8,54.4,Month-to-month,0.41388884,0,180.1244239807129,C5089
662.9,7,94.7,Month-to-month,0.7336327,1,486.3251060605049,C5090
183.0,6,30.5,Month-to-month,0.29418918,0,53.83662083745003,C5091
143.15,7,20.45,Month-to-month,0.10597131,0,15.169792534410954,C5092
3241.3500000000004,49,66.15,Two year,0.024584996,0,79.68857543198392,C5093
5840.25,65,89.85,One year,0.09901403,0,578.2666823230684,C5094
2477.75,55,45.05,One year,0.06308036,0,156.2973693627864,C5095
6166.349999999999,71,86.85,Two year,0.012790285,0,78.86937422342598,C5096
3386.25,35,96.75,Month-to-month,0.13177018,0,446.20676754042506,C5097
231.0,3,77.0,Month-to-month,0.75022554,1,173.30210065841675,C5098
221.1,11,20.1,Month-to-month,0.09096929,0,20.113309324532747,C5099
75.3,1,75.3,Month-to-month,0.67827356,1,51.07399896383286,C5100
1813.05,17,106.65,Month-to-month,0.3649305,0,661.6372620999813,C5101
7930.8,72,110.15,Two year,0.03202728,0,254.00196666419507,C5102
2319.7999999999997,28,82.85,One year,0.117465004,0,272.4953170329332,C5103
361.8,18,20.1,Two year,0.012946734,0,4.684128435328603,C5104
3968.0,40,99.2,One year,0.28445607,0,1128.7217025756836,C5105
3091.4,52,59.45,Month-to-month,0.21202138,0,655.442896181345,C5106
2754.2000000000003,47,58.6,Month-to-month,0.1912324,0,526.6922709912062,C5107
1143.1,23,49.7,Month-to-month,0.14992781,0,171.38247942179441,C5108
4346.099999999999,66,65.85,Two year,0.020361252,0,88.4920378781855,C5109
588.0,8,73.5,Month-to-month,0.6677753,1,392.65186071395874,C5110
4018.5,47,85.5,Month-to-month,0.40776902,0,1638.6198244392872,C5111
140.35,7,20.05,Month-to-month,0.117941365,0,16.553070528060196,C5112
8069.150000000001,71,113.65,Two year,0.025133897,0,202.8091819038615,C5113
4170.0,50,83.4,Month-to-month,0.32293856,0,1346.653801202774,C5114
3019.9,46,65.65,Two year,0.02142803,0,64.71050774939359,C5115
70.4,1,70.4,Month-to-month,0.7184569,1,50.57936744689942,C5116
4049.1,66,61.35,Two year,0.019783773,0,80.10647334381937,C5117
3607.8,42,85.9,Month-to-month,0.28632712,0,1033.0109966754915,C5118
378.25,5,75.65,Month-to-month,0.57975507,1,219.2923544049263,C5119
348.25,7,49.75,One year,0.23893102,0,83.20772602036595,C5120
2056.1000000000004,29,70.9,One year,0.07005175,0,144.0334073506296,C5121
1345.95,27,49.85,Month-to-month,0.14298652,0,192.4527081079781,C5122
1129.5,15,75.3,Month-to-month,0.48870674,0,551.9942602962255,C5123
502.50000000000006,25,20.1,Two year,0.011918684,0,5.989138477016241,C5124
1034.0,11,94.0,Month-to-month,0.78052133,1,807.05905854702,C5125
5873.849999999999,57,103.05,Month-to-month,0.1534336,0,901.2459867708384,C5126
7929.45,67,118.35,One year,0.33121902,0,2626.3846383601426,C5127
4685.900000000001,47,99.7,Month-to-month,0.5213248,1,2442.875942951441,C5128
1064.7,13,81.9,Month-to-month,0.5449932,1,580.254283207655,C5129
243.6,8,30.45,Month-to-month,0.47108862,0,114.75718735456466,C5130
4228.4,44,96.1,Month-to-month,0.629487,1,2661.7227380037307,C5131
4700.2,71,66.2,One year,0.06670512,0,313.5274171978235,C5132
2502.0,24,104.25,Month-to-month,0.7052202,1,1764.4609966278076,C5133
1203.0,15,80.2,Month-to-month,0.6801891,1,818.2674549221992,C5134
19.75,1,19.75,Month-to-month,0.32292485,0,6.3777658343315125,C5135
145.2,2,72.6,Month-to-month,0.667798,1,96.96426708698272,C5136
6407.5,55,116.5,Month-to-month,0.23237939,0,1488.9709528908134,C5137
7582.8,71,106.8,Two year,0.074070044,0,561.6583285957576,C5138
1247.5,50,24.95,Two year,0.017599039,0,21.954800877720118,C5139
89.25,1,89.25,Month-to-month,0.8661667,1,77.30537894368172,C5140
96.25,5,19.25,Month-to-month,0.118153006,0,11.372226811945438,C5141
6900.3,66,104.55,One year,0.075925164,0,523.9064086295665,C5142
4272.8,49,87.2,One year,0.078705065,0,336.2910015285015,C5143
92.25,3,30.75,Month-to-month,0.5657996,1,52.19501253962517,C5144
1696.2,66,25.7,One year,0.032244653,0,54.693379586935045,C5145
948.2,11,86.2,Month-to-month,0.57622075,1,546.3725159168243,C5146
842.8000000000001,28,30.1,Month-to-month,0.19770536,0,166.6260759472847,C5147
6457.75,65,99.35,Two year,0.0824782,0,532.6236146446317,C5148
1190.4,62,19.2,Two year,0.025009492,0,29.771299767494202,C5149
40.2,2,20.1,Month-to-month,0.18968424,0,7.625306528806687,C5150
40.7,2,20.35,Month-to-month,0.15279825,0,6.218888787925244,C5151
1410.75,55,25.65,Two year,0.016654072,0,23.49473253870383,C5152
3876.55,41,94.55,Month-to-month,0.3903964,0,1513.3911116406323,C5153
1771.4,17,104.2,Month-to-month,0.6814338,1,1207.0918277978897,C5154
2832.0,30,94.4,One year,0.2341828,0,663.2057032585144,C5155
953.7,17,56.1,One year,0.06747043,0,64.34655035734177,C5156
1092.0,16,68.25,Two year,0.023991495,0,26.198712944984436,C5157
1782.0,72,24.75,Two year,0.011655653,0,20.770373459905386,C5158
686.25,9,76.25,Month-to-month,0.6480629,1,444.73315469920635,C5159
74.35,1,74.35,Month-to-month,0.6393773,1,47.537701955437655,C5160
1245.45,23,54.15,Month-to-month,0.08430607,0,104.99899328537286,C5161
155.6,8,19.45,Month-to-month,0.1359667,0,21.156419032812117,C5162
664.0500000000001,19,34.95,Month-to-month,0.171182,0,113.67341148108245,C5163
375.55,7,53.65,Month-to-month,0.36574426,0,137.3552579447627,C5164
69.65,1,69.65,Month-to-month,0.830815,1,57.8662659496069,C5165
6344.0,61,104.0,One year,0.30404487,0,1928.8606712818146,C5166
4009.95,57,70.35,Two year,0.022115,0,88.68004261516035,C5167
727.1999999999999,9,80.8,Month-to-month,0.5988218,1,435.46322665214535,C5168
972.75,15,64.85,One year,0.094235525,0,91.6676064915955,C5169
19.65,1,19.65,Month-to-month,0.33091357,0,6.502451719343662,C5170
550.8,12,45.9,Month-to-month,0.22905615,0,126.16412726640701,C5171
1080.0,54,20.0,Two year,0.011253768,0,12.154069058597088,C5172
179.2,4,44.8,Month-to-month,0.34029648,0,60.981128692626946,C5173
562.1,7,80.3,Month-to-month,0.68522984,1,385.1676918804646,C5174
407.0,20,20.35,One year,0.023043929,0,9.3788789678365,C5175
1190.8,26,45.8,Month-to-month,0.12918314,0,153.83128713369368,C5176
3027.6,36,84.1,Month-to-month,0.5582328,1,1690.105577659607,C5177
5774.35,53,108.95,One year,0.26294395,0,1518.330416597426,C5178
208.05,3,69.35,Month-to-month,0.39653566,0,82.49924506098033,C5179
4375.799999999999,68,64.35,Two year,0.027644733,0,120.96782251708207,C5180
6537.599999999999,72,90.8,Two year,0.011266435,0,73.65544261336326,C5181
299.4,12,24.95,One year,0.047614787,0,14.255867160111665,C5182
2706.3999999999996,34,79.6,Month-to-month,0.34540224,0,934.7966243743895,C5183
5759.6,68,84.7,Two year,0.022542369,0,129.83502630740404,C5184
3540.0,50,70.8,One year,0.047445234,0,167.95612804591656,C5185
36.45,1,36.45,Month-to-month,0.82598954,1,30.107318893074993,C5186
4280.400000000001,41,104.4,Month-to-month,0.5865029,1,2510.467054510117,C5187
3045.0,30,101.5,Month-to-month,0.499339,0,1520.4872985184193,C5188
54.3,1,54.3,Month-to-month,0.353565,0,19.198579904437064,C5189
3014.55,29,103.95,Month-to-month,0.5475627,1,1650.6551927268506,C5190
2095.2999999999997,23,91.1,Two year,0.02600666,0,54.491753635369236,C5191
1197.0,60,19.95,Two year,0.011495674,0,13.760321812704206,C5192
1904.4,72,26.45,Two year,0.012422147,0,23.65673714093864,C5193
1966.8,22,89.4,Month-to-month,0.47235557,0,929.0289436697959,C5194
5407.2,72,75.1,Two year,0.015543458,0,84.04658637866378,C5195
7134.599999999999,66,108.1,One year,0.13396719,0,955.8023207724094,C5196
7930.8,72,110.15,Two year,0.041075353,0,325.76040623635055,C5197
3776.45,47,80.35,Month-to-month,0.39560232,0,1493.972364990413,C5198
5686.5,51,111.5,One year,0.33035251,0,1878.549576446414,C5199
7455.0,70,106.5,One year,0.14352873,0,1070.0066797435284,C5200
179.1,9,19.9,One year,0.049176797,0,8.807564391195774,C5201
6554.9,59,111.1,Two year,0.07349586,0,481.7579957865178,C5202
212.1,3,70.7,Month-to-month,0.24183099,0,51.292352919280525,C5203
944.3,38,24.85,Month-to-month,0.30163082,0,284.82998786270616,C5204
3374.4,37,91.2,Month-to-month,0.18295698,0,617.3700288534164,C5205
2427.2,37,65.6,Two year,0.022494387,0,54.598375838994976,C5206
975.6,24,40.65,Month-to-month,0.37279674,0,363.70050355196,C5207
832.3000000000001,14,59.45,Month-to-month,0.14041457,0,116.86704311668873,C5208
7916.400000000001,72,109.95,Two year,0.035055727,0,277.5151553750038,C5209
3203.8500000000004,53,60.45,One year,0.15987647,0,512.2202149450779,C5210
679.2,8,84.9,Month-to-month,0.7851978,1,533.3063419818878,C5211
2772.0,72,38.5,Two year,0.01543397,0,42.78296458348632,C5212
1573.35,17,92.55,Month-to-month,0.6639339,1,1044.6003593623639,C5213
147.1,2,73.55,Month-to-month,0.5236634,1,77.03088637590407,C5214
161.2,8,20.15,Month-to-month,0.16545828,0,26.67187423110008,C5215
1665.6,48,34.7,One year,0.067541555,0,112.49721329212188,C5216
245.0,10,24.5,Month-to-month,0.13247097,0,32.45538651943207,C5217
0.0,0,19.7,One year,0.043466788,0,0.0,C5218
20.6,1,20.6,Month-to-month,0.388679,0,8.006787353754044,C5219
1682.0,29,58.0,One year,0.05146358,0,86.56174428761005,C5220
6984.25,65,107.45,One year,0.16052355,0,1121.1365951634943,C5221
524.0,8,65.5,Month-to-month,0.19454478,0,101.94146329164505,C5222
1552.45,61,25.45,Two year,0.01190777,0,18.486217999784277,C5223
4506.75,45,100.15,One year,0.2608366,0,1175.525352716446,C5224
7520.400000000001,72,104.45,One year,0.111886874,0,841.434046036005,C5225
253.8,12,21.15,Month-to-month,0.17974602,0,45.619539079070094,C5226
673.4,7,96.2,Month-to-month,0.75167614,1,506.17871416807174,C5227
399.6,9,44.4,Month-to-month,0.26857778,0,107.32368260622025,C5228
4624.65,43,107.55,One year,0.44132742,0,2040.9848661169408,C5229
5472.299999999999,58,94.35,Two year,0.063112505,0,345.37055990919464,C5230
1580.0,16,98.75,Month-to-month,0.7440538,1,1175.6049740314484,C5231
40.6,2,20.3,Month-to-month,0.15334308,0,6.2257291078567505,C5232
809.2,8,101.15,Month-to-month,0.6420492,1,519.5462072849274,C5233
4230.0,40,105.75,One year,0.20781507,0,879.0577290952206,C5234
730.35,9,81.15,Month-to-month,0.6050976,1,441.933026227355,C5235
3671.55,41,89.55,One year,0.21258369,0,780.5116502568126,C5236
1423.5,26,54.75,Month-to-month,0.14877324,0,211.7787043824792,C5237
1773.75,33,53.75,One year,0.0692105,0,122.76212353259325,C5238
7191.0,68,105.75,One year,0.10940379,0,786.7226470112801,C5239
6880.25,65,105.85,Two year,0.061933804,0,426.1200570585206,C5240
3531.0,55,64.2,One year,0.07682651,0,271.274416744709,C5241
1774.0,20,88.7,Month-to-month,0.61220866,1,1086.0581706762314,C5242
1666.3,19,87.7,One year,0.15395556,0,256.5361561313271,C5243
4018.5,45,89.3,Month-to-month,0.39011613,0,1567.6816496998072,C5244
1410.5,70,20.15,Two year,0.012055028,0,17.003617318347096,C5245
159.5,2,79.75,Month-to-month,0.7223939,1,115.22182232141495,C5246
2552.85,27,94.55,Month-to-month,0.5108918,1,1304.2301192700863,C5247
240.6,12,20.05,Two year,0.02500572,0,6.016376365721226,C5248
4838.400000000001,72,67.2,Two year,0.021212876,0,102.63637847900392,C5249
1134.6,12,94.55,Month-to-month,0.6592495,1,747.9844651579856,C5250
345.25,5,69.05,Month-to-month,0.50006765,1,172.64835660159588,C5251
7632.5,71,107.5,Month-to-month,0.2820785,0,2152.9641860723495,C5252
2555.0,35,73.0,One year,0.099103265,0,253.20884082466364,C5253
8032.5,70,114.75,Two year,0.07213788,0,579.4474997743964,C5254
2357.5499999999997,31,76.05,Month-to-month,0.48301864,0,1138.7405869603156,C5255
5005.0,52,96.25,Two year,0.1485113,0,743.2990837842226,C5256
3740.7,37,101.1,Month-to-month,0.5897111,1,2205.932422739267,C5257
7224.3,69,104.7,One year,0.1387826,0,1002.6071771219373,C5258
2337.0,30,77.9,Month-to-month,0.42129642,0,984.5697281956673,C5259
2991.4500000000003,33,90.65,Month-to-month,0.3562053,0,1065.5703877553344,C5260
5964.3,54,110.45,Two year,0.1559922,0,930.3842486992479,C5261
4053.3,59,68.7,One year,0.04232932,0,171.57342797890306,C5262
2466.75,55,44.85,Month-to-month,0.25144824,0,620.2599555328488,C5263
2056.2000000000003,69,29.8,One year,0.06107886,0,125.59035471975805,C5264
5867.400000000001,66,88.9,One year,0.06623824,0,388.6462458997965,C5265
2173.75,37,58.75,One year,0.043463826,0,94.47949215769768,C5266
178.65,9,19.85,One year,0.036306873,0,6.486222855001688,C5267
5996.1,69,86.9,Two year,0.021020776,0,126.04267294015736,C5268
596.5,10,59.65,Month-to-month,0.23694459,0,141.33744557201862,C5269
2210.0,40,55.25,Month-to-month,0.11867969,0,262.28210911154747,C5270
863.2,13,66.4,Month-to-month,0.21779245,0,187.99844403266908,C5271
540.5999999999999,6,90.1,Month-to-month,0.81026226,1,438.0277792811393,C5272
1390.35,69,20.15,Two year,0.010002822,0,13.907423128187656,C5273
7134.599999999999,66,108.1,One year,0.11394377,0,812.9432252079248,C5274
591.25,11,53.75,Month-to-month,0.21071534,0,124.58544394001365,C5275
2617.4,46,56.9,One year,0.04916234,0,128.67750719562173,C5276
535.8,6,89.3,Month-to-month,0.6487828,1,347.6178187251091,C5277
6137.599999999999,56,109.6,Month-to-month,0.11685497,0,717.2090831279754,C5278
1760.5,70,25.15,Two year,0.013691132,0,24.10323781007901,C5279
2611.9500000000003,33,79.15,One year,0.11241446,0,293.6209407102317,C5280
4806.0,72,66.75,Two year,0.020775901,0,99.84898094460368,C5281
285.6,3,95.2,Month-to-month,0.816452,1,233.17869873046877,C5282
927.2,19,48.8,Month-to-month,0.16379644,0,151.8720589518547,C5283
228.5,5,45.7,Month-to-month,0.61110353,1,139.63715767860413,C5284
5729.7,71,80.7,Two year,0.020933414,0,119.94218149725347,C5285
596.0,8,74.5,Month-to-month,0.51311535,1,305.8167464733124,C5286
20.55,1,20.55,Month-to-month,0.3288135,0,6.757117286324501,C5287
79.65,1,79.65,Month-to-month,0.87716997,1,69.86658784747124,C5288
7021.099999999999,61,115.1,One year,0.0761524,0,534.6736098989844,C5289
4238.7,71,59.7,Two year,0.016799645,0,71.20865737404674,C5290
5878.6,68,86.45,One year,0.050554633,0,297.19046638011935,C5291
1550.2,46,33.7,One year,0.046025738,0,71.34909923374653,C5292
2643.2999999999997,33,80.1,One year,0.06330929,0,167.34544497504828,C5293
5514.65,53,104.05,Two year,0.10371863,0,571.9719482760876,C5294
5437.5,50,108.75,Month-to-month,0.3090291,0,1680.345743894577,C5295
2342.7000000000003,57,41.1,One year,0.043868363,0,102.77041377425195,C5296
1098.9,54,20.35,Two year,0.013254086,0,14.564914617128672,C5297
6354.0,60,105.9,Month-to-month,0.42354318,0,2691.193397462368,C5298
2836.4,28,101.3,Month-to-month,0.65185726,1,1848.9279234409332,C5299
80.05,1,80.05,Month-to-month,0.8145809,1,65.2072024345398,C5300
2586.8,29,89.2,Month-to-month,0.45946294,0,1188.538734984398,C5301
655.0,10,65.5,Month-to-month,0.2954887,0,193.54508891701698,C5302
1739.35,43,40.45,Month-to-month,0.14885855,0,258.9171140909195,C5303
915.85,13,70.45,Month-to-month,0.3669937,0,336.1111760213971,C5304
3388.4,43,78.8,Two year,0.035373487,0,119.85952192246914,C5305
1589.35,19,83.65,Month-to-month,0.5245627,1,833.7137534439563,C5306
90.1,1,90.1,Month-to-month,0.80102813,1,72.17263473272322,C5307
5689.05,69,82.45,Two year,0.027904253,0,158.74869310688229,C5308
1235.25,61,20.25,Two year,0.011213547,0,13.851533460896462,C5309
2848.75,43,66.25,Month-to-month,0.08332701,0,237.3778205178678,C5310
117.0,6,19.5,Month-to-month,0.1596516,0,18.67923805117607,C5311
51.25,1,51.25,Month-to-month,0.36882132,0,18.902092799544334,C5312
5023.2,56,89.7,Month-to-month,0.24954453,0,1253.5120886564255,C5313
4518.5,70,64.55,Two year,0.035850033,0,161.98837485164404,C5314
45.6,1,45.6,Month-to-month,0.70380586,1,32.093547391891484,C5315
4588.85,49,93.65,One year,0.24548608,0,1126.49880117476,C5316
297.9,6,49.65,Month-to-month,0.27639806,0,82.33898288011551,C5317
2355.2,32,73.6,Two year,0.022852493,0,53.82219257354736,C5318
7902.0,72,109.75,Two year,0.036482427,0,288.2841402813792,C5319
2273.65,37,61.45,Two year,0.020746896,0,47.171180189121515,C5320
7341.6,69,106.4,One year,0.09786229,0,718.465776193142,C5321
2129.4,26,81.9,Month-to-month,0.1206004,0,256.8064967751503,C5322
6101.6,58,105.2,One year,0.25252506,0,1540.806914448738,C5323
1310.4,24,54.6,One year,0.04791894,0,62.7929813683033,C5324
102.75,5,20.55,One year,0.050322462,0,5.170632957480848,C5325
300.0,15,20.0,Month-to-month,0.17280006,0,51.84001922607422,C5326
591.0,30,19.7,Two year,0.01185726,0,7.0076406709849834,C5327
3632.75,55,66.05,One year,0.03673373,0,133.44446356967092,C5328
850.0,25,34.0,Month-to-month,0.32378685,0,275.2188265323639,C5329
925.0,10,92.5,Month-to-month,0.6429841,1,594.7602853178978,C5330
2378.2,44,54.05,Two year,0.026090076,0,62.047419202700254,C5331
2768.2999999999997,47,58.9,One year,0.05260852,0,145.63616534173488,C5332
1148.55,13,88.35,Month-to-month,0.5631989,1,646.8621242344379,C5333
5289.55,49,107.95,Two year,0.2724134,0,1440.9443147584795,C5334
6201.6,64,96.9,One year,0.10217437,0,633.6445821762086,C5335
19.1,1,19.1,Month-to-month,0.2167784,0,4.140467393398286,C5336
1000.0,20,50.0,Month-to-month,0.15363625,0,153.63624691963196,C5337
1679.8,37,45.4,Two year,0.033704143,0,56.61621944084764,C5338
2563.5,30,85.45,Month-to-month,0.46446872,0,1190.6655575037003,C5339
3195.7999999999997,38,84.1,One year,0.16305692,0,521.0973207205534,C5340
74.45,1,74.45,Month-to-month,0.8216379,1,61.170943775773054,C5341
2395.75,37,64.75,Month-to-month,0.29098818,0,697.1349251940846,C5342
3445.0,52,66.25,Two year,0.034219608,0,117.886548563838,C5343
5459.900000000001,71,76.9,Two year,0.016452158,0,89.82713675405832,C5344
2334.7999999999997,26,89.8,Month-to-month,0.40228823,0,939.2625553727149,C5345
4923.599999999999,66,74.6,Two year,0.06059669,0,298.35386082530016,C5346
8420.4,72,116.95,Two year,0.03670612,0,309.0802109599113,C5347
1016.25,25,40.65,One year,0.05706605,0,57.993372729979455,C5348
7890.15,69,114.35,Two year,0.08026023,0,633.2652702324092,C5349
3694.1,53,69.7,Two year,0.018658834,0,68.92759712133557,C5350
1146.0,12,95.5,One year,0.3289046,0,376.9246703982353,C5351
2564.9,26,98.65,Month-to-month,0.52511454,1,1346.8662741184235,C5352
1294.65,21,61.65,Month-to-month,0.12565455,0,162.67866109460593,C5353
89.35,1,89.35,Month-to-month,0.80102813,1,71.57186363339423,C5354
4579.200000000001,48,95.4,Month-to-month,0.23010872,0,1053.7138645648959,C5355
920.4,26,35.4,One year,0.046819575,0,43.0927369505167,C5356
1197.0,60,19.95,Two year,0.011257494,0,13.47522016055882,C5357
346.5,18,19.25,Month-to-month,0.06655725,0,23.062087442725897,C5358
296.5,10,29.65,Month-to-month,0.5018781,1,148.80685153603554,C5359
422.5,5,84.5,Month-to-month,0.66283816,1,280.04912301898,C5360
81.6,4,20.4,One year,0.030497491,0,2.4885952949523924,C5361
1608.75,65,24.75,Two year,0.016414538,0,26.40688804909587,C5362
1774.5,70,25.35,Two year,0.013222007,0,23.46245156507939,C5363
1632.6,18,90.7,Month-to-month,0.44787455,0,731.199983882904,C5364
1240.0,62,20.0,Two year,0.0110104345,0,13.65293875336647,C5365
3943.5,66,59.75,Two year,0.043631967,0,172.0626624841243,C5366
5362.5,65,82.5,Two year,0.034563392,0,185.3461917489767,C5367
210.9,3,70.3,Month-to-month,0.53840107,1,113.54878508448601,C5368
691.9000000000001,34,20.35,Month-to-month,0.07759723,0,53.68952390253545,C5369
1452.8,16,90.8,Month-to-month,0.47362494,0,688.0823196411133,C5370
5613.3,54,103.95,One year,0.40546173,0,2275.9783209979537,C5371
5247.5,50,104.95,Month-to-month,0.5421974,1,2845.180889517069,C5372
7472.75,71,105.25,Two year,0.065021314,0,485.888022152707,C5373
747.5,10,74.75,Month-to-month,0.6842342,1,511.4650659263134,C5374
50.8,1,50.8,Month-to-month,0.5332664,1,27.08993439674377,C5375
427.5,18,23.75,One year,0.04468323,0,19.102080473676324,C5376
245.2,4,61.3,Month-to-month,0.31232065,0,76.58102328777314,C5377
4396.4,58,75.8,Two year,0.017042514,0,74.92570827156305,C5378
5488.0,56,98.0,One year,0.29049385,0,1594.2302265167236,C5379
160.5,2,80.25,Month-to-month,0.7223939,1,115.94421619176865,C5380
2524.8,32,78.9,Month-to-month,0.47772652,0,1206.1639154434206,C5381
2912.0,56,52.0,One year,0.038605224,0,112.41841328144073,C5382
3051.0,36,84.75,Month-to-month,0.5457865,1,1665.1946114301682,C5383
257.6,4,64.4,Month-to-month,0.23418835,0,60.32691845893861,C5384
4528.85,53,85.45,Month-to-month,0.38231277,0,1731.4372095108033,C5385
458.0,10,45.8,Month-to-month,0.2704185,0,123.85167068243027,C5386
122.0,4,30.5,Month-to-month,0.36358353,0,44.357191264629364,C5387
19.9,1,19.9,Month-to-month,0.38023618,0,7.566699954867363,C5388
3526.65,51,69.15,Month-to-month,0.22080202,0,778.6914579637349,C5389
1193.4,12,99.45,Month-to-month,0.8463412,1,1010.0235793948174,C5390
295.5,6,49.25,One year,0.18406458,0,54.39108397811651,C5391
2479.05,63,39.35,Two year,0.019468669,0,48.263803508318965,C5392
70.6,1,70.6,Month-to-month,0.77317005,1,54.58580580949783,C5393
5044.799999999999,48,105.1,Month-to-month,0.42484435,0,2143.254799032211,C5394
405.0,5,81.0,Month-to-month,0.66978496,1,271.2629100680351,C5395
703.5,35,20.1,One year,0.020643424,0,14.522648954764009,C5396
509.1,6,84.85,Month-to-month,0.7415246,1,377.5101622223854,C5397
39.5,2,19.75,Month-to-month,0.14882906,0,5.878747783601284,C5398
987.5,50,19.75,One year,0.022912135,0,22.62573365587741,C5399
2323.2000000000003,33,70.4,Month-to-month,0.4116368,0,956.3146127700807,C5400
633.9499999999999,31,20.45,Two year,0.011348594,0,7.194441153667866,C5401
183.15,9,20.35,Two year,0.014499927,0,2.6556616189889612,C5402
4654.8,54,86.2,Month-to-month,0.12415572,0,577.9200573652982,C5403
4399.900000000001,46,95.65,One year,0.098477095,0,433.2893718987704,C5404
3529.2,34,103.8,One year,0.35799998,0,1263.4535310029983,C5405
6901.2,71,97.2,Two year,0.05218848,0,360.1631272047758,C5406
4003.65,63,63.55,Two year,0.013357215,0,53.47761235199869,C5407
1272.45,51,24.95,Two year,0.019276664,0,24.52859067544341,C5408
2317.9,26,89.15,Month-to-month,0.62618774,1,1451.4405666172504,C5409
6336.0,64,99.0,Two year,0.054809157,0,347.27081751823425,C5410
24.8,1,24.8,Month-to-month,0.80186796,1,19.886325454711915,C5411
5218.55,61,85.55,One year,0.044164006,0,230.4720717733726,C5412
1410.0,15,94.0,Month-to-month,0.4775245,0,673.3095297217369,C5413
6761.6,64,105.65,One year,0.21669073,0,1465.176067209244,C5414
905.4,18,50.3,Month-to-month,0.3469141,0,314.0960375189781,C5415
5415.0,57,95.0,One year,0.28041625,0,1518.4539949893951,C5416
859.6,14,61.4,Two year,0.034362115,0,29.53767402470112,C5417
1449.9,18,80.55,Month-to-month,0.35338798,0,512.3772345989943,C5418
5652.0,72,78.5,Two year,0.034726992,0,196.27696019411087,C5419
8001.0,70,114.3,Two year,0.06632206,0,530.6427895724773,C5420
761.9,38,20.05,Two year,0.011741823,0,8.946094627864658,C5421
4260.2,68,62.65,Two year,0.018615406,0,79.30535266920924,C5422
1051.05,13,80.85,Month-to-month,0.5553416,1,583.6917901217937,C5423
6025.5,65,92.7,Two year,0.029672706,0,178.7928930139169,C5424
3013.5,30,100.45,Month-to-month,0.42771006,0,1288.9042546749115,C5425
3835.2,51,75.2,Two year,0.02472929,0,94.84176961183547,C5426
2627.25,31,84.75,Month-to-month,0.34169945,0,897.7298831865191,C5427
805.0500000000001,9,89.45,Month-to-month,0.5957053,1,479.572528231144,C5428
5724.0,72,79.5,Two year,0.012821709,0,73.39146120473742,C5429
721.5,10,72.15,Month-to-month,0.29743904,0,214.60226646065712,C5430
732.6,37,19.8,One year,0.033508502,0,24.548328526318073,C5431
152.8,2,76.4,Month-to-month,0.34665495,0,52.96887660026551,C5432
5549.5,55,100.9,One year,0.29654676,0,1645.686229199171,C5433
3144.9,33,95.3,Month-to-month,0.2410726,0,758.1492043912411,C5434
4183.7,46,90.95,One year,0.10360085,0,433.43488531336186,C5435
54.5,1,54.5,Month-to-month,0.29489136,0,16.071578979492188,C5436
1232.0,20,61.6,Month-to-month,0.3468119,0,427.27224922180176,C5437
719.1,9,79.9,Month-to-month,0.5946469,1,427.6105650007725,C5438
3076.8,32,96.15,Month-to-month,0.5821506,1,1791.1608999252321,C5439
942.4,19,49.6,Month-to-month,0.19339405,0,182.25455272197723,C5440
4571.0,70,65.3,Two year,0.047178112,0,215.65114981681108,C5441
1525.0,61,25.0,Two year,0.015788583,0,24.07758920453489,C5442
1181.7,26,45.45,Month-to-month,0.22368667,0,264.33053238093856,C5443
4848.75,45,107.75,Month-to-month,0.46454054,0,2252.4409490078688,C5444
5524.2,62,89.1,Two year,0.028541645,0,157.66975550316275,C5445
19.65,1,19.65,Month-to-month,0.3350255,0,6.583250865340232,C5446
134.25,3,44.75,Month-to-month,0.35462773,0,47.60877254605293,C5447
4165.599999999999,41,101.6,One year,0.21092758,0,878.6399098634719,C5448
6911.05,67,103.15,Two year,0.06865238,0,474.4600068353117,C5449
84.65,1,84.65,Month-to-month,0.8924483,1,75.54574910998345,C5450
6791.150000000001,71,95.65,One year,0.03990978,0,271.0333026200533,C5451
2778.7,37,75.1,One year,0.073145986,0,203.25075019598006,C5452
3681.0,60,61.35,Two year,0.016371965,0,60.265204668045044,C5453
69.55,1,69.55,Month-to-month,0.84159136,1,58.532678961753845,C5454
118.2,6,19.7,Month-to-month,0.117742725,0,13.91719006150961,C5455
403.65,13,31.05,Month-to-month,0.46245295,0,186.66913249790667,C5456
561.0,11,51.0,Month-to-month,0.16697979,0,93.67566204071045,C5457
357.0,7,51.0,Month-to-month,0.2759398,0,98.51050588488579,C5458
888.5,10,88.85,Month-to-month,0.61926836,1,550.2199358642101,C5459
681.7,34,20.05,Two year,0.012064756,0,8.224544093105942,C5460
4036.2,62,65.1,Two year,0.016916111,0,68.27680766880512,C5461
4489.6,64,70.15,One year,0.07242197,0,325.1456674575806,C5462
44.35,1,44.35,Month-to-month,0.6033568,1,26.758873131871223,C5463
518.75,25,20.75,Two year,0.011991996,0,6.220848090015352,C5464
1457.3,26,56.05,One year,0.06752405,0,98.40280266478658,C5465
199.5,10,19.95,One year,0.038573317,0,7.695376787334681,C5466
5225.799999999999,53,98.6,One year,0.08612475,0,450.0707080543041,C5467
557.9,7,79.7,Month-to-month,0.7052519,1,393.46001968979834,C5468
2607.0,33,79.0,Month-to-month,0.2790084,0,727.3748688697815,C5469
6350.95,71,89.45,Two year,0.03586793,0,227.795426595211,C5470
2151.8,29,74.2,Month-to-month,0.4615234,0,993.1060815095902,C5471
1944.0,24,81.0,Month-to-month,0.08099545,0,157.45515078306198,C5472
992.0,20,49.6,Month-to-month,0.23879369,0,236.88333654403687,C5473
84.6,1,84.6,Month-to-month,0.9065459,1,76.69378123283386,C5474
2970.0,54,55.0,Month-to-month,0.16735193,0,497.03523606061935,C5475
424.25,5,84.85,Month-to-month,0.73349804,1,311.1865421384573,C5476
6062.400000000001,72,84.2,Two year,0.013821742,0,83.79292607009411,C5477
5527.599999999999,52,106.3,Two year,0.14538084,0,803.6071295559406,C5478
621.4499999999999,9,69.05,Month-to-month,0.44309646,0,275.36229439079756,C5479
45.4,1,45.4,Month-to-month,0.6261607,1,28.427694928646087,C5480
73.65,1,73.65,Month-to-month,0.836274,1,61.591582149267204,C5481
2438.7000000000003,33,73.9,One year,0.10195726,0,248.64317377209667,C5482
4276.25,55,77.75,Month-to-month,0.39514264,0,1689.7287341579795,C5483
6855.15,69,99.35,Two year,0.057295673,0,392.7704299930483,C5484
50.75,1,50.75,Month-to-month,0.48965952,0,24.850220538675785,C5485
4703.4,54,87.1,Two year,0.031895217,0,150.0159615419805,C5486
664.9499999999999,33,20.15,One year,0.018068474,0,12.014631644077598,C5487
4441.5,45,98.7,One year,0.1138332,0,505.590142082423,C5488
277.2,11,25.2,Month-to-month,0.30943477,0,85.77531867027282,C5489
334.20000000000005,6,55.7,Month-to-month,0.26523724,0,88.64228627085687,C5490
1372.35,21,65.35,Month-to-month,0.11701448,0,160.58482521995901,C5491
1644.5,65,25.3,Two year,0.017360056,0,28.5486117945984,C5492
506.1,6,84.35,Month-to-month,0.842237,1,426.2561435222626,C5493
679.6,8,84.95,Month-to-month,0.48544735,0,329.9100171327591,C5494
812.3499999999999,11,73.85,Month-to-month,0.511386,1,415.42439863383765,C5495
1042.75,43,24.25,Two year,0.022114148,0,23.059528206009418,C5496
2538.2,49,51.8,One year,0.117384695,0,297.9458316221833,C5497
46.0,1,46.0,Month-to-month,0.6636134,1,30.526215434074402,C5498
1191.0,15,79.4,Month-to-month,0.6042127,1,719.617327272892,C5499
3630.0,60,60.5,Two year,0.014649592,0,53.17802019417286,C5500
426.7000000000001,17,25.1,Month-to-month,0.18465413,0,78.79191792458298,C5501
1148.8,16,71.8,Month-to-month,0.41126856,0,472.46532411575316,C5502
701.75,35,20.05,One year,0.022455068,0,15.757844183128327,C5503
3889.6,44,88.4,One year,0.19121274,0,743.7410871982574,C5504
363.0,12,30.25,One year,0.09286931,0,33.711560100317,C5505
20.2,1,20.2,Month-to-month,0.3679651,0,7.432895064353943,C5506
1677.2,28,59.9,One year,0.065928824,0,110.57582402527332,C5507
1760.5,70,25.15,Two year,0.013586265,0,23.91861959407106,C5508
230.0,5,46.0,Month-to-month,0.29444644,0,67.72268086671829,C5509
1823.4,18,101.3,Month-to-month,0.4462369,0,813.668378841877,C5510
5386.5,70,76.95,Two year,0.0351636,0,189.40873138792813,C5511
497.7,9,55.3,Month-to-month,0.2600708,0,129.4372375488281,C5512
6194.150000000001,67,92.45,Two year,0.023780731,0,147.30141792343932,C5513
48.45,1,48.45,Month-to-month,0.4603232,0,22.30265974402428,C5514
348.3,18,19.35,Two year,0.019866094,0,6.919360537827015,C5515
207.0,4,51.75,Month-to-month,0.38467684,0,79.62810668349266,C5516
6155.7,71,86.7,One year,0.03866305,0,237.99812640286981,C5517
2832.0,30,94.4,Month-to-month,0.39326152,0,1113.7166304588318,C5518
55.7,1,55.7,Month-to-month,0.3249455,0,18.09946487545967,C5519
4633.75,55,84.25,One year,0.058309447,0,270.19140013027936,C5520
3814.35,59,64.65,Month-to-month,0.1307258,0,498.6339590102434,C5521
70.15,1,70.15,Month-to-month,0.750327,1,52.635438424348834,C5522
484.4,7,69.2,Month-to-month,0.5060224,1,245.11724750995634,C5523
2459.25,45,54.65,Two year,0.017929994,0,44.09433668665588,C5524
1336.5,54,24.75,One year,0.037590288,0,50.23941941186786,C5525
1221.45,51,23.95,One year,0.03525811,0,43.06601920779794,C5526
7560.0,72,105.0,One year,0.09496904,0,717.9659548401833,C5527
2633.4,44,59.85,One year,0.05293171,0,139.3903679519892,C5528
40.1,2,20.05,Month-to-month,0.14511767,0,5.819218578934669,C5529
6081.900000000001,66,92.15,One year,0.08222915,0,500.1094815060497,C5530
3046.3999999999996,68,44.8,One year,0.043737482,0,133.24186601638792,C5531
647.9,31,20.9,Two year,0.012350517,0,8.001900174934416,C5532
2003.4,21,95.4,Month-to-month,0.61285275,1,1227.789203774929,C5533
1687.35,21,80.35,Month-to-month,0.3711549,0,626.2682278811932,C5534
4680.5,55,85.1,Two year,0.025252184,0,118.192846740596,C5535
312.3,9,34.7,Month-to-month,0.33447412,0,104.45626660287381,C5536
8168.55,71,115.05,Two year,0.030376911,0,248.1353176832199,C5537
81.1,1,81.1,Month-to-month,0.87838966,1,71.23740114569664,C5538
438.9,22,19.95,One year,0.021340527,0,9.366357142478227,C5539
20.55,1,20.55,Month-to-month,0.41041675,0,8.434064255654812,C5540
6502.599999999999,61,106.6,Two year,0.14706081,0,956.2776329874991,C5541
5772.05,67,86.15,Two year,0.01894594,0,109.35691204704345,C5542
1103.9,14,78.85,Month-to-month,0.36297128,0,400.6839916259051,C5543
6298.25,59,106.75,Month-to-month,0.16106372,0,1014.4195481352508,C5544
1817.55,21,86.55,Month-to-month,0.32372835,0,588.3924676045775,C5545
169.6,4,42.4,Month-to-month,0.19744405,0,33.48651113510132,C5546
268.35,3,89.45,Month-to-month,0.7092624,1,190.33055727481843,C5547
1697.5,70,24.25,Two year,0.018970724,0,32.20280432142317,C5548
293.70000000000005,3,97.9,Month-to-month,0.75645953,1,222.17216518521312,C5549
430.5,21,20.5,One year,0.030480124,0,13.121693406254053,C5550
392.0,20,19.6,Month-to-month,0.10473853,0,41.05750513076782,C5551
445.5,22,20.25,One year,0.028646903,0,12.76219533663243,C5552
55.7,1,55.7,Month-to-month,0.66820544,1,37.21904301047325,C5553
1297.8000000000002,63,20.6,Two year,0.012607498,0,16.362011026963593,C5554
1386.0,70,19.8,Two year,0.009468882,0,13.123870929703116,C5555
1037.4,13,79.8,Month-to-month,0.55600196,1,576.7964345812798,C5556
401.0,5,80.2,Month-to-month,0.5950886,1,238.63052904605865,C5557
8380.800000000001,72,116.4,Two year,0.03071231,0,257.393729531765,C5558
411.45,13,31.65,Month-to-month,0.46245295,0,190.2762654930353,C5559
5743.150000000001,61,94.15,Month-to-month,0.122691095,0,704.6333615332843,C5560
20.65,1,20.65,Month-to-month,0.35857156,0,7.404502697288989,C5561
4303.599999999999,56,76.85,Month-to-month,0.19965833,0,859.2496073007583,C5562
80.6,4,20.15,Month-to-month,0.12300074,0,9.913859724998474,C5563
1933.75,35,55.25,Two year,0.019298106,0,37.3177133128047,C5564
702.9,18,39.05,Month-to-month,0.55728227,1,391.7137068808079,C5565
5914.8,72,82.15,Two year,0.020176716,0,119.34124067723751,C5566
5047.0,49,103.0,One year,0.13177878,0,665.087485730648,C5567
4184.4,44,95.1,Month-to-month,0.1519409,0,635.781489855051,C5568
251.7,3,83.9,Month-to-month,0.7137238,1,179.64427510499954,C5569
3520.55,37,95.15,Month-to-month,0.35550034,0,1251.5567236125469,C5570
4867.8,61,79.8,One year,0.11037052,0,537.2616015672684,C5571
5236.0,70,74.8,Two year,0.041389488,0,216.71535751223564,C5572
69.85,1,69.85,Month-to-month,0.8360482,1,58.397965779900545,C5573
838.4499999999999,41,20.45,Month-to-month,0.089377224,0,74.93833383619784,C5574
5484.5,70,78.35,One year,0.124858685,0,684.7874569930136,C5575
53.55,1,53.55,Month-to-month,0.62278414,1,33.350090575218196,C5576
974.1,51,19.1,One year,0.024014903,0,23.392917238734665,C5577
840.0,42,20.0,Two year,0.01069665,0,8.985185623168945,C5578
6573.0,70,93.9,Two year,0.109824315,0,721.8752206116915,C5579
957.6,48,19.95,One year,0.022658058,0,21.697355872392656,C5580
7694.200000000001,68,113.15,Two year,0.04933681,0,379.6072809241712,C5581
1152.0,48,24.0,Two year,0.024278017,0,27.96827530860901,C5582
2208.7000000000003,26,84.95,Month-to-month,0.43020037,0,950.1835531681777,C5583
885.5,11,80.5,Month-to-month,0.5822582,1,515.5896577835083,C5584
19.3,1,19.3,Month-to-month,0.33866337,0,6.5362030297517775,C5585
517.05,27,19.15,One year,0.0180017,0,9.307778892014175,C5586
4199.8,46,91.3,One year,0.087891325,0,369.1259882241488,C5587
49.65,1,49.65,Month-to-month,0.51138145,1,25.39008885920048,C5588
2500.1,46,54.35,Two year,0.029649395,0,74.12645367868244,C5589
478.74999999999994,25,19.15,Month-to-month,0.069295794,0,33.175361268222325,C5590
353.8,4,88.45,Month-to-month,0.75343925,1,266.5668058037758,C5591
256.75,13,19.75,Two year,0.012457447,0,3.198449549730867,C5592
2340.5,31,75.5,One year,0.12555891,0,293.8706353008747,C5593
1926.25,23,83.75,Month-to-month,0.5318738,1,1024.5219500362873,C5594
38.8,2,19.4,Month-to-month,0.13630034,0,5.288453203439712,C5595
1722.5,65,26.5,Two year,0.015231211,0,26.235760496929288,C5596
1991.0,22,90.5,Month-to-month,0.43578976,0,867.6574199795723,C5597
1053.25,55,19.15,One year,0.017380198,0,18.30569403199479,C5598
853.65,9,94.85,Month-to-month,0.6087013,1,519.6178550988435,C5599
489.65,7,69.95,Month-to-month,0.52794945,1,258.5104493677616,C5600
1431.5,35,40.9,One year,0.055547837,0,79.51672890596092,C5601
481.5,6,80.25,Two year,0.025638608,0,12.344989878125489,C5602
48.6,1,48.6,Month-to-month,0.44879347,0,21.81136268377304,C5603
1203.6,17,70.8,Month-to-month,0.45553738,0,548.28478910923,C5604
602.0,10,60.2,Month-to-month,0.20175138,0,121.4543314576149,C5605
828.0,15,55.2,One year,0.07568434,0,62.666632533073425,C5606
2232.0,40,55.8,Month-to-month,0.3846415,0,858.5198242664337,C5607
703.9499999999999,13,54.15,One year,0.06570975,0,46.25637666396796,C5608
2324.3500000000004,29,80.15,Month-to-month,0.4102471,0,953.5578177809717,C5609
226.5,3,75.5,Month-to-month,0.7115042,1,161.15570604801178,C5610
5823.200000000001,58,100.4,Month-to-month,0.43584126,0,2537.990838861466,C5611
2814.75,45,62.55,One year,0.051732495,0,145.61404150351882,C5612
5072.400000000001,72,70.45,Two year,0.019057345,0,96.66647497862579,C5613
5814.0,68,85.5,One year,0.05024329,0,292.11447805166245,C5614
20.2,1,20.2,Month-to-month,0.40560016,0,8.193123239278792,C5615
2071.0,38,54.5,Month-to-month,0.101174,0,209.53134763240814,C5616
41.5,2,20.75,Month-to-month,0.17071088,0,7.084501378238201,C5617
223.85,11,20.35,Month-to-month,0.09189328,0,20.570310294255613,C5618
1820.0,20,91.0,One year,0.2127036,0,387.12055295705795,C5619
7545.599999999999,72,104.8,Two year,0.07779209,0,586.988018131256,C5620
224.25,3,74.75,Month-to-month,0.6837421,1,153.3291672617197,C5621
2393.15,23,104.05,Month-to-month,0.5679985,1,1359.30567843318,C5622
2044.0,40,51.1,Month-to-month,0.19146262,0,391.3495975136757,C5623
5567.599999999999,62,89.8,Month-to-month,0.24353495,0,1355.9052009940146,C5624
452.1,22,20.55,Month-to-month,0.1291031,0,58.36750895082951,C5625
704.55,11,64.05,Month-to-month,0.14195044,0,100.01118488833308,C5626
523.9499999999999,7,74.85,Month-to-month,0.73849875,1,386.9364186733961,C5627
1256.45,13,96.65,Month-to-month,0.6497346,1,816.359058624506,C5628
20.05,1,20.05,Month-to-month,0.6016775,1,12.063633421063424,C5629
4034.55,39,103.45,Month-to-month,0.5419429,1,2186.4957048386336,C5630
75.0,3,25.0,Month-to-month,0.44086936,0,33.065202087163925,C5631
1177.4,58,20.3,Two year,0.012977947,0,15.280234267562628,C5632
158.10000000000002,6,26.35,Month-to-month,0.11247523,0,17.782334066927437,C5633
19.9,1,19.9,Month-to-month,0.44567892,0,8.869010499119758,C5634
1203.4,22,54.7,Month-to-month,0.22152084,0,266.57818020582204,C5635
648.9,14,46.35,Month-to-month,0.5352571,1,347.3283328771591,C5636
5776.0,64,90.25,One year,0.13174056,0,760.9334466457367,C5637
19.95,1,19.95,Month-to-month,0.33895287,0,6.762109740078449,C5638
123.9,6,20.65,Month-to-month,0.10290523,0,12.749957840144635,C5639
79.6,1,79.6,Month-to-month,0.8406078,1,66.9123826265335,C5640
992.55,39,25.45,One year,0.0256636,0,25.472405556589365,C5641
390.0,20,19.5,One year,0.021617688,0,8.430898413062096,C5642
75.9,1,75.9,Month-to-month,0.7535323,1,57.19310084581375,C5643
76.2,1,76.2,Month-to-month,0.79211944,1,60.35950158834458,C5644
4233.6,64,66.15,One year,0.051008016,0,215.94753599166873,C5645
19.25,1,19.25,Month-to-month,0.22811028,0,4.391122959554195,C5646
3178.6,46,69.1,Month-to-month,0.17098366,0,543.4886529058218,C5647
1094.8,28,39.1,One year,0.1179676,0,129.15092644393442,C5648
661.65,33,20.05,Month-to-month,0.080469385,0,53.242568445950745,C5649
2332.2,39,59.8,One year,0.07279354,0,169.76910177469253,C5650
3540.6,42,84.3,Month-to-month,0.47140434,0,1669.0542198121548,C5651
48.6,1,48.6,Month-to-month,0.57426006,1,27.909038722515106,C5652
553.0,7,79.0,Month-to-month,0.69878185,1,386.4263619184494,C5653
7374.5,70,105.35,Two year,0.053103928,0,391.61491351760924,C5654
1631.5,65,25.1,Two year,0.017820815,0,29.074659059755504,C5655
49.75,1,49.75,Month-to-month,0.3641797,0,18.117940105497837,C5656
1705.5,18,94.75,Month-to-month,0.6265227,1,1068.5344987213612,C5657
2232.0,24,93.0,Month-to-month,0.63107616,1,1408.5619826316833,C5658
4529.700000000001,63,71.9,Two year,0.026628394,0,120.61863485164942,C5659
3412.2,44,77.55,One year,0.10450949,0,356.60727409422395,C5660
79.4,4,19.85,Month-to-month,0.22707121,0,18.029454132914545,C5661
70.25,1,70.25,Month-to-month,0.77317005,1,54.31519629061222,C5662
3524.25,37,95.25,Month-to-month,0.4730899,0,1667.2870927378535,C5663
846.0,10,84.6,Month-to-month,0.6043757,1,511.3018591403961,C5664
851.7,34,25.05,Month-to-month,0.21273752,0,181.18854200989009,C5665
1860.25,35,53.15,One year,0.06321794,0,117.601169064641,C5666
80.6,4,20.15,Month-to-month,0.16908689,0,13.628403207659721,C5667
3948.75,39,101.25,Month-to-month,0.5286481,1,2087.4990997463465,C5668
4323.65,43,100.55,One year,0.29024306,0,1254.909403760731,C5669
409.7000000000001,17,24.1,Month-to-month,0.12011915,0,49.21281452700497,C5670
1543.3,61,25.3,Two year,0.012563216,0,19.388810587115586,C5671
3518.2,49,71.8,One year,0.13928239,0,490.0233061701059,C5672
78.8,4,19.7,One year,0.030636812,0,2.414180756360292,C5673
3190.4,64,49.85,Two year,0.06292911,0,200.7690285205841,C5674
208.8,3,69.6,Month-to-month,0.5328233,1,111.25351009368897,C5675
19.75,1,19.75,Month-to-month,0.3142444,0,6.2063266932964325,C5676
3232.0,40,80.8,One year,0.15146537,0,489.53607988357544,C5677
60.0,1,60.0,Month-to-month,0.43375695,0,26.0254168510437,C5678
692.4,8,86.55,Month-to-month,0.76111096,1,526.9932296991348,C5679
20.85,1,20.85,Month-to-month,0.67113703,1,13.9932071775198,C5680
2182.8,34,64.2,One year,0.05507531,0,120.21838704049588,C5681
35.0,1,35.0,Month-to-month,0.68703747,1,24.046311378479004,C5682
1979.25,39,50.75,Month-to-month,0.35823843,0,709.0434102639556,C5683
6119.0,58,105.5,One year,0.32143545,0,1966.8635277748108,C5684
864.0,45,19.2,Two year,0.019440234,0,16.796361923217773,C5685
510.9,6,85.15,Month-to-month,0.634488,1,324.15991233587266,C5686
3897.95,43,90.65,One year,0.062168606,0,242.3301162984222,C5687
820.0,41,20.0,Two year,0.012526699,0,10.271893460303545,C5688
373.25,5,74.65,Month-to-month,0.57885027,1,216.05586302280426,C5689
4406.400000000001,72,61.2,Two year,0.016035564,0,70.65911028385163,C5690
79.8,4,19.95,One year,0.03218907,0,2.568687880039215,C5691
493.2,9,54.8,Month-to-month,0.14996518,0,73.96282773613929,C5692
5288.400000000001,72,73.45,Two year,0.06798285,0,359.5205169439316,C5693
1697.85,33,51.45,One year,0.07043968,0,119.59601308330893,C5694
5792.400000000001,72,80.45,Two year,0.028207364,0,163.38833268955352,C5695
1192.4,22,54.2,Month-to-month,0.23461944,0,279.7602186441422,C5696
7665.0,70,109.5,One year,0.2615003,0,2004.3997916579247,C5697
2192.4,21,104.4,Month-to-month,0.5109771,1,1120.2661708116532,C5698
1279.5,15,85.3,Month-to-month,0.37582922,0,480.87348675727844,C5699
2299.7,29,79.3,Month-to-month,0.53129727,1,1221.8243237316608,C5700
1147.5,15,76.5,Month-to-month,0.16621211,0,190.72839818894863,C5701
7462.099999999999,71,105.1,Month-to-month,0.40987033,0,3058.4933635175225,C5702
1828.8,72,25.4,Two year,0.012697494,0,23.221176400780678,C5703
1650.15,19,86.85,Month-to-month,0.5882277,1,970.663921442628,C5704
19.65,1,19.65,Month-to-month,0.3350255,0,6.583250865340232,C5705
75.7,1,75.7,Month-to-month,0.852139,1,64.50692200660706,C5706
91.1,2,45.55,Month-to-month,0.5112121,1,46.57142326831817,C5707
859.0999999999999,11,78.1,Month-to-month,0.53830504,1,462.4578634500503,C5708
231.6,12,19.3,One year,0.023609813,0,5.46803276091814,C5709
7735.0,70,110.5,Two year,0.066918395,0,517.6137888804078,C5710
1816.0,20,90.8,Month-to-month,0.5077312,1,922.0398578643799,C5711
466.9,23,20.3,Month-to-month,0.11371348,0,53.092824060469866,C5712
3986.15,49,81.35,Two year,0.037948895,0,151.26998878400772,C5713
391.8,4,97.95,Month-to-month,0.8437524,1,330.58218412399293,C5714
3460.8,32,108.15,Month-to-month,0.16573359,0,573.5708107709885,C5715
110.6,2,55.3,Month-to-month,0.5561382,1,61.50888684988021,C5716
3901.95,69,56.55,Two year,0.026366508,0,102.88079446451738,C5717
483.0,6,80.5,Month-to-month,0.6657352,1,321.55009442567825,C5718
472.7999999999999,24,19.7,Two year,0.014596851,0,6.901390969008206,C5719
3329.6,32,104.05,One year,0.311767,0,1038.0594427585602,C5720
1426.95,27,52.85,Two year,0.019926181,0,28.433664067927747,C5721
2816.1,27,104.3,Month-to-month,0.6419805,1,1807.8813672423362,C5722
4677.700000000001,58,80.65,Month-to-month,0.17883687,0,836.545213763416,C5723
71.35,1,71.35,Month-to-month,0.74666774,1,53.27474344372749,C5724
443.7,18,24.65,Two year,0.029224662,0,12.96698257829994,C5725
1001.1,47,21.3,Two year,0.01276704,0,12.781083914916962,C5726
7714.0,70,110.2,Two year,0.062271953,0,480.3658425807953,C5727
1162.2,13,89.4,Month-to-month,0.44879228,0,521.5863863825798,C5728
1837.8,36,51.05,Month-to-month,0.12460551,0,229.00000013709067,C5729
1326.6,67,19.8,Two year,0.012816707,0,17.002643071487544,C5730
199.0,10,19.9,Month-to-month,0.11570818,0,23.025927774608135,C5731
1658.7,19,87.3,Month-to-month,0.39783278,0,659.8852339714766,C5732
1409.35,71,19.85,Two year,0.00972786,0,13.709959307219833,C5733
6436.8,72,89.4,Two year,0.010437858,0,67.18640624731779,C5734
960.0,48,20.0,Two year,0.010194153,0,9.786386489868164,C5735
20.05,1,20.05,Month-to-month,0.37813076,0,7.581521813571453,C5736
1498.5,18,83.25,Month-to-month,0.14394256,0,215.69793324172497,C5737
20.6,1,20.6,Month-to-month,0.388679,0,8.006787353754044,C5738
6894.3,67,102.9,Two year,0.07465442,0,514.6899864234031,C5739
2697.9,69,39.1,Two year,0.017801322,0,48.02618673965335,C5740
1899.05,19,99.95,Month-to-month,0.7182846,1,1364.0583827972412,C5741
8244.0,72,114.5,Two year,0.0294302,0,242.6225639730692,C5742
767.6,38,20.2,Two year,0.0136058135,0,10.443822439387441,C5743
2232.0,40,55.8,One year,0.16650626,0,371.641973733902,C5744
1476.2,61,24.2,Two year,0.020061774,0,29.615191043540836,C5745
810.0,10,81.0,Month-to-month,0.6248679,1,506.14301204681396,C5746
2329.6,32,72.8,One year,0.056380734,0,131.34455757141112,C5747
2096.85,21,99.85,Month-to-month,0.62088424,1,1301.9011179596184,C5748
5870.5,59,99.5,One year,0.32945183,0,1934.04696328938,C5749
911.95,13,70.15,Month-to-month,0.47392827,0,432.1988883107901,C5750
951.75,47,20.25,Two year,0.012066869,0,11.484642632771283,C5751
1794.0,69,26.0,Two year,0.013451837,0,24.1325955837965,C5752
39.8,2,19.9,Month-to-month,0.16490008,0,6.56302315890789,C5753
419.1,22,19.05,Month-to-month,0.08800267,0,36.881917668879034,C5754
1447.5,15,96.5,Month-to-month,0.57202816,1,828.0107617378235,C5755
1052.0500000000002,53,19.85,Two year,0.01169377,0,12.302430797833951,C5756
719.6,28,25.7,Month-to-month,0.0977134,0,70.31456508934498,C5757
446.6,22,20.3,One year,0.021910392,0,9.785180954635143,C5758
70.15,1,70.15,Month-to-month,0.750327,1,52.635438424348834,C5759
1464.8,16,91.55,Month-to-month,0.42011118,0,615.3788555145263,C5760
1891.2,48,39.4,Two year,0.018635588,0,35.243623584508896,C5761
3171.0,30,105.7,Month-to-month,0.15679796,0,497.2063324302435,C5762
210.75,3,70.25,Month-to-month,0.54968303,1,115.84569950401783,C5763
5343.75,57,93.75,Two year,0.061823264,0,330.36806574091315,C5764
6565.4,68,96.55,One year,0.17999923,0,1181.7669596910475,C5765
1380.0,23,60.0,One year,0.05608093,0,77.39168331027031,C5766
3887.0,65,59.8,Two year,0.024639418,0,95.77341912128031,C5767
3988.6,44,90.65,One year,0.1773896,0,707.5361858159304,C5768
7739.0,71,109.0,Two year,0.07126939,0,551.5538321733475,C5769
2519.7,37,68.1,One year,0.0619118,0,155.99915997460482,C5770
244.8,12,20.4,Month-to-month,0.094509,0,23.135802733898164,C5771
5654.55,69,81.95,Two year,0.022098465,0,124.95687465118245,C5772
2119.25,35,60.55,Month-to-month,0.10190813,0,215.96880966052413,C5773
328.0,5,65.6,Month-to-month,0.19149914,0,62.81171917915344,C5774
4785.0,58,82.5,Two year,0.057948537,0,277.28375036269426,C5775
5925.599999999999,72,82.3,Two year,0.011003884,0,65.20461239665747,C5776
4906.8,72,68.15,Two year,0.02192266,0,107.57010381370783,C5777
20.3,1,20.3,Month-to-month,0.3000978,0,6.091985204815865,C5778
3726.45,39,95.55,One year,0.24760741,0,922.696632823348,C5779
1070.6,53,20.2,One year,0.018386792,0,19.684899934381246,C5780
2408.4,27,89.2,Month-to-month,0.45482215,0,1095.3936729311943,C5781
69.65,1,69.65,Month-to-month,0.84159136,1,58.616838097572334,C5782
89.3,1,89.3,Month-to-month,0.8745824,1,78.10020920038222,C5783
1346.4,18,74.8,Month-to-month,0.29634213,0,398.9950498580933,C5784
929.2,46,20.2,Two year,0.0110653695,0,10.281941313296556,C5785
6076.8,72,84.4,Two year,0.012095377,0,73.5011860370636,C5786
3151.7999999999997,36,87.55,Month-to-month,0.33428523,0,1053.600186163187,C5787
100.6,4,25.15,Month-to-month,0.4878339,0,49.07608906626701,C5788
495.0,25,19.8,Two year,0.01220067,0,6.039331806823611,C5789
2034.0,40,50.85,Month-to-month,0.28642926,0,582.5971071124077,C5790
6451.200000000001,63,102.4,Month-to-month,0.43246248,0,2789.901974487305,C5791
1444.5,15,96.3,Month-to-month,0.50193477,1,725.0447705984116,C5792
777.0,14,55.5,Month-to-month,0.245849,0,191.02467177808285,C5793
7902.0,72,109.75,Two year,0.04265775,0,337.0815530642867,C5794
4149.6,39,106.4,Month-to-month,0.39461282,0,1637.4853535413743,C5795
2820.0,47,60.0,Two year,0.03088127,0,87.08518356084824,C5796
1687.2,19,88.8,Month-to-month,0.2853017,0,481.3610034942627,C5797
426.0,5,85.2,Month-to-month,0.8363858,1,356.30034506320953,C5798
456.3,13,35.1,Month-to-month,0.52867866,1,241.236070561409,C5799
1360.85,17,80.05,Month-to-month,0.3120916,0,424.7098388552665,C5800
2568.7,34,75.55,Month-to-month,0.47564045,0,1221.777613505721,C5801
2081.1,42,49.55,Month-to-month,0.22652112,0,471.41310174018145,C5802
406.5,5,81.3,Month-to-month,0.77691144,1,315.814499348402,C5803
1696.9,71,23.9,Two year,0.015378701,0,26.09611699599773,C5804
1261.6,19,66.4,Month-to-month,0.14713502,0,185.62554035186767,C5805
39.2,2,19.6,Month-to-month,0.21681686,0,8.49922081232071,C5806
1071.6,57,18.8,Two year,0.017553745,0,18.810592968016863,C5807
7804.8,72,108.4,Two year,0.13296784,0,1037.787433576584,C5808
515.7,6,85.95,Month-to-month,0.69203806,1,356.8840271472931,C5809
1452.65,17,85.45,Month-to-month,0.54379475,1,789.9434452831746,C5810
4934.900000000001,61,80.9,Two year,0.031553905,0,155.71536804102362,C5811
71.0,1,71.0,Month-to-month,0.7512207,1,53.336669921875,C5812
5366.4,48,111.8,Two year,0.10055709,0,539.6295616149902,C5813
329.6,16,20.6,Month-to-month,0.0960947,0,31.672812366485598,C5814
765.4499999999999,9,85.05,Month-to-month,0.805047,1,616.2232074826956,C5815
133.8,3,44.6,Month-to-month,0.40322906,0,53.952047932147984,C5816
44.4,1,44.4,Month-to-month,0.6281868,1,27.89149489402771,C5817
6831.5,65,105.1,Two year,0.079159774,0,540.779995303601,C5818
8060.5,70,115.15,Two year,0.05570477,0,449.00828848592937,C5819
3588.0,60,59.8,One year,0.04074462,0,146.19170124828815,C5820
1814.7,69,26.3,One year,0.05120142,0,92.91522008143366,C5821
2469.25,35,70.55,Month-to-month,0.46810237,0,1155.8617665842175,C5822
441.1,22,20.05,Month-to-month,0.095494054,0,42.122427333146334,C5823
5270.099999999999,66,79.85,Two year,0.066301376,0,349.414879694581,C5824
70.3,1,70.3,Month-to-month,0.7636554,1,53.684976315498346,C5825
79.35,1,79.35,Month-to-month,0.8724994,1,69.23282789289951,C5826
3061.7,34,90.05,Month-to-month,0.34566134,0,1058.311331242323,C5827
1760.4,72,24.45,Two year,0.013652436,0,24.033749100565913,C5828
1858.45,31,59.95,One year,0.114074625,0,212.00198697037996,C5829
760.5,30,25.35,One year,0.042230345,0,32.1161776073277,C5830
817.1999999999999,9,90.8,Month-to-month,0.70497316,1,576.1040673494339,C5831
1409.0,20,70.45,Month-to-month,0.4048055,0,570.3709653317928,C5832
651.6999999999999,19,34.3,Month-to-month,0.23647451,0,154.11044077873228,C5833
6828.25,65,105.05,Month-to-month,0.34343243,0,2345.0424659252167,C5834
579.0,30,19.3,Two year,0.016649973,0,9.640334162861109,C5835
114.9,6,19.15,One year,0.0223616,0,2.5693479286506773,C5836
102.8,2,51.4,Month-to-month,0.4388521,0,45.11399604082107,C5837
3808.05,53,71.85,Month-to-month,0.07196529,0,274.0474305666983,C5838
527.8000000000001,7,75.4,Month-to-month,0.66171765,1,349.2545773983002,C5839
3031.7000000000003,61,49.7,One year,0.04472525,0,135.59354179762306,C5840
3167.5,70,45.25,One year,0.35066032,0,1110.716576576233,C5841
1023.75,13,78.75,Month-to-month,0.31563523,0,323.13157092779875,C5842
2856.0,35,81.6,One year,0.073121145,0,208.8339911699295,C5843
140.8,2,70.4,Month-to-month,0.50318676,1,70.84869613647462,C5844
227.4,3,75.8,Month-to-month,0.72871965,1,165.71084879636766,C5845
228.3,3,76.1,Month-to-month,0.6470062,1,147.71151857972146,C5846
5828.0,62,94.0,One year,0.20651923,0,1203.5940794348717,C5847
7484.400000000001,72,103.95,Two year,0.046154436,0,345.43825873285533,C5848
1256.85,63,19.95,Two year,0.012777304,0,16.05915488032624,C5849
1426.0,20,71.3,Month-to-month,0.3493644,0,498.1936342716217,C5850
3878.0,35,110.8,One year,0.13868324,0,537.8136225044727,C5851
1451.1,21,69.1,Month-to-month,0.38920438,0,564.7744800209998,C5852
5958.2,62,96.1,One year,0.12742825,0,759.242990359664,C5853
732.0,15,48.8,Month-to-month,0.27256364,0,199.51658177375793,C5854
2780.25,55,50.55,Month-to-month,0.12278094,0,341.3617124017328,C5855
491.15,11,44.65,Month-to-month,0.24893905,0,122.2664154998958,C5856
1500.25,17,88.25,Month-to-month,0.5020392,1,753.1843009591103,C5857
1186.45,61,19.45,One year,0.024761112,0,29.37782181510702,C5858
6340.3,71,89.3,Two year,0.01226511,0,77.76447939556093,C5859
140.0,2,70.0,Month-to-month,0.49760234,0,69.66432809829712,C5860
673.75,35,19.25,Two year,0.016767588,0,11.297162086702883,C5861
1198.5,17,70.5,Month-to-month,0.3263146,0,391.08804608881474,C5862
2044.35,21,97.35,Month-to-month,0.67572963,1,1381.4278739511967,C5863
923.55,47,19.65,Two year,0.012110092,0,11.184275231882928,C5864
62.55,3,20.85,Month-to-month,0.19146629,0,11.976216237992048,C5865
58.95,3,19.65,Month-to-month,0.17549622,0,10.345502203702926,C5866
851.4000000000001,44,19.35,Two year,0.027271189,0,23.21869014054537,C5867
44.0,1,44.0,Month-to-month,0.61003065,1,26.84134864807129,C5868
4153.6,44,94.4,One year,0.17208914,0,714.7894709587098,C5869
129.5,5,25.9,Month-to-month,0.17642537,0,22.8470851033926,C5870
1335.6,24,55.65,Month-to-month,0.12776817,0,170.64717294573782,C5871
69.65,1,69.65,Month-to-month,0.8084553,1,56.30891083776951,C5872
1357.2,18,75.4,Month-to-month,0.3664952,0,497.4072746515274,C5873
1006.0,10,100.6,Month-to-month,0.8236468,1,828.5886645317078,C5874
4615.0,65,71.0,Two year,0.03707049,0,171.08031328767538,C5875
86.0,1,86.0,Month-to-month,0.880751,1,75.74458718299866,C5876
5668.35,53,106.95,One year,0.348978,0,1978.1295188561082,C5877
63.599999999999994,3,21.2,One year,0.03482159,0,2.214653031527996,C5878
2014.65,33,61.05,Two year,0.020969369,0,42.245938283577566,C5879
88.80000000000001,3,29.6,Month-to-month,0.623393,1,55.35729832649232,C5880
2718.3,34,79.95,One year,0.09466904,0,257.3388421006501,C5881
275.8,14,19.7,Two year,0.014725515,0,4.06129695083946,C5882
263.90000000000003,13,20.3,Month-to-month,0.106380865,0,28.073910267651083,C5883
2755.4,46,59.9,One year,0.09204121,0,253.6103482156992,C5884
560.0500000000001,23,24.35,One year,0.03480737,0,19.49386707171798,C5885
928.25,47,19.75,Two year,0.010194153,0,9.462722145020962,C5886
855.0999999999999,17,50.3,Month-to-month,0.17771454,0,151.96370448321102,C5887
4684.4,49,95.6,Month-to-month,0.4900229,0,2295.4632620811462,C5888
2964.75,59,50.25,Month-to-month,0.3559324,0,1055.2506259828806,C5889
5889.15,69,85.35,Two year,0.018929046,0,111.47598917428404,C5890
457.6,11,41.6,One year,0.17596667,0,80.52234597206116,C5891
516.5,10,51.65,Month-to-month,0.20087808,0,103.75353023409843,C5892
288.0,12,24.0,Two year,0.031943083,0,9.199607849121094,C5893
4538.25,45,100.85,Month-to-month,0.5153489,1,2338.7821966409683,C5894
2334.15,39,59.85,Month-to-month,0.17987081,0,419.84546069651844,C5895
1806.95,71,25.45,Two year,0.011835753,0,21.386613858724015,C5896
1696.9,71,23.9,Two year,0.014833963,0,25.17175104226917,C5897
796.9499999999999,33,24.15,One year,0.03709613,0,29.563762073032557,C5898
5071.900000000001,67,75.7,Month-to-month,0.23358624,0,1184.7260346010328,C5899
1487.4,37,40.2,Month-to-month,0.1068795,0,158.9725720703602,C5900
4140.5,49,84.5,Month-to-month,0.5320884,1,2203.112015783787,C5901
457.65,9,50.85,Month-to-month,0.2150518,0,98.41845627576112,C5902
4763.2,52,91.6,Two year,0.033417292,0,159.17324496507644,C5903
6923.0,70,98.9,One year,0.1983056,0,1372.86971616745,C5904
85.0,1,85.0,Month-to-month,0.8776371,1,74.5991525053978,C5905
1105.3,14,78.95,Month-to-month,0.68835455,1,760.8382860958576,C5906
44.3,1,44.3,Month-to-month,0.60233814,1,26.68357939124107,C5907
20.2,1,20.2,Month-to-month,0.3679651,0,7.432895064353943,C5908
4170.400000000001,52,80.2,One year,0.069015205,0,287.82101054191594,C5909
365.4,6,60.9,Month-to-month,0.2015193,0,73.6351506024599,C5910
239.40000000000003,7,34.2,Month-to-month,0.1945058,0,46.564687523245816,C5911
4004.4,47,85.2,Month-to-month,0.43563783,0,1744.4681332111359,C5912
2265.9,26,87.15,One year,0.059012532,0,133.71649678945542,C5913
1357.5,25,54.3,Month-to-month,0.09230058,0,125.29803592711687,C5914
1317.9,69,19.1,Two year,0.022687918,0,29.900406572408976,C5915
8118.0,72,112.75,Two year,0.02708302,0,219.8599616959691,C5916
79.8,4,19.95,Month-to-month,0.13936469,0,11.12130222916603,C5917
1150.5,59,19.5,Two year,0.013583517,0,15.627835965715349,C5918
4391.849999999999,67,65.55,Two year,0.019478284,0,85.54570080600678,C5919
2048.7999999999997,26,78.8,Month-to-month,0.37288734,0,763.9715886831283,C5920
2111.4,27,78.2,One year,0.09828183,0,207.5122570216656,C5921
7578.0,72,105.25,Two year,0.044948384,0,340.6188552081585,C5922
535.5,6,89.25,Month-to-month,0.66002536,1,353.4435793161392,C5923
1280.3,62,20.65,Two year,0.011296746,0,14.46322431480512,C5924
1374.0,20,68.7,One year,0.11320926,0,155.54952666163445,C5925
471.9,6,78.65,Month-to-month,0.14807732,0,69.87768921107053,C5926
1262.25,51,24.75,Two year,0.01887338,0,23.82292453246191,C5927
1204.75,61,19.75,Two year,0.010600078,0,12.770443873712793,C5928
5524.2,62,89.1,Month-to-month,0.13345735,0,737.2450804442167,C5929
6098.400000000001,72,84.7,Two year,0.01818272,0,110.8854943200946,C5930
1274.0,13,98.0,Month-to-month,0.7125001,1,907.7251214981079,C5931
472.25,5,94.45,Month-to-month,0.7773453,1,367.1013177931309,C5932
315.0,3,105.0,Month-to-month,0.8559175,1,269.6140167117119,C5933
2440.1,26,93.85,Month-to-month,0.5636149,1,1375.2767293989657,C5934
778.6999999999999,13,59.9,Month-to-month,0.3732223,0,290.62819836735724,C5935
758.1,38,19.95,Two year,0.013023045,0,9.87277034930885,C5936
672.0,8,84.0,Month-to-month,0.780551,1,524.5302829742432,C5937
3702.6,34,108.9,Month-to-month,0.2994899,0,1108.8912503063677,C5938
604.8000000000001,18,33.6,Month-to-month,0.14770319,0,89.33088669776917,C5939
4807.599999999999,56,85.85,One year,0.041853968,0,201.2171368166804,C5940
1254.6,36,34.85,Month-to-month,0.14408696,0,180.77149622440336,C5941
438.75,9,48.75,Month-to-month,0.6081222,1,266.81362822651863,C5942
84.85,1,84.85,Month-to-month,0.87696797,1,74.41073196232318,C5943
679.8,12,56.65,Month-to-month,0.14033277,0,95.3982193082571,C5944
5432.099999999999,57,95.3,Month-to-month,0.23760924,0,1290.7171386569737,C5945
3103.8,42,73.9,One year,0.1439342,0,446.74298602044587,C5946
808.5,33,24.5,Two year,0.03484902,0,28.1754339504987,C5947
5922.0,70,84.6,Two year,0.019706376,0,116.70115806162357,C5948
3056.6000000000004,68,44.95,Month-to-month,0.16922572,0,517.2553435504437,C5949
24.7,1,24.7,Month-to-month,0.6877401,1,16.987180161476136,C5950
3711.1,37,100.3,Month-to-month,0.34983343,0,1298.2668378412723,C5951
101.8,4,25.45,Month-to-month,0.17087734,0,17.3953129529953,C5952
50.7,1,50.7,Month-to-month,0.48965952,0,24.825737562775615,C5953
1100.0,20,55.0,Month-to-month,0.26772693,0,294.49962079524994,C5954
4924.8,72,68.4,Two year,0.02391804,0,117.79156386852264,C5955
2786.9,31,89.9,Month-to-month,0.48402566,0,1348.9311039865017,C5956
1413.9,18,78.55,Month-to-month,0.3846171,0,543.8101038694382,C5957
605.55,11,55.05,Month-to-month,0.24672993,0,149.40730625018477,C5958
653.4,33,19.8,Two year,0.012304476,0,8.03974492046982,C5959
5235.900000000001,62,84.45,One year,0.24498223,0,1282.7024459257723,C5960
35.9,1,35.9,Month-to-month,0.3698819,0,13.278760144114495,C5961
1292.0,16,80.75,Month-to-month,0.25162476,0,325.0991938114166,C5962
1730.3000000000002,22,78.65,One year,0.1355488,0,234.54008903801443,C5963
3025.75,49,61.75,Month-to-month,0.071226634,0,215.51398808322847,C5964
2293.2000000000003,36,63.7,One year,0.06384409,0,146.40727221071722,C5965
4176.900000000001,42,99.45,Month-to-month,0.45749882,0,1910.9268155604602,C5966
100.8,4,25.2,Month-to-month,0.37318707,0,37.61725616455078,C5967
888.5999999999999,12,74.05,One year,0.13286574,0,118.06449820697307,C5968
2715.6,31,87.6,Month-to-month,0.23470019,0,637.3518306434154,C5969
445.75,5,89.15,Month-to-month,0.6233768,1,277.87020267546177,C5970
1320.0,66,20.0,Two year,0.010658679,0,14.06945575028658,C5971
825.0,15,55.0,Month-to-month,0.30429274,0,251.04150921106339,C5972
6681.6,64,104.4,Two year,0.09642834,0,644.2956110000611,C5973
200.5,10,20.05,Month-to-month,0.09722426,0,19.493463706225157,C5974
628.25,7,89.75,Month-to-month,0.6841808,1,429.8365851789713,C5975
994.7,29,34.3,Month-to-month,0.13013293,0,129.44322396963835,C5976
1177.05,57,20.65,Two year,0.011754201,0,13.835282044345512,C5977
3875.5,46,84.25,Month-to-month,0.23823482,0,923.2790370881557,C5978
1041.4499999999998,53,19.65,Two year,0.011735671,0,12.222114771092308,C5979
1357.4499999999998,17,79.85,One year,0.12616566,0,171.26357277184724,C5980
767.6,38,20.2,Two year,0.011852416,0,9.09791468270123,C5981
297.0,15,19.8,One year,0.030173827,0,8.9616266079247,C5982
1107.7,22,50.35,Month-to-month,0.47371855,0,524.738042023778,C5983
1192.1,14,85.15,Month-to-month,0.72966033,1,869.8280820190906,C5984
4252.2,57,74.6,One year,0.07178643,0,305.2502723515034,C5985
870.6500000000001,11,79.15,Month-to-month,0.5023528,1,437.37344280779365,C5986
20.35,1,20.35,Two year,0.01719405,0,0.3498989059589803,C5987
252.6,12,21.05,Two year,0.014521897,0,3.66823114156723,C5988
283.79999999999995,3,94.6,Month-to-month,0.8491499,1,240.9887367367744,C5989
3409.2000000000003,36,94.7,Month-to-month,0.338256,0,1153.1823602199556,C5990
1508.0,16,94.25,Month-to-month,0.5382721,1,811.7143008708954,C5991
4709.25,65,72.45,One year,0.15953335,0,751.2824363037944,C5992
149.9,2,74.95,Month-to-month,0.43130025,0,64.65190787613392,C5993
4418.400000000001,42,105.2,Month-to-month,0.46619675,0,2059.8437009096147,C5994
8060.400000000001,72,111.95,Two year,0.023916766,0,192.77870104908945,C5995
1230.7,62,19.85,Two year,0.010782197,0,13.269649992883206,C5996
538.5,6,89.75,Month-to-month,0.7926296,1,426.8310393691063,C5997
962.4,48,20.05,Two year,0.012603926,0,12.130017940700053,C5998
3813.25,35,108.95,Two year,0.15413515,0,587.7558710239828,C5999
1021.8,52,19.65,One year,0.017963972,0,18.355586531013248,C6000
24.9,1,24.9,Month-to-month,0.6070565,1,15.115706813335418,C6001
497.1,6,82.85,Month-to-month,0.8115673,1,403.43010807037354,C6002
6617.2,71,93.2,Two year,0.014033607,0,92.86318561173975,C6003
5681.599999999999,67,84.8,One year,0.049704213,0,282.3994548499584,C6004
4305.0,60,71.75,One year,0.062724,0,270.02682734280825,C6005
698.0500000000001,23,30.35,Month-to-month,0.17831086,0,124.46989318653942,C6006
2139.15,39,54.85,One year,0.06301212,0,134.79238314628603,C6007
292.5,15,19.5,One year,0.026270349,0,7.684076959267259,C6008
5504.049999999999,53,103.85,Month-to-month,0.6030062,1,3318.976187601685,C6009
580.8,24,24.2,Two year,0.026385091,0,15.324460995197295,C6010
715.95,37,19.35,Month-to-month,0.091882676,0,65.78340180069209,C6011
418.0,5,83.6,Month-to-month,0.7248359,1,302.98139476776123,C6012
5032.5,50,100.65,One year,0.2790464,0,1404.3009399622679,C6013
5081.4,54,94.1,One year,0.22567588,0,1146.74942125082,C6014
223.65,3,74.55,Month-to-month,0.48131642,0,107.64641676396131,C6015
7374.6,68,108.45,One year,0.27054247,0,1995.1425184428692,C6016
280.75,5,56.15,Month-to-month,0.2724091,0,76.47885798662901,C6017
671.5500000000001,33,20.35,Two year,0.011707765,0,7.862349619483576,C6018
3302.5499999999997,41,80.55,One year,0.13296226,0,439.11450076550244,C6019
2082.5,34,61.25,One year,0.065624304,0,136.6626133210957,C6020
265.84999999999997,13,20.45,Month-to-month,0.08689346,0,23.10062677823007,C6021
378.0,20,18.9,Month-to-month,0.09866364,0,37.29485705494881,C6022
999.6,51,19.6,Two year,0.012301546,0,12.296624971926212,C6023
274.5,3,91.5,Month-to-month,0.8018727,1,220.11404809355736,C6024
1853.2,41,45.2,Month-to-month,0.18083562,0,335.1245701849461,C6025
252.85,13,19.45,Month-to-month,0.09375096,0,23.704930520430207,C6026
890.75,35,25.45,Two year,0.014207672,0,12.655484125949442,C6027
970.2,12,80.85,Month-to-month,0.3420052,0,331.813438475132,C6028
379.6,4,94.9,Month-to-month,0.48522282,0,184.19058113098146,C6029
2109.15,43,49.05,Month-to-month,0.2725556,0,574.8606219649315,C6030
351.6,12,29.3,Month-to-month,0.23963436,0,84.25544267892838,C6031
7160.4,68,105.3,Month-to-month,0.5153708,1,3690.2609774351117,C6032
2223.75,25,88.95,Month-to-month,0.6284688,1,1397.5575195997953,C6033
141.75,7,20.25,One year,0.031154241,0,4.416113720275462,C6034
7316.099999999999,66,110.85,One year,0.12207547,0,893.116333642602,C6035
5856.5,53,110.5,One year,0.30687705,0,1797.225424721837,C6036
6892.200000000001,63,109.4,Month-to-month,0.15597062,0,1074.980694267154,C6037
7994.0,70,114.2,Two year,0.084612615,0,676.3932475596666,C6038
985.5,27,36.5,Month-to-month,0.38103065,0,375.50570453703403,C6039
70.75,1,70.75,Month-to-month,0.73015976,1,51.65880298614502,C6040
99.75,5,19.95,Month-to-month,0.12300074,0,12.269323915243149,C6041
725.2,37,19.6,One year,0.023490483,0,17.035298229008916,C6042
120.45,3,40.15,Month-to-month,0.5175339,1,62.33695805668831,C6043
919.2,12,76.6,Month-to-month,0.55260825,1,507.95750484466555,C6044
744.8000000000001,38,19.6,One year,0.018509837,0,13.786126498878003,C6045
767.6999999999999,9,85.3,Month-to-month,0.59204614,1,454.5138229250907,C6046
856.05,13,65.85,Month-to-month,0.27511263,0,235.51016600131987,C6047
2739.05,29,94.45,Month-to-month,0.6054489,1,1658.3548140734435,C6048
942.35,47,20.05,Two year,0.010593168,0,9.982472277060152,C6049
6063.400000000001,61,99.4,Month-to-month,0.1439533,0,872.8464001834393,C6050
320.0,16,20.0,Month-to-month,0.096366726,0,30.83735227584839,C6051
3216.4500000000003,41,78.45,Two year,0.034121815,0,109.75111222732814,C6052
1079.3,43,25.1,Two year,0.035336763,0,38.13896794617176,C6053
3504.6,36,97.35,Month-to-month,0.37098444,0,1300.1520511865615,C6054
330.0,6,55.0,Month-to-month,0.45118964,0,148.8925802707672,C6055
4123.799999999999,58,71.1,One year,0.06025429,0,248.47664398849005,C6056
1169.45,19,61.55,Month-to-month,0.17832133,0,208.53788140267133,C6057
504.9,11,45.9,Month-to-month,0.26629272,0,134.45119484961032,C6058
1571.6999999999998,39,40.3,One year,0.041787796,0,65.67787853702902,C6059
696.8,8,87.1,Month-to-month,0.6401396,1,446.04925918579096,C6060
1287.0,26,49.5,Month-to-month,0.1627697,0,209.48461040854454,C6061
3911.4,53,73.8,Month-to-month,0.26650798,0,1042.419325518608,C6062
1344.0,70,19.2,Two year,0.020301636,0,27.285399198532104,C6063
45.3,1,45.3,Month-to-month,0.7702435,1,34.89203170537948,C6064
1475.0,59,25.0,Two year,0.018024815,0,26.586602488532662,C6065
189.9,2,94.95,Month-to-month,0.6246936,1,118.62930942177773,C6066
247.09999999999997,7,35.3,One year,0.09357921,0,23.123422875255343,C6067
534.5999999999999,12,44.55,Month-to-month,0.3391476,0,181.30830565094945,C6068
4528.25,59,76.75,One year,0.09830334,0,445.14210105501115,C6069
4941.0,61,81.0,Two year,0.035263576,0,174.23732710629702,C6070
7599.599999999999,72,105.55,Two year,0.063500635,0,482.57942822277545,C6071
244.4,13,18.8,Month-to-month,0.06223713,0,15.21075423359871,C6072
1593.6,64,24.9,One year,0.0337201,0,53.73634886741638,C6073
23.45,1,23.45,Month-to-month,0.7176369,1,16.82858491241932,C6074
649.0,10,64.9,One year,0.103705645,0,67.30496335029602,C6075
3987.75,65,61.35,One year,0.03605341,0,143.77199235744774,C6076
7064.900000000001,62,113.95,Two year,0.05257129,0,371.41090136095886,C6077
4958.25,55,90.15,One year,0.10683292,0,529.7043330520391,C6078
1352.5,25,54.1,Month-to-month,0.12560198,0,169.876674041152,C6079
29.7,1,29.7,Month-to-month,0.5594141,1,16.614598435163497,C6080
49.8,1,49.8,Month-to-month,0.40331307,0,20.084990912675856,C6081
5964.9,59,101.1,Month-to-month,0.43330133,0,2584.5991010069847,C6082
1561.6,64,24.4,Two year,0.022710448,0,35.4646358013153,C6083
3420.0,36,95.0,Month-to-month,0.4533476,0,1550.4487699270248,C6084
151.95,3,50.65,Month-to-month,0.4781057,0,72.64816021174192,C6085
4263.900000000001,61,69.9,Two year,0.024856351,0,105.98499637618663,C6086
1038.7,26,39.95,One year,0.08483814,0,88.12137293368578,C6087
55.4,1,55.4,Month-to-month,0.70317584,1,38.95594168901443,C6088
90.6,1,90.6,Month-to-month,0.9018329,1,81.70605880022049,C6089
7021.0,68,103.25,Two year,0.07589805,0,532.8802179098129,C6090
173.7,2,86.85,Month-to-month,0.8297838,1,144.133445584774,C6091
6786.0,72,94.25,Two year,0.029957617,0,203.29238693788648,C6092
3340.5499999999997,71,47.05,Two year,0.060074396,0,200.68152499906716,C6093
1171.35,57,20.55,Two year,0.01142627,0,13.384161373972892,C6094
78.6,4,19.65,Month-to-month,0.1387222,0,10.903564622998237,C6095
70.2,1,70.2,Month-to-month,0.7656959,1,53.75185425281525,C6096
5832.0,72,81.0,Two year,0.013378926,0,78.02589422464371,C6097
1593.9,21,75.9,One year,0.12142926,0,193.5460928834975,C6098
1753.7,71,24.7,Two year,0.011157284,0,19.566528178192677,C6099
2872.45,29,99.05,Month-to-month,0.6561631,1,1884.7956863343713,C6100
7607.25,69,110.25,Two year,0.076349355,0,580.8086329568177,C6101
5440.0,64,85.0,Two year,0.025940062,0,141.11393988132477,C6102
316.0,16,19.75,Month-to-month,0.100001566,0,31.600494891405106,C6103
95.6,4,23.9,One year,0.072271034,0,6.909110862016678,C6104
5785.0,52,111.25,One year,0.23531331,0,1361.287505403161,C6105
110.2,2,55.1,Month-to-month,0.38675305,0,42.62018638253212,C6106
19.95,1,19.95,Month-to-month,0.37813076,0,7.543708737194538,C6107
452.7,18,25.15,Month-to-month,0.18751945,0,84.89005321115255,C6108
108.3,2,54.15,Month-to-month,0.2459833,0,26.63999167084694,C6109
1136.2,19,59.8,Month-to-month,0.21960096,0,249.51061144769193,C6110
3354.0,40,83.85,Month-to-month,0.43761697,0,1467.7673311829567,C6111
6923.400000000001,66,104.9,One year,0.18854646,0,1305.38258779943,C6112
1581.3,21,75.3,Month-to-month,0.33551893,0,530.556078287959,C6113
533.2,8,66.65,Month-to-month,0.31545985,0,168.2031906604767,C6114
7884.0,72,109.5,Two year,0.02740084,0,216.02822314202785,C6115
3544.7999999999997,48,73.85,One year,0.06757299,0,239.53272988200186,C6116
1331.7,69,19.3,Two year,0.018290253,0,24.35713039431721,C6117
8510.4,72,118.2,Two year,0.05241456,0,446.0688614487648,C6118
720.3000000000001,14,51.45,One year,0.09805122,0,70.62629389464855,C6119
356.70000000000005,6,59.45,Month-to-month,0.29855022,0,106.4928628832102,C6120
156.0,8,19.5,Two year,0.017716397,0,2.7637578696012497,C6121
332.35,17,19.55,One year,0.02465686,0,8.194707473460586,C6122
6080.75,65,93.55,One year,0.13170806,0,800.8837599083781,C6123
3380.1,57,59.3,One year,0.036633924,0,123.82632532864808,C6124
1329.25,13,102.25,Month-to-month,0.6200687,1,824.226357921958,C6125
1822.1,19,95.9,Month-to-month,0.54352844,1,990.3631661772728,C6126
6148.8,56,109.8,One year,0.22084555,0,1357.93511967659,C6127
1093.4,14,78.1,Month-to-month,0.52764,1,576.9215596914291,C6128
2074.7999999999997,52,39.9,Month-to-month,0.20661826,0,428.6915748059749,C6129
3764.2,58,64.9,Two year,0.018609684,0,70.05057236477732,C6130
4467.349999999999,47,95.05,Month-to-month,0.3957157,0,1767.8005927085874,C6131
3577.7999999999997,67,53.4,Month-to-month,0.12951753,0,463.38780249953265,C6132
49.8,2,24.9,Month-to-month,0.5352208,1,26.65399593114853,C6133
268.20000000000005,6,44.7,Month-to-month,0.25954115,0,69.6089374780655,C6134
8094.0,71,114.0,Two year,0.030245377,0,244.8060794211924,C6135
931.5,46,20.25,Two year,0.010512332,0,9.792237660381943,C6136
269.25,5,53.85,Month-to-month,0.20432359,0,55.01412655413151,C6137
5617.95,67,83.85,Month-to-month,0.18745933,0,1053.1371695525943,C6138
60.599999999999994,3,20.2,Month-to-month,0.17937303,0,10.8700053691864,C6139
59.849999999999994,3,19.95,Month-to-month,0.150507,0,9.007844133675098,C6140
5418.400000000001,52,104.2,Month-to-month,0.5223199,1,2830.1382161140446,C6141
2110.5,42,50.25,Month-to-month,0.26594254,0,561.2717385739088,C6142
1017.5,50,20.35,One year,0.018914789,0,19.245797768235207,C6143
2070.0,23,90.0,Month-to-month,0.34215647,0,708.263892531395,C6144
3631.4,67,54.2,Two year,0.024619019,0,89.40150435827672,C6145
2487.5,25,99.5,Month-to-month,0.61080384,1,1519.3745583295822,C6146
3864.9,39,99.1,One year,0.18169062,0,702.2160710379482,C6147
4616.1,69,66.9,Two year,0.02849102,0,131.51739835739136,C6148
25.85,1,25.85,One year,0.20506752,0,5.300995272397995,C6149
2913.6,32,91.05,Month-to-month,0.38390905,0,1118.5573983192444,C6150
639.0,9,71.0,Month-to-month,0.4937373,0,315.49814119935036,C6151
1491.2,16,93.2,Month-to-month,0.41925466,0,625.1925498962403,C6152
1257.0,60,20.95,Two year,0.011066466,0,13.910547307692468,C6153
7862.400000000001,72,109.2,Two year,0.064200945,0,504.77351152896887,C6154
96.75,5,19.35,Month-to-month,0.119585596,0,11.56990641541779,C6155
2230.7999999999997,26,85.8,Month-to-month,0.3316667,0,739.8820921897888,C6156
59.55,3,19.85,Month-to-month,0.15785797,0,9.400442077964543,C6157
39.3,2,19.65,Month-to-month,0.24927956,0,9.796686655282974,C6158
41.0,2,20.5,One year,0.0373337,0,1.5306817330420017,C6159
3227.4,36,89.65,One year,0.09176879,0,296.17458094060424,C6160
520.4499999999999,7,74.35,Month-to-month,0.3654621,0,190.20474710613487,C6161
2967.0,60,49.45,Two year,0.04250815,0,126.12168515101075,C6162
1692.9,19,89.1,Month-to-month,0.5347047,1,905.2015615940095,C6163
3381.7500000000005,45,75.15,Two year,0.02774708,0,93.83368687704207,C6164
282.6,4,70.65,Month-to-month,0.5364445,1,151.59921151399612,C6165
3230.2000000000003,31,104.2,Month-to-month,0.5294053,1,1710.0849866509438,C6166
4232.349999999999,47,90.05,Month-to-month,0.25646812,0,1085.4628359884023,C6167
79.25,1,79.25,Month-to-month,0.8855287,1,70.17814818024635,C6168
44.9,1,44.9,Month-to-month,0.62108135,1,27.886552715301512,C6169
19.4,1,19.4,Month-to-month,0.24579515,0,4.768425825238228,C6170
5236.25,59,88.75,Month-to-month,0.24432229,0,1279.332565125078,C6171
701.0,10,70.1,Month-to-month,0.50022274,1,350.65614253282547,C6172
3185.0,35,91.0,Month-to-month,0.36217165,0,1153.5167050361633,C6173
118.6,4,29.65,Month-to-month,0.48505685,0,57.52774209380149,C6174
2905.6,32,90.8,One year,0.17571363,0,510.55351905822755,C6175
3347.5499999999997,43,77.85,Month-to-month,0.45380962,0,1519.1503899157046,C6176
217.2,4,54.3,Month-to-month,0.43802953,0,95.14001340866088,C6177
1023.3,54,18.95,Two year,0.024311457,0,24.877913773432372,C6178
1046.65,11,95.15,Month-to-month,0.79408693,1,831.1310885667801,C6179
6758.400000000001,66,102.4,Two year,0.107220724,0,724.6405426025391,C6180
6093.900000000001,61,99.9,One year,0.2740818,0,1670.2270591288807,C6181
6386.400000000001,72,88.7,Two year,0.012584522,0,80.36979364156724,C6182
2389.2,44,54.3,One year,0.10522068,0,251.3932556301355,C6183
2283.7000000000003,41,55.7,Month-to-month,0.15918757,0,363.53665409833195,C6184
5197.5,50,103.95,One year,0.37006488,0,1923.4122367948294,C6185
5209.95,47,110.85,One year,0.1777248,0,925.937288173288,C6186
161.2,8,20.15,Two year,0.0143855475,0,2.3189502552151677,C6187
360.9,18,20.05,Month-to-month,0.083611704,0,30.175464121252297,C6188
6620.400000000001,72,91.95,Two year,0.013230918,0,87.59396936371924,C6189
80.5,1,80.5,Month-to-month,0.8403948,1,67.65178099274635,C6190
2337.2999999999997,42,55.65,Month-to-month,0.20381597,0,476.37905930578705,C6191
1344.6,18,74.7,Month-to-month,0.4062316,0,546.2190254509449,C6192
1353.95,13,104.15,One year,0.2508114,0,339.58609236180786,C6193
5688.200000000001,68,83.65,One year,0.050697308,0,288.37642755731946,C6194
288.8,4,72.2,Month-to-month,0.66582435,1,192.2900733470917,C6195
7593.45,69,110.05,Two year,0.06883527,0,522.6972066856921,C6196
875.5,17,51.5,Month-to-month,0.18930887,0,165.7399129346013,C6197
637.5,25,25.5,Two year,0.018207282,0,11.60714216530323,C6198
3850.65,43,89.55,Month-to-month,0.39417303,0,1517.82236289382,C6199
1150.5,59,19.5,Two year,0.013308388,0,15.311300602275878,C6200
403.5,5,80.7,Month-to-month,0.3733638,0,150.65229043364525,C6201
1627.5,21,77.5,One year,0.1616907,0,263.1516094878316,C6202
7251.9,69,105.1,One year,0.060856756,0,441.3271075520664,C6203
326.95,13,25.15,Month-to-month,0.22204553,0,72.59778469577431,C6204
4000.5,42,95.25,Month-to-month,0.34198076,0,1368.094011694193,C6205
4973.8,52,95.65,Month-to-month,0.2460791,0,1223.9482383161783,C6206
3910.0,46,85.0,Month-to-month,0.44066018,0,1722.9812985658646,C6207
4928.8,61,80.8,Two year,0.022739964,0,112.08073262125254,C6208
720.6500000000001,29,24.85,One year,0.07588793,0,54.688639185577635,C6209
1368.75,25,54.75,One year,0.06315934,0,86.44934543408453,C6210
428.75,5,85.75,Month-to-month,0.7478328,1,320.63330233097076,C6211
761.25,15,50.75,One year,0.18383552,0,139.9447906203568,C6212
382.85,19,20.15,Two year,0.012712482,0,4.866973872669042,C6213
882.2,44,20.05,Two year,0.012048817,0,10.629466568864883,C6214
589.5,6,98.25,Month-to-month,0.8588971,1,506.31983453035355,C6215
4152.799999999999,58,71.6,Two year,0.029925726,0,124.2755564033985,C6216
5049.900000000001,62,81.45,One year,0.05363424,0,270.8475547537208,C6217
4088.0,70,58.4,One year,0.077490315,0,316.7804070711136,C6218
25.7,1,25.7,Month-to-month,0.75312936,1,19.355424630641938,C6219
537.0,10,53.7,Two year,0.033684317,0,18.08847824111581,C6220
509.6,26,19.6,One year,0.030046703,0,15.31179999858141,C6221
5900.400000000001,66,89.4,Month-to-month,0.20527302,0,1211.1929112017156,C6222
483.0,7,69.0,Month-to-month,0.5619886,1,271.4404900074005,C6223
4294.2,51,84.2,One year,0.056706794,0,243.51031310409306,C6224
7639.2,72,106.1,Two year,0.05050051,0,385.7834837526083,C6225
1673.75,65,25.75,Two year,0.014840569,0,24.839402944780886,C6226
92.1,2,46.05,Month-to-month,0.46665215,0,42.9786634683609,C6227
4546.5,70,64.95,One year,0.0367028,0,166.86928266473114,C6228
6152.400000000001,72,85.45,Two year,0.013798329,0,84.89283963404597,C6229
20.05,1,20.05,Month-to-month,0.37272125,0,7.47306115925312,C6230
76.4,1,76.4,Month-to-month,0.83821845,1,64.03988962173463,C6231
502.5,5,100.5,Month-to-month,0.855174,1,429.7249375283718,C6232
62.099999999999994,3,20.7,Month-to-month,0.16668938,0,10.351410560309885,C6233
1467.4,58,25.3,Two year,0.018523676,0,27.181642633304,C6234
881.0999999999999,22,40.05,Month-to-month,0.3212353,0,283.0404220461845,C6235
3319.7999999999997,33,100.6,Month-to-month,0.5405719,1,1794.5906866550445,C6236
69.95,1,69.95,Month-to-month,0.7184569,1,50.256061831116675,C6237
3996.0,54,74.0,Month-to-month,0.27477583,0,1098.004228234291,C6238
7156.8,72,99.4,Two year,0.06426606,0,459.93936163187027,C6239
93.3,1,93.3,Month-to-month,0.85841316,1,80.0899478137493,C6240
147.45,3,49.15,Month-to-month,0.4931449,0,72.7142154470086,C6241
7736.400000000001,72,107.45,Two year,0.03888706,0,300.84586010277275,C6242
6019.2,72,83.6,Two year,0.018852666,0,113.47796730995178,C6243
5348.7,54,99.05,Month-to-month,0.5792168,1,3098.056781977415,C6244
4725.9,59,80.1,One year,0.09556202,0,451.61654301211234,C6245
3526.2,54,65.3,Two year,0.023013504,0,81.15021858774125,C6246
5373.0,60,89.55,Two year,0.10997003,0,590.8689882159233,C6247
3648.0,60,60.8,Two year,0.01742899,0,63.58095717430115,C6248
223.5,3,74.5,Month-to-month,0.6291342,1,140.61148881912231,C6249
6841.35,69,99.15,Two year,0.052682515,0,360.41952559445053,C6250
19.25,1,19.25,Month-to-month,0.26163062,0,5.036389522254467,C6251
1972.5,50,39.45,Month-to-month,0.1660919,0,327.61628072708845,C6252
2511.6,56,44.85,Month-to-month,0.30720797,0,771.5835420012473,C6253
5832.0,60,97.2,Two year,0.056449316,0,329.2124134898186,C6254
7627.95,69,110.55,One year,0.10699219,0,816.1310952868313,C6255
35.05,1,35.05,Month-to-month,0.66991234,1,23.4804274559021,C6256
73.0,1,73.0,Month-to-month,0.7795807,1,56.90939199924469,C6257
59.7,3,19.9,Month-to-month,0.1914417,0,11.429069481790066,C6258
4617.0,60,76.95,Two year,0.026911585,0,124.25078637711704,C6259
460.2,13,35.4,Two year,0.025757352,0,11.853533339872955,C6260
1267.9,62,20.45,Two year,0.010110611,0,12.819243808649482,C6261
4353.75,45,96.75,One year,0.12311519,0,536.012755734846,C6262
1355.0,25,54.2,One year,0.07204211,0,97.61705577373505,C6263
4404.4,44,100.1,Two year,0.042769775,0,188.37519610524177,C6264
90.5,2,45.25,Month-to-month,0.53467864,1,48.38841673731804,C6265
2767.0499999999997,33,83.85,Month-to-month,0.48654738,0,1346.3009297266601,C6266
70.1,1,70.1,Month-to-month,0.77317005,1,54.19922078251838,C6267
458.7000000000001,22,20.85,One year,0.027966075,0,12.828038439899686,C6268
1170.75,35,33.45,Month-to-month,0.14844461,0,173.7915246449411,C6269
585.8,29,20.2,Two year,0.011918684,0,6.981964815594256,C6270
2319.3,27,85.9,One year,0.1440046,0,333.989864744246,C6271
3294.0,54,61.0,One year,0.06635461,0,218.57208542525768,C6272
141.3,2,70.65,Month-to-month,0.5463784,1,77.20326426029206,C6273
4953.3,57,86.9,One year,0.25716284,0,1273.8046912819148,C6274
4302.8,62,69.4,Two year,0.022281412,0,95.87245970517397,C6275
305.25,15,20.35,One year,0.025119694,0,7.667786578182131,C6276
40.7,2,20.35,Month-to-month,0.14838059,0,6.039090113341809,C6277
7301.0,70,104.3,Two year,0.09931423,0,725.0931764394045,C6278
943.95,21,44.95,Month-to-month,0.22471812,0,212.122672842443,C6279
1137.35,23,49.45,One year,0.10919635,0,124.19446864798664,C6280
123.6,6,20.6,One year,0.029197337,0,3.6087908662855623,C6281
78.2,4,19.55,Two year,0.015254938,0,1.19293615501374,C6282
297.0,3,99.0,Month-to-month,0.68136936,1,202.36670118570328,C6283
2150.5,23,93.5,Month-to-month,0.5766562,1,1240.099206149578,C6284
1418.3,26,54.55,One year,0.057081856,0,80.9591961286962,C6285
160.4,8,20.05,Month-to-month,0.104621,0,16.781208494305613,C6286
2182.7000000000003,26,83.95,Month-to-month,0.5171148,1,1128.7065134584905,C6287
158.9,2,79.45,Month-to-month,0.76943374,1,122.26302077770234,C6288
7785.400000000001,67,116.2,Two year,0.14354023,0,1117.5181329071522,C6289
6652.7,71,93.7,Two year,0.22770533,0,1514.855246606469,C6290
4711.15,59,79.85,One year,0.11916167,0,561.3885152366012,C6291
3900.0,39,100.0,One year,0.29812095,0,1162.6716881990433,C6292
411.6,21,19.6,Two year,0.011181162,0,4.602166171744466,C6293
19.7,1,19.7,Month-to-month,0.3411637,0,6.720924788713455,C6294
969.6,48,20.2,Two year,0.010512332,0,10.192757526040078,C6295
1562.4,31,50.4,One year,0.080116875,0,125.17460623383523,C6296
7254.4,64,113.35,One year,0.10481831,0,760.3939253091812,C6297
3680.0,46,80.0,Month-to-month,0.31790042,0,1169.8735427856445,C6298
4209.400000000001,52,80.95,Two year,0.025064362,0,105.5059262994677,C6299
1668.3,67,24.9,Two year,0.015946345,0,26.603288037143646,C6300
3678.3,67,54.9,Month-to-month,0.111689314,0,410.82680459171536,C6301
377.75,5,75.55,Month-to-month,0.6182542,1,233.54551827907562,C6302
7756.75,71,109.25,Two year,0.09277188,0,719.6082827392966,C6303
698.85,9,77.65,Month-to-month,0.5755812,1,402.2449167072773,C6304
2470.0,26,95.0,Month-to-month,0.56057894,1,1384.6299874782562,C6305
8257.3,71,116.3,One year,0.19544002,0,1613.8069113105535,C6306
636.8,32,19.9,Month-to-month,0.10314139,0,65.68043701648712,C6307
140.7,2,70.35,Month-to-month,0.5133773,1,72.23218735456466,C6308
1817.6,71,25.6,Two year,0.010507384,0,19.098221731185912,C6309
2667.0,60,44.45,One year,0.07429982,0,198.15761931985617,C6310
5508.25,55,100.15,One year,0.43445155,0,2393.0677516385913,C6311
5691.6,54,105.4,One year,0.36216688,0,2061.3090230941775,C6312
191.7,2,95.85,Month-to-month,0.7338795,1,140.68470141291618,C6313
443.1,6,73.85,Month-to-month,0.6869329,1,304.3799774765968,C6314
3364.7999999999997,48,70.1,Two year,0.03428618,0,115.36613391637802,C6315
1590.75,63,25.25,Two year,0.012370565,0,19.678476233733818,C6316
79.15,1,79.15,Month-to-month,0.88067305,1,69.70527197718621,C6317
252.6,12,21.05,Month-to-month,0.102744445,0,25.95324685871601,C6318
1347.3,54,24.95,Month-to-month,0.21572673,0,290.64862765073775,C6319
1935.0,30,64.5,One year,0.08008584,0,154.96609333902597,C6320
589.5,30,19.65,Month-to-month,0.12490951,0,73.63415773585439,C6321
316.0,4,79.0,Month-to-month,0.6778736,1,214.20806121826172,C6322
4238.0,40,105.95,One year,0.31981084,0,1355.3583293557167,C6323
682.65,9,75.85,Month-to-month,0.5164481,1,352.5532821804285,C6324
1561.4499999999998,17,91.85,Month-to-month,0.4735802,0,739.471821092069,C6325
2703.2000000000003,62,43.6,Two year,0.030917693,0,83.57670752704145,C6326
2555.0,28,91.25,One year,0.08627937,0,220.44379007071257,C6327
6282.5,70,89.75,Two year,0.022900231,0,143.87070240452886,C6328
4802.400000000001,46,104.4,Two year,0.13926697,0,668.8156860351563,C6329
2073.4500000000003,23,90.15,Month-to-month,0.3163543,0,655.9448327735067,C6330
1894.1,47,40.3,One year,0.047240708,0,89.47862506695091,C6331
7157.0,68,105.25,Two year,0.054998424,0,393.62371988222003,C6332
6360.0,60,106.0,One year,0.3675679,0,2337.7318239212036,C6333
6968.0,67,104.0,Two year,0.075508565,0,526.1436789035797,C6334
975.1,14,69.65,Month-to-month,0.32748917,0,319.3346871823073,C6335
4235.099999999999,57,74.3,Month-to-month,0.31393373,0,1329.5407404541968,C6336
5549.5,55,100.9,One year,0.16333185,0,906.4101091399789,C6337
20.25,1,20.25,Month-to-month,0.41389343,0,8.381341986358166,C6338
49.9,1,49.9,Month-to-month,0.3675512,0,18.34080525636673,C6339
2228.7000000000003,23,96.9,Month-to-month,0.38486964,0,857.7589557588102,C6340
1304.55,13,100.35,Month-to-month,0.6594107,1,860.2342483878135,C6341
4892.7,47,104.1,Month-to-month,0.5306572,1,2596.346346437931,C6342
763.8000000000001,38,20.1,One year,0.02032111,0,15.52126401923597,C6343
2848.1,38,74.95,Month-to-month,0.40613365,0,1156.7092535018921,C6344
113.1,2,56.55,Month-to-month,0.5229232,1,59.14261069893837,C6345
49.25,1,49.25,Month-to-month,0.49522242,0,24.389704160392284,C6346
1029.0,15,68.6,Month-to-month,0.3974258,0,408.95114877820015,C6347
1795.3,26,69.05,Month-to-month,0.28725857,0,515.7153025090694,C6348
689.5,35,19.7,Two year,0.012241092,0,8.440232643857598,C6349
60.150000000000006,3,20.05,Month-to-month,0.1590496,0,9.56683346182108,C6350
5185.0,50,103.7,Month-to-month,0.44442806,0,2304.3594728410244,C6351
3964.8,42,94.4,Month-to-month,0.30384314,0,1204.677283859253,C6352
549.5,10,54.95,Month-to-month,0.16626786,0,91.36418739706278,C6353
5715.7,61,93.7,One year,0.08885486,0,507.867704949528,C6354
7497.0,68,110.25,Two year,0.050527114,0,378.8017768152058,C6355
989.0,10,98.9,One year,0.3943781,0,390.0399368107319,C6356
5833.75,65,89.75,One year,0.14368188,0,838.2041896879673,C6357
5792.400000000001,72,80.45,Two year,0.016972512,0,98.31157854795457,C6358
4367.0,55,79.4,Month-to-month,0.22836728,0,997.2799289673567,C6359
20.3,1,20.3,Month-to-month,0.4395453,0,8.922769662737847,C6360
439.6,7,62.8,Month-to-month,0.17010513,0,74.7782149195671,C6361
149.8,2,74.9,Month-to-month,0.68287945,1,102.29534130096437,C6362
673.65,9,74.85,Month-to-month,0.48757857,0,328.45730424821375,C6363
697.95,27,25.85,Two year,0.01587263,0,11.07830166136846,C6364
713.65,7,101.95,Month-to-month,0.8468632,1,604.3639299601316,C6365
4371.2,64,68.3,Two year,0.020774098,0,90.80773767232894,C6366
3388.0,70,48.4,Two year,0.019613292,0,66.44983352720737,C6367
188.0,2,94.0,Month-to-month,0.86215085,1,162.08435940742493,C6368
7038.349999999999,67,105.05,Two year,0.06774851,0,476.83772076554595,C6369
4018.5,45,89.3,Month-to-month,0.33894438,0,1362.0479730069637,C6370
603.5999999999999,24,25.15,Two year,0.022194542,0,13.396625545620916,C6371
78.0,4,19.5,Two year,0.014704304,0,1.146935697644949,C6372
4089.8,44,92.95,Month-to-month,0.33801574,0,1382.416753613949,C6373
1490.4,72,20.7,Two year,0.013097156,0,19.52000106275082,C6374
74.3,1,74.3,Month-to-month,0.69695014,1,51.783395224809645,C6375
1277.1,66,19.35,Two year,0.021458738,0,27.404953727871177,C6376
44.65,1,44.65,Month-to-month,0.45287055,0,20.220669957995415,C6377
1092.65,13,84.05,Month-to-month,0.3890555,0,425.10148168802266,C6378
807.0,10,80.7,Month-to-month,0.6294078,1,507.9321132302284,C6379
6782.75,65,104.35,Month-to-month,0.471216,0,3196.140277646482,C6380
19.55,1,19.55,Month-to-month,0.3050996,0,5.964697307348252,C6381
2813.9,38,74.05,One year,0.12848656,0,361.54832779318093,C6382
922.3,23,40.1,Two year,0.02295103,0,21.167734269052744,C6383
201.0,10,20.1,One year,0.031220926,0,6.2754061203449965,C6384
406.8,4,101.7,Month-to-month,0.8386793,1,341.1747447967529,C6385
6015.599999999999,72,83.55,Two year,0.013615103,0,81.90301624462008,C6386
1989.75,35,56.85,Month-to-month,0.13093695,0,260.5317971482873,C6387
20.4,1,20.4,Month-to-month,0.3687424,0,7.522345089912414,C6388
1133.9,58,19.55,Two year,0.012923898,0,14.654408141039314,C6389
7430.5,70,106.15,One year,0.13614777,0,1011.6459849625826,C6390
3000.1,38,78.95,One year,0.1385424,0,415.641050671041,C6391
2985.0,60,49.75,Month-to-month,0.29203305,0,871.7186437547207,C6392
2402.4,26,92.4,Month-to-month,0.41168693,0,989.036673617363,C6393
465.6,8,58.2,One year,0.06292716,0,29.29888415336609,C6394
4206.599999999999,41,102.6,One year,0.5177896,1,2178.1337409496305,C6395
3310.2000000000003,36,91.95,Month-to-month,0.36346588,0,1203.1447407066823,C6396
3523.5,54,65.25,One year,0.067076035,0,236.34240877255797,C6397
7526.0,71,106.0,Two year,0.072533526,0,545.8873131126165,C6398
4020.499999999999,55,73.1,Month-to-month,0.3914789,0,1573.9409019351,C6399
4302.0,72,59.75,Two year,0.015281363,0,65.74042530544102,C6400
165.3,3,55.1,Month-to-month,0.29571992,0,48.88250303864479,C6401
3229.2,54,59.8,Two year,0.023866251,0,77.06889808773994,C6402
8395.199999999999,72,116.6,Two year,0.03897013,0,327.16204735636705,C6403
5683.599999999999,52,109.3,Two year,0.22324786,0,1268.851513803005,C6404
6084.0,60,101.4,One year,0.18825327,0,1145.33288615942,C6405
1975.35,39,50.65,Month-to-month,0.2557623,0,505.22007675915955,C6406
842.25,15,56.15,One year,0.14230116,0,119.85314958170056,C6407
7348.5,69,106.5,Two year,0.1067288,0,784.2965841628611,C6408
825.6,43,19.2,One year,0.021486752,0,17.739462232589723,C6409
5229.0,63,83.0,One year,0.06747715,0,352.8380265086889,C6410
140.2,2,70.1,Month-to-month,0.504963,1,70.79580990076064,C6411
7797.599999999999,72,108.3,Two year,0.052076157,0,406.0690432459116,C6412
2913.6,32,91.05,Month-to-month,0.40399885,0,1177.091054534912,C6413
1010.0,40,25.25,Two year,0.017763767,0,17.941405065357685,C6414
2630.3,58,45.35,One year,0.08874532,0,233.42681086435917,C6415
2941.2999999999997,67,43.9,Two year,0.044754036,0,131.63504541292787,C6416
3952.5,51,77.5,Month-to-month,0.38694355,0,1529.3943770974874,C6417
2458.2999999999997,31,79.3,One year,0.12860866,0,316.1586661979556,C6418
5858.1,69,84.9,Month-to-month,0.21721907,0,1272.4910316243768,C6419
2536.0,32,79.25,One year,0.16134821,0,409.1790574789047,C6420
1492.05,21,71.05,Two year,0.028463962,0,42.469653840456154,C6421
2795.0,52,53.75,One year,0.05440447,0,152.06049663946033,C6422
1746.0,72,24.25,Two year,0.017095355,0,29.84849038347602,C6423
3902.4,72,54.2,Two year,0.13262002,0,517.5363726854324,C6424
2301.0,52,44.25,One year,0.043722052,0,100.60444194450974,C6425
2052.0499999999997,41,50.05,One year,0.05771771,0,118.43962831050156,C6426
826.15,41,20.15,Two year,0.011610959,0,9.59239355083555,C6427
415.5,6,69.25,Month-to-month,0.5107348,1,212.21030795574188,C6428
4646.45,67,69.35,One year,0.06507255,0,302.3563563115895,C6429
309.6,16,19.35,Month-to-month,0.094672486,0,29.310601723194125,C6430
325.54999999999995,17,19.15,Two year,0.01637287,0,5.330188041366636,C6431
2135.0,35,61.0,Month-to-month,0.081816934,0,174.67915419489145,C6432
1189.0,58,20.5,Two year,0.0114990445,0,13.672363893128932,C6433
50.5,1,50.5,Month-to-month,0.6124432,1,30.92838203907013,C6434
2610.4,52,50.2,Two year,0.01902293,0,49.65745755136013,C6435
5572.0,70,79.6,Two year,0.025966933,0,144.68775065988302,C6436
473.1,19,24.9,Two year,0.028067822,0,13.278886416368188,C6437
74.4,1,74.4,Month-to-month,0.84195423,1,62.641394805908206,C6438
3741.5,35,106.9,Month-to-month,0.3024644,0,1131.6705367416143,C6439
3243.2,32,101.35,Month-to-month,0.52445465,1,1700.91133146286,C6440
940.95,17,55.35,Month-to-month,0.2031468,0,191.1509818352759,C6441
3386.85,67,50.55,One year,0.04990149,0,169.00885859001428,C6442
175.5,9,19.5,Month-to-month,0.1490478,0,26.15789010375738,C6443
2462.9500000000003,31,79.45,One year,0.16379945,0,403.42985488846904,C6444
362.6,4,90.65,Month-to-month,0.4865157,0,176.41059311628342,C6445
5211.299999999999,58,89.85,One year,0.046664197,0,243.1811298150569,C6446
4740.0,60,79.0,One year,0.072117105,0,341.83507829904556,C6447
6069.700000000001,58,104.65,One year,0.49977788,0,3033.501818212867,C6448
19.55,1,19.55,Month-to-month,0.32013607,0,6.258660173416138,C6449
537.3,27,19.9,Two year,0.011918684,0,6.4039086640812455,C6450
7672.5,66,116.25,One year,0.17365167,0,1332.3424031585455,C6451
1316.25,15,87.75,Month-to-month,0.43149346,0,567.9532682150602,C6452
4702.349999999999,47,100.05,Month-to-month,0.604083,1,2840.609702637791,C6453
3333.2999999999997,41,81.3,Month-to-month,0.2787212,0,929.0614204287529,C6454
2613.7,59,44.3,Month-to-month,0.44669372,0,1167.5233718693255,C6455
3517.4999999999995,50,70.35,Two year,0.0345107,0,121.39138081111012,C6456
755.6500000000001,17,44.45,One year,0.06281523,0,47.46632599122823,C6457
294.9,6,49.15,Month-to-month,0.31324887,0,92.37709257602691,C6458
1501.95,51,29.45,Month-to-month,0.24993415,0,375.38859924897554,C6459
4424.2,44,100.55,Month-to-month,0.3835408,0,1696.8612478613852,C6460
4179.7,49,85.3,Month-to-month,0.32351008,0,1352.175083783269,C6461
191.3,2,95.65,Month-to-month,0.6038055,1,115.50798878073692,C6462
4076.9,59,69.1,One year,0.055384807,0,225.79832083508373,C6463
3517.4999999999995,50,70.35,Month-to-month,0.10519209,0,370.0131681002676,C6464
1215.4,59,20.6,Two year,0.010993935,0,13.36202880293131,C6465
1334.7,18,74.15,Month-to-month,0.3027502,0,404.08069198429587,C6466
750.5,10,75.05,Month-to-month,0.56148773,1,421.39654460549355,C6467
624.4,14,44.6,One year,0.1113543,0,69.52962422668934,C6468
750.75,35,21.45,Two year,0.0133452,0,10.018908627564088,C6469
347.6,8,43.45,One year,0.15247867,0,53.001583993434906,C6470
360.9,18,20.05,One year,0.031909585,0,11.516169226169586,C6471
5649.0,60,94.15,One year,0.05487433,0,309.98509445786476,C6472
94.4,1,94.4,Month-to-month,0.8148729,1,76.92400369644166,C6473
117.3,6,19.55,Two year,0.0143765705,0,1.6863717162050307,C6474
1442.1,19,75.9,Month-to-month,0.11818739,0,170.438035505265,C6475
3399.9500000000003,53,64.15,One year,0.036597602,0,124.4300171557814,C6476
7887.599999999999,72,109.55,Two year,0.04387011,0,346.0298801466822,C6477
6648.0,60,110.8,Two year,0.048334252,0,321.32610788941383,C6478
55.0,1,55.0,Month-to-month,0.58803695,1,32.3420324921608,C6479
694.85,13,53.45,Month-to-month,0.13828467,0,96.08710178658366,C6480
349.75,5,69.95,Month-to-month,0.43692723,0,152.8152984008193,C6481
101.45,1,101.45,Month-to-month,0.8983074,1,91.1332840114832,C6482
1261.0,13,97.0,Month-to-month,0.45866024,0,578.3705688714981,C6483
3352.2,37,90.6,One year,0.10515532,0,352.5016602694988,C6484
4707.2,64,73.55,Month-to-month,0.16951443,0,797.9383368968963,C6485
339.75,5,67.95,Month-to-month,0.2784466,0,94.60223735868931,C6486
5755.349999999999,61,94.35,Two year,0.042384025,0,243.93489661160854,C6487
69.5,1,69.5,Month-to-month,0.8267282,1,57.45761162042618,C6488
18.85,1,18.85,Month-to-month,0.3318605,0,6.2555706605315216,C6489
504.4,26,19.4,One year,0.020018533,0,10.097347980737686,C6490
69.2,1,69.2,Month-to-month,0.8267282,1,57.20959315299988,C6491
474.0,24,19.75,Two year,0.011605739,0,5.501120125874877,C6492
928.2,17,54.6,One year,0.13281088,0,123.27505489289761,C6493
774.8000000000001,26,29.8,Month-to-month,0.19546609,0,151.4471236407757,C6494
69.65,1,69.65,Month-to-month,0.82509774,1,57.468057569861415,C6495
4074.0,40,101.85,Month-to-month,0.46019977,0,1874.8538764715195,C6496
5358.599999999999,52,103.05,Month-to-month,0.5757487,1,3085.2068874835963,C6497
82.3,1,82.3,Month-to-month,0.85591036,1,70.44142269492149,C6498
20.3,1,20.3,Month-to-month,0.36211812,0,7.350997936725617,C6499
737.1,21,35.1,Two year,0.024875209,0,18.335516358911992,C6500
7081.900000000001,67,105.7,One year,0.16975342,0,1202.1767264917494,C6501
2475.0,44,56.25,Month-to-month,0.1021145,0,252.7333840727806,C6502
4224.5,70,60.35,One year,0.15693675,0,662.9792995974422,C6503
237.75,3,79.25,Month-to-month,0.6094987,1,144.90831108391285,C6504
3348.7999999999997,56,59.8,Two year,0.019655807,0,65.82336629331111,C6505
1099.8,13,84.6,Month-to-month,0.7384975,1,812.1995457172394,C6506
5417.200000000001,58,93.4,Month-to-month,0.17403157,0,942.763824003935,C6507
3956.4,42,94.2,Month-to-month,0.53590006,1,2120.2349829912187,C6508
25.05,1,25.05,Month-to-month,0.73422223,1,18.39226694405079,C6509
4583.900000000001,46,99.65,Two year,0.050318338,0,230.65422945246104,C6510
3190.95,63,50.65,Two year,0.022405922,0,71.49617812335491,C6511
669.9,11,60.9,Month-to-month,0.21444702,0,143.6580596923828,C6512
894.75,15,59.65,Month-to-month,0.15436846,0,138.12117974460125,C6513
4658.400000000001,72,64.7,Two year,0.046567522,0,216.93014443516734,C6514
727.9000000000001,29,25.1,Month-to-month,0.19191152,0,139.69239436984063,C6515
48.95,1,48.95,Month-to-month,0.4824677,0,23.61679445207119,C6516
329.1,6,54.85,Month-to-month,0.38704625,0,127.37692012488843,C6517
45.3,1,45.3,Month-to-month,0.64902335,1,29.400757938623425,C6518
5755.049999999999,63,91.35,One year,0.19098839,0,1099.147743295133,C6519
171.7,2,85.85,Month-to-month,0.7348853,1,126.17980177998543,C6520
451.8,18,25.1,Two year,0.021386331,0,9.662344321981072,C6521
1462.0,43,34.0,Month-to-month,0.09580995,0,140.0741489827633,C6522
688.5,15,45.9,One year,0.09148055,0,62.984360843896866,C6523
952.0,10,95.2,Month-to-month,0.6832157,1,650.4213252067566,C6524
1127.5,55,20.5,Two year,0.011737214,0,13.233709237538278,C6525
4929.4,49,100.6,One year,0.2669698,0,1316.000932097435,C6526
331.79999999999995,6,55.3,Month-to-month,0.32699373,0,108.49652082324026,C6527
1424.5,70,20.35,Two year,0.009959506,0,14.18731611315161,C6528
149.7,2,74.85,Month-to-month,0.69624215,1,104.22745040059088,C6529
2274.3,63,36.1,One year,0.033411223,0,75.98714547269047,C6530
1645.0,25,65.8,Month-to-month,0.12386738,0,203.7618362158537,C6531
366.3,18,20.35,One year,0.03659829,0,13.405954084172846,C6532
2962.4,28,105.8,Month-to-month,0.5353354,1,1585.877652835846,C6533
5127.75,53,96.75,One year,0.1554156,0,796.9323150962591,C6534
3582.25,35,102.35,One year,0.31594133,0,1131.7808429002762,C6535
24.4,1,24.4,Month-to-month,0.57078576,1,13.927172565460204,C6536
8095.5,70,115.65,One year,0.2743447,0,2220.95762000978,C6537
159.7,2,79.85,Month-to-month,0.6566459,1,104.86634927988051,C6538
1899.3,26,73.05,Month-to-month,0.15370831,0,291.93819116055965,C6539
2187.8999999999996,34,64.35,One year,0.060509756,0,132.3892956063151,C6540
389.5,19,20.5,Two year,0.01225295,0,4.772524067666382,C6541
1140.0,15,76.0,Month-to-month,0.5392113,1,614.7008514404297,C6542
3394.5,62,54.75,One year,0.035050135,0,118.9776836168021,C6543
4399.5,42,104.75,Month-to-month,0.5949154,1,2617.330258369446,C6544
671.85,9,74.65,Month-to-month,0.36480448,0,245.0938875362277,C6545
1227.6,24,51.15,Month-to-month,0.16453704,0,201.985673224926,C6546
2852.6000000000004,68,41.95,Two year,0.055530343,0,158.40585702583195,C6547
1684.85,31,54.35,Month-to-month,0.07830573,0,131.93340705670417,C6548
56.25,1,56.25,Month-to-month,0.72579753,1,40.826111286878586,C6549
2228.1,21,106.1,Month-to-month,0.6911917,1,1540.0441672325135,C6550
6048.0,63,96.0,One year,0.2146747,0,1298.352563381195,C6551
159.5,2,79.75,Month-to-month,0.724662,1,115.5835899412632,C6552
3748.45,61,61.45,Two year,0.015508925,0,58.13442845777608,C6553
68.65,1,68.65,Month-to-month,0.7832109,1,53.7674264729023,C6554
353.7,18,19.65,One year,0.022846533,0,8.080818716995418,C6555
114.0,6,19.0,One year,0.021539494,0,2.455502361059189,C6556
3300.0,33,100.0,Month-to-month,0.5630688,1,1858.1270635128021,C6557
324.0,16,20.25,Month-to-month,0.138276,0,44.80142265558243,C6558
5527.2,56,98.7,Month-to-month,0.3221646,0,1780.6681501865387,C6559
455.4,23,19.8,One year,0.018977636,0,8.642415649071335,C6560
664.1999999999999,9,73.8,Month-to-month,0.5419858,1,359.98697487115857,C6561
1402.8,14,100.2,Month-to-month,0.70428985,1,987.9778065919876,C6562
1123.5,15,74.9,Month-to-month,0.5406665,1,607.438835889101,C6563
100.25,5,20.05,Month-to-month,0.11739906,0,11.769255688413978,C6564
6478.2,61,106.2,Month-to-month,0.25809848,0,1672.0135931253433,C6565
8158.5,70,116.55,Two year,0.06613949,0,539.5990243703127,C6566
1495.5,15,99.7,Month-to-month,0.68882686,1,1030.1405676305294,C6567
157.6,8,19.7,Two year,0.013219474,0,2.0833890840411184,C6568
156.0,8,19.5,Two year,0.014116806,0,2.2022217325866222,C6569
116.6,4,29.15,Month-to-month,0.27421367,0,31.973314118385314,C6570
1870.0,34,55.0,One year,0.045457534,0,85.00558950006962,C6571
6174.4,68,90.8,Two year,0.019629134,0,121.19812413752078,C6572
2295.0,45,51.0,One year,0.058358263,0,133.93221409991384,C6573
810.9,9,90.1,Month-to-month,0.79182893,1,642.0940796434879,C6574
1299.1,22,59.05,Month-to-month,0.122921765,0,159.68766471743584,C6575
40.6,2,20.3,Month-to-month,0.15443715,0,6.270148473978042,C6576
5106.5,70,72.95,Two year,0.03928623,0,200.61513226665556,C6577
735.5,10,73.55,One year,0.16008565,0,117.74299432337284,C6578
6069.599999999999,72,84.3,Two year,0.014366169,0,87.1969021551311,C6579
3822.0,49,78.0,One year,0.08751631,0,334.4873285293579,C6580
3893.4,54,72.1,One year,0.049860258,0,194.1259271554649,C6581
7579.25,71,106.75,Two year,0.054824248,0,415.5266813226044,C6582
423.5,22,19.25,One year,0.024908964,0,10.548946080729365,C6583
1027.5,50,20.55,Two year,0.010267846,0,10.550212059170008,C6584
860.0,43,20.0,One year,0.019799285,0,17.027384787797928,C6585
1109.25,45,24.65,Two year,0.024184356,0,26.826496351975948,C6586
6624.0,64,103.5,Month-to-month,0.28702945,0,1901.2830448150635,C6587
548.5500000000001,23,23.85,Two year,0.024941621,0,13.68172639058903,C6588
1754.4,68,25.8,Two year,0.013014052,0,22.831852939724925,C6589
70.85,1,70.85,Month-to-month,0.78916675,1,55.912464132905,C6590
139.6,2,69.8,Month-to-month,0.47263002,0,65.97915134429931,C6591
1545.7,26,59.45,One year,0.052783817,0,81.58794601857663,C6592
3000.25,55,54.55,Month-to-month,0.12237028,0,367.1414335463196,C6593
280.7,14,20.05,Month-to-month,0.18123025,0,50.871330338716504,C6594
5861.05,71,82.55,Two year,0.026440466,0,154.9688922108151,C6595
5200.0,64,81.25,One year,0.12352754,0,642.3432171344757,C6596
495.25,7,70.75,Month-to-month,0.30550095,0,151.2993476614356,C6597
4235.099999999999,57,74.3,Two year,0.017620726,0,74.62553480733185,C6598
1223.3,13,94.1,Month-to-month,0.5016743,1,613.6981644272804,C6599
89.1,3,29.7,Month-to-month,0.39157304,0,34.88915801346302,C6600
7898.400000000001,72,109.7,Two year,0.03780613,0,298.6079446613789,C6601
3854.0,40,96.35,Month-to-month,0.33357304,0,1285.590509057045,C6602
932.4,14,66.6,Month-to-month,0.2328721,0,217.12994481325148,C6603
89.0,2,44.5,Month-to-month,0.5239899,1,46.63510251045227,C6604
7319.400000000001,66,110.9,One year,0.11288118,0,826.2225354194642,C6605
3990.0,38,105.0,Month-to-month,0.53085196,1,2118.099321126938,C6606
25.3,1,25.3,Month-to-month,0.70328546,1,17.793122029304506,C6607
1213.3,22,55.15,One year,0.0948016,0,115.02277800068259,C6608
20.1,1,20.1,Month-to-month,0.44228294,0,8.889887192845345,C6609
400.5,5,80.1,Month-to-month,0.67807764,1,271.5700940787792,C6610
2002.45,29,69.05,One year,0.040410206,0,80.91941644772888,C6611
69.9,1,69.9,Month-to-month,0.7579499,1,52.98069722056389,C6612
61.2,3,20.4,Month-to-month,0.14163186,0,8.667869621515274,C6613
1398.7,71,19.7,Two year,0.0099064605,0,13.856166344787926,C6614
450.9,9,50.1,Month-to-month,0.34229156,0,154.33926609456537,C6615
4360.2,43,101.4,Month-to-month,0.6209981,1,2707.6758482336995,C6616
4005.6,48,83.45,One year,0.12527268,0,501.7922323822975,C6617
2252.9,26,86.65,Month-to-month,0.29372925,0,661.7426175534725,C6618
181.35,9,20.15,Month-to-month,0.15858875,0,28.760070202499627,C6619
80.8,1,80.8,Month-to-month,0.87838966,1,70.97388424873351,C6620
892.4,46,19.4,Two year,0.011398022,0,10.171594889089464,C6621
124.1,2,62.05,Month-to-month,0.33303067,0,41.329106256365776,C6622
76.45,1,76.45,Month-to-month,0.88449603,1,67.61972173750401,C6623
3843.2,64,60.05,Two year,0.019509591,0,74.97926075458527,C6624
1095.6,12,91.3,Month-to-month,0.7657642,1,838.9712321519851,C6625
574.5,6,95.75,Month-to-month,0.7252028,1,416.629007935524,C6626
1200.65,59,20.35,One year,0.022343423,0,26.82663108613342,C6627
658.35,7,94.05,One year,0.4965545,0,326.9066510617733,C6628
6055.2,72,84.1,Two year,0.02545586,0,154.14032602161168,C6629
1260.0,16,78.75,Month-to-month,0.50454074,1,635.7213342189789,C6630
1388.75,25,55.55,Month-to-month,0.114892244,0,159.55660432577133,C6631
2130.1,34,62.65,Month-to-month,0.15575846,0,331.78108583837746,C6632
74.5,1,74.5,Month-to-month,0.83548087,1,62.24332472681999,C6633
1021.0,10,102.1,Month-to-month,0.727124,1,742.3935792446136,C6634
482.4,24,20.1,One year,0.020310277,0,9.797677682340145,C6635
703.0,10,70.3,One year,0.10745744,0,75.54257794469595,C6636
3701.85,69,53.65,One year,0.048091892,0,178.0289709666744,C6637
1182.75,57,20.75,Two year,0.011459324,0,13.5535149613861,C6638
5170.0,50,103.4,One year,0.28212687,0,1458.59593719244,C6639
1422.4,28,50.8,One year,0.046325203,0,65.89296879172325,C6640
802.4,16,50.15,Month-to-month,0.32012504,0,256.86833481788636,C6641
1975.0,25,79.0,Month-to-month,0.08038995,0,158.77014473080635,C6642
223.8,3,74.6,Month-to-month,0.51092076,1,114.3440667629242,C6643
5886.5,61,96.5,One year,0.17405035,0,1024.5473618283868,C6644
40.2,2,20.1,Month-to-month,0.15257709,0,6.133598908782005,C6645
989.4,51,19.4,One year,0.018429048,0,18.233700446784496,C6646
5506.05,71,77.55,Two year,0.024170985,0,133.0866544115357,C6647
401.0,20,20.05,Month-to-month,0.07855358,0,31.499985478818417,C6648
119.1,6,19.85,Month-to-month,0.116258666,0,13.846407110989093,C6649
121.2,6,20.2,Month-to-month,0.12018923,0,14.566934332251549,C6650
1956.05,29,67.45,Month-to-month,0.07381359,0,144.38306768685578,C6651
667.8000000000001,36,18.55,Two year,0.020355199,0,13.593201579898597,C6652
833.0,28,29.75,Month-to-month,0.2448798,0,203.98487098515034,C6653
605.5,7,86.5,Month-to-month,0.81790006,1,495.238487303257,C6654
1524.6,63,24.2,Two year,0.018667908,0,28.461093124374745,C6655
1130.4,48,23.55,Two year,0.020798089,0,23.510159786045552,C6656
1002.05,49,20.45,One year,0.022239013,0,22.28460261961445,C6657
2199.15,27,81.45,Month-to-month,0.48570967,0,1068.1484146356584,C6658
6645.599999999999,72,92.3,Two year,0.014740673,0,97.96061578318476,C6659
69.15,1,69.15,Month-to-month,0.82509774,1,57.05550870001316,C6660
3862.8,72,53.65,Two year,0.02181618,0,84.2715368449688,C6661
1863.55,47,39.65,One year,0.04463728,0,83.1838058417663,C6662
54.65,1,54.65,Month-to-month,0.6680685,1,36.509945064783096,C6663
3772.8,36,104.8,One year,0.2712014,0,1023.1886492729187,C6664
1259.9,43,29.3,Month-to-month,0.25490022,0,321.14878346920017,C6665
2263.95,27,83.85,Month-to-month,0.25674167,0,581.2503100320696,C6666
715.9499999999999,9,79.55,Month-to-month,0.59920347,1,428.99972246289246,C6667
3938.7,38,103.65,Month-to-month,0.50344,1,1982.8992164969443,C6668
3466.75,35,99.05,Month-to-month,0.4673737,0,1620.2677708342671,C6669
0.0,0,73.35,Two year,0.03942823,0,0.0,C6670
5902.95,59,100.05,Two year,0.05561988,0,328.3213739342987,C6671
549.45,27,20.35,Two year,0.011767757,0,6.465794152440504,C6672
87.9,2,43.95,Month-to-month,0.46004102,0,40.43760533630848,C6673
164.5,7,23.5,Month-to-month,0.13919275,0,22.89720656722784,C6674
2545.2000000000003,36,70.7,One year,0.08937736,0,227.48325299620632,C6675
3866.3,41,94.3,Month-to-month,0.23353347,0,902.9104621082545,C6676
378.95,13,29.15,Month-to-month,0.38236204,0,144.89609426110982,C6677
396.15,19,20.85,Two year,0.012773022,0,5.060032687336206,C6678
2262.0,60,37.7,Two year,0.015672915,0,35.452133014798164,C6679
4584.0,48,95.5,Two year,0.060888827,0,279.1143822669983,C6680
273.15,3,91.05,Month-to-month,0.7463869,1,203.8755778133869,C6681
6379.05,69,92.45,Two year,0.02338163,0,149.15258658835666,C6682
1898.45,43,44.15,One year,0.064401865,0,122.2637206196785,C6683
396.5499999999999,11,36.05,One year,0.06593333,0,26.145862744003527,C6684
2261.25,45,50.25,Month-to-month,0.18021698,0,407.5156527198851,C6685
7902.0,72,109.75,Two year,0.04845972,0,382.92870638519526,C6686
158.4,2,79.2,Month-to-month,0.7151478,1,113.27941045761109,C6687
243.6,12,20.3,Two year,0.016738016,0,4.077380736172199,C6688
7527.45,67,112.35,One year,0.08137237,0,612.5264676790684,C6689
3489.1,37,94.3,Two year,0.038645655,0,134.83855457007886,C6690
1604.85,39,41.15,One year,0.04048505,0,64.97243334185332,C6691
3060.65,41,74.65,Month-to-month,0.10448548,0,319.7934904143214,C6692
1206.25,25,48.25,Month-to-month,0.2818389,0,339.9681657552719,C6693
609.2,8,76.15,Two year,0.025029408,0,15.24791524037719,C6694
5048.099999999999,71,71.1,Two year,0.017976923,0,90.74930456411093,C6695
482.75,5,96.55,Month-to-month,0.588078,1,283.89466512203217,C6696
2379.0,30,79.3,One year,0.10200777,0,242.676482565701,C6697
3584.0,40,89.6,One year,0.14304517,0,512.6738967895508,C6698
1107.0,54,20.5,Two year,0.012165311,0,13.46699904743582,C6699
7653.599999999999,72,106.3,Two year,0.06835138,0,523.1341260015964,C6700
2809.7999999999997,28,100.35,One year,0.17348139,0,487.4480092853307,C6701
1540.8,18,85.6,Month-to-month,0.38356775,0,591.0011898994445,C6702
90.5,2,45.25,Month-to-month,0.78432095,1,70.98104602098465,C6703
6262.85,59,106.15,One year,0.30123502,0,1886.5897460132837,C6704
1124.2,22,51.1,Month-to-month,0.25143898,0,282.66769607067107,C6705
19.9,1,19.9,Month-to-month,0.37695253,0,7.501355326175689,C6706
1850.4,72,25.7,Two year,0.017634125,0,32.63018568903208,C6707
1040.2,14,74.3,Month-to-month,0.6656089,1,692.3663599967957,C6708
4970.0,50,99.4,One year,0.25128442,0,1248.8835698366165,C6709
3345.6000000000004,48,69.7,One year,0.0443249,0,148.29338863492015,C6710
4819.15,49,98.35,Month-to-month,0.49725145,0,2396.329330161214,C6711
2392.6,28,85.45,Month-to-month,0.39541566,0,946.0715170145035,C6712
6521.200000000001,68,95.9,Month-to-month,0.2968872,0,1936.0607378840448,C6713
1309.75,13,100.75,Month-to-month,0.5246847,1,687.2058214396238,C6714
981.2,11,89.2,Month-to-month,0.7447839,1,730.7819414138794,C6715
222.3,3,74.1,Month-to-month,0.6863709,1,152.5802531182766,C6716
5734.2,57,100.6,Month-to-month,0.5151603,1,2954.032319498062,C6717
225.0,3,75.0,Month-to-month,0.61864185,1,139.1944169998169,C6718
1854.0,72,25.75,Two year,0.011305154,0,20.959756074473262,C6719
5887.0,70,84.1,Two year,0.034788895,0,204.80222721025348,C6720
3885.7,49,79.3,Two year,0.025202677,0,97.93004067391156,C6721
7172.349999999999,67,107.05,One year,0.14529057,0,1042.0748087726533,C6722
922.3,46,20.05,Two year,0.011974912,0,11.044461463764309,C6723
4492.8,64,70.2,Two year,0.08339456,0,374.67506675720216,C6724
721.5,37,19.5,Month-to-month,0.113191165,0,81.66742556914687,C6725
141.5,2,70.75,Month-to-month,0.52430075,1,74.1885567009449,C6726
588.9,13,45.3,Month-to-month,0.5926488,1,349.0108807861805,C6727
8290.800000000001,72,115.15,Two year,0.032793477,0,271.8841605842114,C6728
4960.6,68,72.95,Two year,0.04956344,0,245.8644075356424,C6729
294.75,15,19.65,One year,0.022510407,0,6.634942608419806,C6730
469.2000000000001,24,19.55,Two year,0.018715423,0,8.781276284158231,C6731
2149.2,24,89.55,Month-to-month,0.46728715,0,1004.2935492396354,C6732
1359.45,27,50.35,Month-to-month,0.11712541,0,159.2261343576014,C6733
603.0,12,50.25,Month-to-month,0.16827177,0,101.46787436306477,C6734
6194.75,71,87.25,Two year,0.011012719,0,68.22104110452347,C6735
1393.6,67,20.8,Two year,0.010229148,0,14.255340611934662,C6736
6882.75,63,109.25,Two year,0.07662244,0,527.3731086216867,C6737
20.35,1,20.35,Month-to-month,0.36211812,0,7.3691038429737095,C6738
223.6,4,55.9,Month-to-month,0.45204186,0,101.07656087875365,C6739
3168.0,40,79.2,Month-to-month,0.26242116,0,831.3502378463745,C6740
1152.0,12,96.0,Month-to-month,0.67731553,1,780.2674942016602,C6741
4118.400000000001,52,79.2,Two year,0.034809213,0,143.35826336145402,C6742
240.0,10,24.0,Month-to-month,0.21109523,0,50.66285490989685,C6743
6891.799999999999,68,101.35,One year,0.09674406,0,666.740716266632,C6744
5405.4,54,100.1,Month-to-month,0.5367525,1,2901.3620823740957,C6745
226.0,4,56.5,Month-to-month,0.22875439,0,51.69849130511284,C6746
1843.4,52,35.45,One year,0.041576765,0,76.6426094815135,C6747
85.0,1,85.0,Month-to-month,0.8882578,1,75.50191313028336,C6748
5558.0,70,79.4,One year,0.08982557,0,499.2505213022232,C6749
1513.6,43,35.2,One year,0.049717356,0,75.25218931436538,C6750
1021.8,52,19.65,Two year,0.011011052,0,11.251092877797783,C6751
598.2,12,49.85,Two year,0.02366297,0,14.155188336968424,C6752
3850.0,56,68.75,One year,0.044715483,0,172.1546085551381,C6753
0.0,0,61.9,Two year,0.030329319,0,0.0,C6754
3355.8,42,79.9,Month-to-month,0.3840609,0,1288.8315329253674,C6755
1974.5,22,89.75,Month-to-month,0.49493378,0,977.2467565238476,C6756
3024.2999999999997,51,59.3,One year,0.1757066,0,531.3894558101892,C6757
523.8,27,19.4,Month-to-month,0.108531356,0,56.848724198341365,C6758
4776.150000000001,51,93.65,One year,0.1424255,0,680.2455867245794,C6759
197.6,4,49.4,Month-to-month,0.30119225,0,59.515589356422424,C6760
19.9,1,19.9,Month-to-month,0.4390313,0,8.736722928285598,C6761
1925.0,35,55.0,Month-to-month,0.21010916,0,404.46013174951077,C6762
5175.900000000001,71,72.9,One year,0.08200861,0,424.46835251972084,C6763
69.2,1,69.2,Month-to-month,0.8267282,1,57.20959315299988,C6764
1766.4,69,25.6,Two year,0.013812625,0,24.398620533943177,C6765
276.5,14,19.75,One year,0.025224896,0,6.974683784879744,C6766
3174.9,57,55.7,Month-to-month,0.09032443,0,286.7710380703211,C6767
8460.0,72,117.5,Two year,0.033522,0,283.5961087793112,C6768
952.8,48,19.85,Two year,0.012066869,0,11.497312845289706,C6769
315.6,4,78.9,Month-to-month,0.61759484,1,194.91293091773989,C6770
640.15,31,20.65,Month-to-month,0.0867846,0,55.55516246557236,C6771
2367.4,38,62.3,One year,0.09199677,0,217.79314531236886,C6772
3422.5,37,92.5,Month-to-month,0.52936995,1,1811.7686548829079,C6773
19.65,1,19.65,Month-to-month,0.33091357,0,6.502451719343662,C6774
4545.75,57,79.75,Two year,0.06892259,0,313.3048486690968,C6775
4956.900000000001,62,79.95,Two year,0.043055993,0,213.4242495875806,C6776
89.69999999999999,3,29.9,Month-to-month,0.5472812,1,49.091124147176735,C6777
1422.0,72,19.75,Two year,0.01409797,0,20.047313310205936,C6778
1305.0,29,45.0,Month-to-month,0.14636378,0,191.00473277270794,C6779
582.4,13,44.8,Month-to-month,0.19327839,0,112.56533269882202,C6780
208.95,3,69.65,Month-to-month,0.48438507,0,101.21226104199886,C6781
562.1,11,51.1,Month-to-month,0.267157,0,150.16894316971303,C6782
1116.15,21,53.15,Two year,0.04013651,0,44.798364122584466,C6783
469.3,19,24.7,Month-to-month,0.10671745,0,50.0825004145503,C6784
6807.599999999999,61,111.6,Two year,0.0686356,0,467.24369575381274,C6785
534.05,11,48.55,Month-to-month,0.16766076,0,89.53922775611281,C6786
3848.25,35,109.95,Month-to-month,0.30452964,0,1171.9061759635806,C6787
520.0,25,20.8,Month-to-month,0.062178824,0,32.332988530397415,C6788
20.2,1,20.2,Month-to-month,0.4570508,0,9.232426166534424,C6789
1715.2,67,25.6,Two year,0.014765938,0,25.326536536216736,C6790
753.35,19,39.65,Month-to-month,0.5634863,1,424.5023875743151,C6791
1394.4,56,24.9,One year,0.08144401,0,113.56552773714067,C6792
7804.8,72,108.4,Two year,0.055808853,0,435.57693868875504,C6793
840.65,43,19.55,Two year,0.012372988,0,10.401352594373748,C6794
4680.5,55,85.1,Month-to-month,0.18631975,0,872.0696063861251,C6795
113.4,2,56.7,Month-to-month,0.22871695,0,25.936502650380135,C6796
1864.35,27,69.05,Month-to-month,0.29116172,0,542.8273451954126,C6797
911.95,13,70.15,Month-to-month,0.42496714,0,387.5487832859159,C6798
7780.5,70,111.15,Two year,0.07561641,0,588.333492513746,C6799
1483.3,14,105.95,One year,0.19997357,0,296.62079388946296,C6800
1697.65,19,89.35,One year,0.16206372,0,275.12747059464454,C6801
1782.0,20,89.1,Month-to-month,0.40530118,0,722.2467089295387,C6802
3923.75,43,91.25,One year,0.061664205,0,241.9549245433882,C6803
451.75,5,90.35,Month-to-month,0.5765471,1,260.4551462084055,C6804
7388.5,70,105.55,One year,0.1265415,0,934.951838195324,C6805
764.0,40,19.1,Two year,0.015858112,0,12.115597493946552,C6806
122.4,6,20.4,Two year,0.015576311,0,1.9065405137836935,C6807
3917.55,39,100.45,Two year,0.09676204,0,379.0701249729842,C6808
299.8,4,74.95,Month-to-month,0.64562976,1,193.5598031282425,C6809
445.5,15,29.7,Month-to-month,0.44410792,0,197.85007832944393,C6810
50.35,1,50.35,Month-to-month,0.7711026,1,38.825016275048256,C6811
3856.5,45,85.7,Month-to-month,0.19628645,0,756.9787129238248,C6812
3062.4,64,47.85,Two year,0.08735274,0,267.5090241909027,C6813
5358.0,57,94.0,Month-to-month,0.23886703,0,1279.8495443165302,C6814
5029.2,72,69.85,Two year,0.028135896,0,141.5010468006134,C6815
70.3,1,70.3,Month-to-month,0.7711751,1,54.21360858082771,C6816
1861.2,72,25.85,Two year,0.011460588,0,21.330446969345214,C6817
213.3,3,71.1,Two year,0.022396179,0,4.777104962803423,C6818
5434.0,55,98.8,Month-to-month,0.4300607,0,2336.949922502041,C6819
5507.65,59,93.35,Month-to-month,0.22278436,0,1227.0182543732226,C6820
1797.3,18,99.85,Month-to-month,0.61046857,1,1097.1951544225215,C6821
2569.6,32,80.3,Month-to-month,0.43080446,0,1106.9951436042786,C6822
202.2,4,50.55,Month-to-month,0.25917614,0,52.40541450977325,C6823
5309.7,66,80.45,Month-to-month,0.23358808,0,1240.2826526865363,C6824
2195.1,27,81.3,Month-to-month,0.49833277,0,1093.8902605265378,C6825
82.8,4,20.7,Month-to-month,0.14172599,0,11.734911739826202,C6826
4743.0,60,79.05,Month-to-month,0.062273033,0,295.36099534481764,C6827
152.4,8,19.05,Two year,0.016561942,0,2.52403998747468,C6828
156.8,8,19.6,Two year,0.013315447,0,2.087862038612366,C6829
707.0,35,20.2,Two year,0.012707217,0,8.984002182260156,C6830
607.6,7,86.8,Month-to-month,0.8084378,1,491.206822013855,C6831
1107.6999999999998,53,20.9,Two year,0.0117117,0,12.973049966059623,C6832
1864.8,18,103.6,Month-to-month,0.6306511,1,1176.0382018089294,C6833
582.0,15,38.8,Two year,0.03108042,0,18.088803973048925,C6834
5922.8,67,88.4,One year,0.073480986,0,435.2131842285395,C6835
505.2000000000001,6,84.2,Month-to-month,0.725562,1,366.55391049385076,C6836
478.2000000000001,6,79.7,Month-to-month,0.69173807,1,330.78914462327964,C6837
1287.0,13,99.0,Month-to-month,0.6320745,1,813.4798496961594,C6838
1108.25,11,100.75,Month-to-month,0.8122955,1,900.2264839559793,C6839
19.3,1,19.3,Month-to-month,0.32856146,0,6.341236081719399,C6840
278.75,5,55.75,Month-to-month,0.20798877,0,57.9768693074584,C6841
259.34999999999997,13,19.95,One year,0.030092869,0,7.8045855632051815,C6842
825.75,9,91.75,Month-to-month,0.4637075,0,382.90647362172604,C6843
2599.8500000000004,29,89.65,Month-to-month,0.22224069,0,577.7924485802652,C6844
45.85,1,45.85,Month-to-month,0.6607897,1,30.29720903635025,C6845
79.55,1,79.55,Month-to-month,0.8633569,1,68.6800404638052,C6846
1007.1,18,55.95,Month-to-month,0.2221372,0,223.71437195688486,C6847
138.0,2,69.0,Month-to-month,0.3009434,0,41.53018981218338,C6848
2506.5,30,83.55,Month-to-month,0.2891636,0,724.7885370254517,C6849
4336.2,66,65.7,Two year,0.02165046,0,93.88072299286723,C6850
3606.2,38,94.9,Two year,0.051847626,0,186.9729071639478,C6851
2723.6,44,61.9,Month-to-month,0.0824235,0,224.48864655196667,C6852
5999.4,54,111.1,Month-to-month,0.39551964,0,2372.880552345514,C6853
40.0,2,20.0,Month-to-month,0.14844309,0,5.937723517417908,C6854
2843.4,42,67.7,One year,0.071702614,0,203.87921386063098,C6855
1458.6999999999998,58,25.15,Two year,0.014163441,0,20.660211422760035,C6856
5385.299999999999,58,92.85,Month-to-month,0.28414762,0,1530.220179069042,C6857
2227.5,25,89.1,Month-to-month,0.52866757,1,1177.6070103049278,C6858
7902.3,71,111.3,Two year,0.023548556,0,186.0877579646185,C6859
3770.3,37,101.9,Month-to-month,0.45049927,0,1698.517384055257,C6860
1283.1,14,91.65,Month-to-month,0.651708,1,836.2065436005591,C6861
355.4,4,88.85,Month-to-month,0.85322,1,303.23438301086424,C6862
2908.8,48,60.6,One year,0.043017816,0,125.13022259473802,C6863
75.9,3,25.3,Month-to-month,0.56637377,1,42.987768799066544,C6864
524.0,8,65.5,Two year,0.02771418,0,14.522230230271816,C6865
95.45,1,95.45,Month-to-month,0.89415365,1,85.34696632921695,C6866
1336.65,67,19.95,Two year,0.0105145695,0,14.054299280466513,C6867
1184.3,13,91.1,Month-to-month,0.6965679,1,824.9453557133675,C6868
2436.75,45,54.15,One year,0.07197876,0,175.39425012096763,C6869
3655.4,49,74.6,Month-to-month,0.35252845,0,1288.632506632805,C6870
4919.2,52,94.6,Month-to-month,0.27922857,0,1373.5811720848083,C6871
5112.450000000001,63,81.15,One year,0.049026407,0,250.64505600817506,C6872
6055.4,68,89.05,Two year,0.018316682,0,110.91483877524733,C6873
1525.2,31,49.2,Month-to-month,0.15124162,0,230.67371183037758,C6874
1244.8,64,19.45,Two year,0.013669777,0,17.016138073801994,C6875
6466.599999999999,62,104.3,One year,0.18529248,0,1198.2123665332792,C6876
69.7,1,69.7,Month-to-month,0.759923,1,52.966631793975836,C6877
537.0,6,89.5,Month-to-month,0.7355332,1,394.98131650686264,C6878
1807.05,21,86.05,Month-to-month,0.470594,0,850.386867633462,C6879
1814.4,72,25.2,Two year,0.011969549,0,21.717549070715904,C6880
1124.8,32,35.15,Month-to-month,0.16755116,0,188.46154460906982,C6881
7075.150000000001,71,99.65,One year,0.051907714,0,367.25486593563113,C6882
3581.8999999999996,34,105.35,Month-to-month,0.2746759,0,983.8616266429424,C6883
105.45,3,35.15,Month-to-month,0.7162575,1,75.52935470044613,C6884
885.0,12,73.75,Month-to-month,0.47475138,0,420.15497401356697,C6885
810.8,8,101.35,Month-to-month,0.7881996,1,639.0722385644913,C6886
850.5,35,24.3,Two year,0.020826153,0,17.712643515318632,C6887
242.1,3,80.7,Month-to-month,0.6487442,1,157.06097699403762,C6888
269.54999999999995,3,89.85,Month-to-month,0.65103745,1,175.48714588880537,C6889
3238.3,53,61.1,One year,0.09107127,0,294.91609495654706,C6890
116.2,4,29.05,Month-to-month,0.40381122,0,46.92286334037781,C6891
4785.6,48,99.7,One year,0.17734535,0,848.7039088010789,C6892
335.4,6,55.9,Month-to-month,0.2426524,0,81.38561540544032,C6893
317.70000000000005,3,105.9,Month-to-month,0.86185837,1,273.8124034881592,C6894
2484.0,54,46.0,Two year,0.022901569,0,56.887496307492256,C6895
43.95,1,43.95,Month-to-month,0.56547326,1,24.85254971086979,C6896
4984.8,62,80.4,Month-to-month,0.05736359,0,285.94601527154447,C6897
2201.1,22,100.05,One year,0.23179668,0,510.20767648816104,C6898
45.1,1,45.1,Month-to-month,0.6229487,1,28.094986647367477,C6899
4794.0,51,94.0,One year,0.2311574,0,1108.1686099469662,C6900
2068.5,30,68.95,One year,0.06419446,0,132.78624711558223,C6901
3833.2,56,68.45,One year,0.05556643,0,212.99723982810974,C6902
2415.0,35,69.0,One year,0.08074782,0,195.0059863552451,C6903
2806.4,64,43.85,Month-to-month,0.23549858,0,660.9032074928284,C6904
1335.0,30,44.5,Month-to-month,0.24848892,0,331.7327054589987,C6905
467.5,25,18.7,Two year,0.021670118,0,10.130780152976513,C6906
2880.25,41,70.25,Month-to-month,0.3309636,0,953.2579423189163,C6907
498.15,9,55.35,Month-to-month,0.4081885,0,203.33909731954336,C6908
53.55,1,53.55,Month-to-month,0.41269025,0,22.099562998116014,C6909
8022.0,70,114.6,Two year,0.0626742,0,502.772448644042,C6910
1145.7,57,20.1,Two year,0.014018955,0,16.061516410298648,C6911
769.5,9,85.5,Month-to-month,0.7934712,1,610.5761016011238,C6912
7503.75,69,108.75,One year,0.093750335,0,703.4790783282369,C6913
4429.0,43,103.0,Month-to-month,0.61931086,1,2742.9277806282043,C6914
7045.2,72,97.85,Two year,0.07425956,0,523.1734297782183,C6915
860.2,44,19.55,Two year,0.011959058,0,10.287181891687215,C6916
6051.599999999999,72,84.05,Two year,0.019435853,0,117.61800659894942,C6917
3423.75,33,103.75,One year,0.39627963,0,1356.7623936384916,C6918
4827.6,54,89.4,Month-to-month,0.2619258,0,1264.4729280352594,C6919
531.9,27,19.7,Two year,0.01210473,0,6.438505951780826,C6920
4311.9,54,79.85,Month-to-month,0.3153678,0,1359.8343654066323,C6921
223.35,3,74.45,Month-to-month,0.3928105,0,87.73422376960515,C6922
3927.3,53,74.1,One year,0.096020065,0,377.09960224851966,C6923
69.35,1,69.35,Month-to-month,0.82509774,1,57.22052824795246,C6924
282.0,15,18.8,One year,0.02225167,0,6.27497074753046,C6925
4135.599999999999,56,73.85,Month-to-month,0.34057966,0,1408.5012367129325,C6926
322.0,5,64.4,Month-to-month,0.15619688,0,50.29539451003075,C6927
2678.3999999999996,48,55.8,One year,0.081065044,0,217.1246133327484,C6928
501.25,25,20.05,Month-to-month,0.07133009,0,35.754209039732814,C6929
225.45,3,75.15,Month-to-month,0.6522394,1,147.04736873209475,C6930
5750.700000000001,58,99.15,One year,0.20240507,0,1163.9708090096713,C6931
567.5,10,56.75,Month-to-month,0.28346315,0,160.86533777415752,C6932
69.6,1,69.6,Month-to-month,0.82509774,1,57.426802682876584,C6933
7394.650000000001,71,104.15,Two year,0.0830156,0,613.8712943885475,C6934
7202.0,65,110.8,Two year,0.039630905,0,285.4217763245106,C6935
400.75,5,80.15,Month-to-month,0.7742491,1,310.28031754493713,C6936
1001.0,28,35.75,Month-to-month,0.17361693,0,173.790547773242,C6937
4683.3,67,69.9,Two year,0.04355354,0,203.97428742125632,C6938
3122.0,35,89.2,One year,0.16703798,0,521.4925697147846,C6939
4006.8,72,55.65,Two year,0.016987156,0,68.06413715332747,C6940
3092.7000000000003,61,50.7,One year,0.049360912,0,152.65849344916643,C6941
1360.0,68,20.0,Two year,0.013569315,0,18.454268351197243,C6942
30.5,1,30.5,Month-to-month,0.52474916,1,16.00484937429428,C6943
57.3,3,19.1,Month-to-month,0.15200959,0,8.710149590671062,C6944
6881.0,70,98.3,Two year,0.048273128,0,332.1673905067146,C6945
2186.3999999999996,48,45.55,Month-to-month,0.14483668,0,316.6709151864051,C6946
6871.4,68,101.05,One year,0.15209253,0,1045.088619735837,C6947
4873.900000000001,47,103.7,One year,0.29927474,0,1458.6351679742338,C6948
1160.0,32,36.25,One year,0.054713767,0,63.46796974539757,C6949
247.0,5,49.4,Month-to-month,0.2411913,0,59.57425054907799,C6950
975.1,49,19.9,Two year,0.014387684,0,14.029430612735451,C6951
5155.200000000001,48,107.4,Month-to-month,0.51591504,1,2659.645194625855,C6952
1066.0,13,82.0,Month-to-month,0.7385425,1,787.2863019704819,C6953
297.0,15,19.8,Month-to-month,0.1295434,0,38.47438797354698,C6954
540.5999999999999,12,45.05,Month-to-month,0.33166143,0,179.29617066979407,C6955
4324.849999999999,67,64.55,Two year,0.023927921,0,103.48467099340631,C6956
776.25,9,86.25,Month-to-month,0.51520056,1,399.9244310706854,C6957
256.75,13,19.75,Two year,0.017440466,0,4.477839699480683,C6958
3385.7999999999997,38,89.1,One year,0.20297532,0,687.233831128478,C6959
4013.1,42,95.55,Month-to-month,0.43452528,0,1743.7934059470892,C6960
1809.6,24,75.4,Month-to-month,0.37966552,0,687.042731809616,C6961
2733.75,27,101.25,Month-to-month,0.5363598,1,1466.2735676765442,C6962
923.4,9,102.6,Month-to-month,0.67173177,1,620.2771164536476,C6963
2758.7,49,56.3,One year,0.10107153,0,278.8260273016989,C6964
5746.2,61,94.2,Month-to-month,0.08894197,0,511.07834213823077,C6965
2152.5,50,43.05,One year,0.049506195,0,106.56208449974656,C6966
2237.5,25,89.5,Month-to-month,0.6182322,1,1383.2945264875889,C6967
1636.8000000000002,22,74.4,Month-to-month,0.4190056,0,685.828370332718,C6968
20.5,1,20.5,Month-to-month,0.388679,0,7.9679194539785385,C6969
297.4,4,74.35,Month-to-month,0.7262666,1,215.9916935443878,C6970
1795.5,18,99.75,Month-to-month,0.6637004,1,1191.6740714013577,C6971
6269.2,56,111.95,One year,0.30572334,0,1916.6407588601112,C6972
4982.0,53,94.0,One year,0.18655893,0,929.4365995526314,C6973
5041.349999999999,51,98.85,One year,0.3171189,0,1598.7074317261574,C6974
1544.4,24,64.35,Two year,0.032270867,0,49.83912757784128,C6975
4464.0,62,72.0,Two year,0.018009402,0,80.3939698934555,C6976
1192.8000000000002,24,49.7,Month-to-month,0.20905717,0,249.36338900327686,C6977
5649.0,70,80.7,Two year,0.042815782,0,241.86635325103998,C6978
24.2,1,24.2,Month-to-month,0.57949585,1,14.02379950284958,C6979
624.0,16,39.0,Month-to-month,0.4372841,0,272.8652858734131,C6980
523.6,8,65.45,Month-to-month,0.3566966,0,186.76634273529052,C6981
5353.2,72,74.35,Two year,0.026382137,0,141.22885627001523,C6982
1913.6,23,83.2,Month-to-month,0.21634889,0,414.0052291870117,C6983
775.0,31,25.0,Month-to-month,0.13503751,0,104.65407148003578,C6984
1487.4,37,40.2,One year,0.0500494,0,74.44348026663066,C6985
2823.0,30,94.1,Month-to-month,0.35772812,0,1009.8664931058884,C6986
3792.25,35,108.35,One year,0.27803075,0,1054.3621235787868,C6987
1598.5,23,69.5,Month-to-month,0.118354246,0,189.18926226347685,C6988
1520.0,20,76.0,One year,0.0951226,0,144.58634912967682,C6989
3369.6,36,93.6,Month-to-month,0.28963453,0,975.9524980545044,C6990
765.2,8,95.65,Month-to-month,0.7531889,1,576.3401524782181,C6991
7139.05,71,100.55,One year,0.08529151,0,608.9003709603102,C6992
4402.5,50,88.05,Month-to-month,0.49501938,0,2179.3228040635586,C6993
1051.35,43,24.45,One year,0.03692742,0,38.82364369612187,C6994
5104.349999999999,57,89.55,Two year,0.033165175,0,169.2866633987054,C6995
2726.5,41,66.5,One year,0.12372304,0,337.3308618552983,C6996
2054.7,27,76.1,Month-to-month,0.34183693,0,702.3723386764526,C6997
1046.5,13,80.5,Month-to-month,0.5553416,1,581.1649858355522,C6998
106.35,3,35.45,Month-to-month,0.4866457,0,51.754770040512085,C6999
1376.85,67,20.55,One year,0.032074388,0,44.16162127833813,C7000
149.7,3,49.9,Month-to-month,0.3435793,0,51.43382005691528,C7001
6745.6,64,105.4,Two year,0.06322658,0,426.50122222900393,C7002
929.5,26,35.75,Month-to-month,0.13765588,0,127.95114420354366,C7003
3613.8,38,95.1,Month-to-month,0.34736377,0,1255.3031920552255,C7004
443.9,23,19.3,One year,0.01866535,0,8.28554847035557,C7005
4180.0,40,104.5,Month-to-month,0.46777984,0,1955.3197520971298,C7006
4543.2,72,63.1,Two year,0.02816919,0,127.97826633006333,C7007
225.15,3,75.05,Month-to-month,0.68069094,1,153.2575660854578,C7008
1863.0,23,81.0,Month-to-month,0.48350877,0,900.7768304944038,C7009
74.45,1,74.45,Month-to-month,0.8434573,1,62.795394614338875,C7010
241.6,4,60.4,Month-to-month,0.19501063,0,47.11456875801086,C7011
5266.900000000001,62,84.95,Two year,0.042807814,0,225.4644741546363,C7012
3736.0,40,93.4,Month-to-month,0.32877648,0,1228.3089246749878,C7013
3657.2,41,89.2,Month-to-month,0.4637833,0,1696.1482626795769,C7014
2896.8,34,85.2,Month-to-month,0.3405015,0,986.3647082805634,C7015
49.95,1,49.95,Month-to-month,0.4258195,0,21.26968334466219,C7016
1053.15,51,20.65,Two year,0.011586872,0,12.202714172517881,C7017
70.65,1,70.65,Month-to-month,0.7299432,1,51.570488199591644,C7018
785.8499999999999,39,20.15,Two year,0.011741823,0,9.227311278786509,C7019
230.4,12,19.2,Month-to-month,0.13618541,0,31.377117919921876,C7020
717.5999999999999,12,59.8,One year,0.17668855,0,126.79170484542846,C7021
7556.400000000001,72,104.95,One year,0.15897425,0,1201.2729863584043,C7022
6520.5,63,103.5,Month-to-month,0.44997028,0,2934.031179204583,C7023
3731.2,44,84.8,Month-to-month,0.29292154,0,1092.9488616943358,C7024
1710.9,18,95.05,Month-to-month,0.38923213,0,665.9372492641211,C7025
397.8,9,44.2,Month-to-month,0.2843969,0,113.13308157920838,C7026
953.55,13,73.35,Month-to-month,0.13213247,0,125.99491734802723,C7027
4358.799999999999,68,64.1,Two year,0.017685007,0,77.08540983647107,C7028
266.4,6,44.4,Month-to-month,0.6395589,1,170.378493976593,C7029
40.1,2,20.05,Month-to-month,0.17149659,0,6.877013058960438,C7030
3300.0,55,60.0,One year,0.04870109,0,160.7135932892561,C7031
75.75,1,75.75,Month-to-month,0.8797825,1,66.64352421462536,C7032
2641.0,38,69.5,Month-to-month,0.3091321,0,816.4178738594055,C7033
6897.650000000001,67,102.95,Month-to-month,0.32636893,0,2251.178635913134,C7034
1495.3,19,78.7,Month-to-month,0.37861797,0,566.1474537342787,C7035
727.8,12,60.65,One year,0.17672572,0,128.62097566723824,C7036
1522.8,72,21.15,Two year,0.013432817,0,20.455493121966718,C7037
2035.2,24,84.8,One year,0.10945789,0,222.7686930656433,C7038
7430.400000000001,72,103.2,One year,0.10766037,0,799.959599018097,C7039
325.6,11,29.6,Month-to-month,0.37175366,0,121.04299261569977,C7040
297.6,4,74.4,Month-to-month,0.69218224,1,205.99343547821047,C7041
6972.900000000001,66,105.65,Two year,0.099658966,0,694.9120044708252,C7042
